[07Jan2026 20:58:30.216] [main/INFO] [cpw.mods.modlauncher.Launcher/MODLAUNCHER]: ModLauncher running: args [--launchTarget, forgeserver, --fml.forgeVersion, 47.3.7, --fml.mcVersion, 1.20.1, --fml.forgeGroup, net.minecraftforge, --fml.mcpVersion, 20230612.114412, nogui]
[07Jan2026 20:58:30.220] [main/INFO] [cpw.mods.modlauncher.Launcher/MODLAUNCHER]: ModLauncher 10.0.9+10.0.9+main.dcd20f30 starting: java version 17.0.17 by Ubuntu; OS Linux arch amd64 version 6.8.0-1030-azure
[07Jan2026 20:58:30.241] [main/DEBUG] [cpw.mods.modlauncher.LaunchServiceHandler/MODLAUNCHER]: Found launch services [fmlclientdev,forgeclient,minecraft,forgegametestserverdev,fmlserveruserdev,fmlclient,fmldatauserdev,forgeserverdev,forgeserveruserdev,forgeclientdev,forgeclientuserdev,forgeserver,forgedatadev,fmlserver,fmlclientuserdev,fmlserverdev,forgedatauserdev,testharness,forgegametestserveruserdev]
[07Jan2026 20:58:30.253] [main/DEBUG] [cpw.mods.modlauncher.NameMappingServiceHandler/MODLAUNCHER]: Found naming services : [srgtomcp]
[07Jan2026 20:58:30.268] [main/DEBUG] [cpw.mods.modlauncher.LaunchPluginHandler/MODLAUNCHER]: Found launch plugins: [mixin,eventbus,slf4jfixer,object_holder_definalize,runtime_enum_extender,capability_token_subclass,accesstransformer,runtimedistcleaner]
[07Jan2026 20:58:30.277] [main/DEBUG] [cpw.mods.modlauncher.TransformationServicesHandler/MODLAUNCHER]: Discovering transformation services
[07Jan2026 20:58:30.281] [main/DEBUG] [net.minecraftforge.fml.loading.FMLPaths/CORE]: Path GAMEDIR is /workspaces/Servy/servidor_minecraft
[07Jan2026 20:58:30.281] [main/DEBUG] [net.minecraftforge.fml.loading.FMLPaths/CORE]: Path MODSDIR is /workspaces/Servy/servidor_minecraft/mods
[07Jan2026 20:58:30.281] [main/DEBUG] [net.minecraftforge.fml.loading.FMLPaths/CORE]: Path CONFIGDIR is /workspaces/Servy/servidor_minecraft/config
[07Jan2026 20:58:30.281] [main/DEBUG] [net.minecraftforge.fml.loading.FMLPaths/CORE]: Path FMLCONFIG is /workspaces/Servy/servidor_minecraft/config/fml.toml
[07Jan2026 20:58:31.789] [main/DEBUG] [cpw.mods.modlauncher.TransformationServicesHandler/MODLAUNCHER]: Found additional transformation services from discovery services: 
[07Jan2026 20:58:31.795] [main/INFO] [net.minecraftforge.fml.loading.ImmediateWindowHandler/]: ImmediateWindowProvider not loading because launch target is forgeserver
[07Jan2026 20:58:31.802] [main/DEBUG] [cpw.mods.modlauncher.TransformationServicesHandler/MODLAUNCHER]: Found transformer services : [mixin,fml]
[07Jan2026 20:58:31.803] [main/DEBUG] [cpw.mods.modlauncher.TransformationServicesHandler/MODLAUNCHER]: Transformation services loading
[07Jan2026 20:58:31.803] [main/DEBUG] [cpw.mods.modlauncher.TransformationServiceDecorator/MODLAUNCHER]: Loading service mixin
[07Jan2026 20:58:31.803] [main/DEBUG] [cpw.mods.modlauncher.TransformationServiceDecorator/MODLAUNCHER]: Loaded service mixin
[07Jan2026 20:58:31.804] [main/DEBUG] [cpw.mods.modlauncher.TransformationServiceDecorator/MODLAUNCHER]: Loading service fml
[07Jan2026 20:58:31.804] [main/DEBUG] [net.minecraftforge.fml.loading.LauncherVersion/CORE]: Found FMLLauncher version 1.0
[07Jan2026 20:58:31.805] [main/DEBUG] [net.minecraftforge.fml.loading.FMLLoader/CORE]: FML 1.0 loading
[07Jan2026 20:58:31.805] [main/DEBUG] [net.minecraftforge.fml.loading.FMLLoader/CORE]: FML found ModLauncher version : 10.0.9+10.0.9+main.dcd20f30
[07Jan2026 20:58:31.805] [main/DEBUG] [net.minecraftforge.fml.loading.FMLLoader/CORE]: FML found AccessTransformer version : 8.0.4+66+master.c09db6d7
[07Jan2026 20:58:31.805] [main/DEBUG] [net.minecraftforge.fml.loading.FMLLoader/CORE]: FML found EventBus version : 6.0.5+6.0.5+master.eb8e549b
[07Jan2026 20:58:31.806] [main/DEBUG] [net.minecraftforge.fml.loading.FMLLoader/CORE]: Found Runtime Dist Cleaner
[07Jan2026 20:58:31.807] [main/DEBUG] [net.minecraftforge.fml.loading.FMLLoader/CORE]: FML found CoreMod version : 5.1.6
[07Jan2026 20:58:31.808] [main/DEBUG] [net.minecraftforge.fml.loading.FMLLoader/CORE]: Found ForgeSPI package implementation version 7.0.1+7.0.1+master.d2b38bf6
[07Jan2026 20:58:31.808] [main/DEBUG] [net.minecraftforge.fml.loading.FMLLoader/CORE]: Found ForgeSPI package specification 5
[07Jan2026 20:58:31.808] [main/DEBUG] [cpw.mods.modlauncher.TransformationServiceDecorator/MODLAUNCHER]: Loaded service fml
[07Jan2026 20:58:31.809] [main/DEBUG] [cpw.mods.modlauncher.TransformationServicesHandler/MODLAUNCHER]: Configuring option handling for services
[07Jan2026 20:58:31.817] [main/DEBUG] [cpw.mods.modlauncher.TransformationServicesHandler/MODLAUNCHER]: Transformation services initializing
[07Jan2026 20:58:31.817] [main/DEBUG] [cpw.mods.modlauncher.TransformationServiceDecorator/MODLAUNCHER]: Initializing transformation service mixin
[07Jan2026 20:58:31.831] [main/DEBUG] [mixin/]: MixinService [ModLauncher] was successfully booted in cpw.mods.cl.ModuleClassLoader@44c8afef
[07Jan2026 20:58:31.852] [main/INFO] [mixin/]: SpongePowered MIXIN Subsystem Version=0.8.5 Source=union:/workspaces/Servy/servidor_minecraft/libraries/org/spongepowered/mixin/0.8.5/mixin-0.8.5.jar%2363!/ Service=ModLauncher Env=SERVER
[07Jan2026 20:58:31.855] [main/DEBUG] [mixin/]: Initialising Mixin Platform Manager
[07Jan2026 20:58:31.856] [main/DEBUG] [mixin/]: Adding mixin platform agents for container ModLauncher Root Container(ModLauncher:4f56a0a2)
[07Jan2026 20:58:31.856] [main/DEBUG] [mixin/]: Instancing new MixinPlatformAgentMinecraftForge for ModLauncher Root Container(ModLauncher:4f56a0a2)
[07Jan2026 20:58:31.856] [main/DEBUG] [mixin/]: MixinPlatformAgentMinecraftForge rejected container ModLauncher Root Container(ModLauncher:4f56a0a2)
[07Jan2026 20:58:31.857] [main/DEBUG] [mixin/]: Instancing new MixinPlatformAgentDefault for ModLauncher Root Container(ModLauncher:4f56a0a2)
[07Jan2026 20:58:31.857] [main/DEBUG] [mixin/]: MixinPlatformAgentDefault accepted container ModLauncher Root Container(ModLauncher:4f56a0a2)
[07Jan2026 20:58:31.860] [main/DEBUG] [cpw.mods.modlauncher.TransformationServiceDecorator/MODLAUNCHER]: Initialized transformation service mixin
[07Jan2026 20:58:31.860] [main/DEBUG] [cpw.mods.modlauncher.TransformationServiceDecorator/MODLAUNCHER]: Initializing transformation service fml
[07Jan2026 20:58:31.860] [main/DEBUG] [net.minecraftforge.fml.loading.FMLServiceProvider/CORE]: Setting up basic FML game directories
[07Jan2026 20:58:31.861] [main/DEBUG] [net.minecraftforge.fml.loading.FMLPaths/CORE]: Path GAMEDIR is /workspaces/Servy/servidor_minecraft
[07Jan2026 20:58:31.861] [main/DEBUG] [net.minecraftforge.fml.loading.FMLPaths/CORE]: Path MODSDIR is /workspaces/Servy/servidor_minecraft/mods
[07Jan2026 20:58:31.861] [main/DEBUG] [net.minecraftforge.fml.loading.FMLPaths/CORE]: Path CONFIGDIR is /workspaces/Servy/servidor_minecraft/config
[07Jan2026 20:58:31.861] [main/DEBUG] [net.minecraftforge.fml.loading.FMLPaths/CORE]: Path FMLCONFIG is /workspaces/Servy/servidor_minecraft/config/fml.toml
[07Jan2026 20:58:31.861] [main/DEBUG] [net.minecraftforge.fml.loading.FMLServiceProvider/CORE]: Loading configuration
[07Jan2026 20:58:31.863] [main/DEBUG] [net.minecraftforge.fml.loading.FMLServiceProvider/CORE]: Preparing ModFile
[07Jan2026 20:58:31.866] [main/DEBUG] [net.minecraftforge.fml.loading.FMLServiceProvider/CORE]: Preparing launch handler
[07Jan2026 20:58:31.867] [main/DEBUG] [net.minecraftforge.fml.loading.FMLLoader/CORE]: Using forgeserver as launch service
[07Jan2026 20:58:31.880] [main/DEBUG] [net.minecraftforge.fml.loading.FMLLoader/CORE]: Received command line version data  : VersionInfo[forgeVersion=47.3.7, mcVersion=1.20.1, mcpVersion=20230612.114412, forgeGroup=net.minecraftforge]
[07Jan2026 20:58:31.881] [main/DEBUG] [cpw.mods.modlauncher.TransformationServiceDecorator/MODLAUNCHER]: Initialized transformation service fml
[07Jan2026 20:58:31.881] [main/DEBUG] [cpw.mods.modlauncher.NameMappingServiceHandler/MODLAUNCHER]: Current naming domain is 'srg'
[07Jan2026 20:58:31.882] [main/DEBUG] [cpw.mods.modlauncher.NameMappingServiceHandler/MODLAUNCHER]: Identified name mapping providers {}
[07Jan2026 20:58:31.882] [main/DEBUG] [cpw.mods.modlauncher.TransformationServicesHandler/MODLAUNCHER]: Transformation services begin scanning
[07Jan2026 20:58:31.883] [main/DEBUG] [cpw.mods.modlauncher.TransformationServiceDecorator/MODLAUNCHER]: Beginning scan trigger - transformation service mixin
[07Jan2026 20:58:31.883] [main/DEBUG] [cpw.mods.modlauncher.TransformationServiceDecorator/MODLAUNCHER]: End scan trigger - transformation service mixin
[07Jan2026 20:58:31.883] [main/DEBUG] [cpw.mods.modlauncher.TransformationServiceDecorator/MODLAUNCHER]: Beginning scan trigger - transformation service fml
[07Jan2026 20:58:31.883] [main/DEBUG] [net.minecraftforge.fml.loading.FMLServiceProvider/CORE]: Initiating mod scan
[07Jan2026 20:58:31.893] [main/DEBUG] [net.minecraftforge.fml.loading.moddiscovery.ModListHandler/CORE]: Found mod coordinates from lists: []
[07Jan2026 20:58:31.896] [main/DEBUG] [net.minecraftforge.fml.loading.moddiscovery.ModDiscoverer/CORE]: Found Mod Locators : (mods folder:null),(maven libs:null),(exploded directory:null),(minecraft:null),(userdev classpath:null)
[07Jan2026 20:58:31.897] [main/DEBUG] [net.minecraftforge.fml.loading.moddiscovery.ModDiscoverer/CORE]: Found Dependency Locators : (JarInJar:null)
[07Jan2026 20:58:31.904] [main/DEBUG] [net.minecraftforge.fml.loading.moddiscovery.ModFileParser/LOADING]: Considering mod file candidate /workspaces/Servy/servidor_minecraft/mods/[1.20.1] SecurityCraft v1.10.1.jar
[07Jan2026 20:58:31.943] [main/DEBUG] [net.minecraftforge.fml.loading.moddiscovery.ModFileInfo/LOADING]: Found valid mod file [1.20.1] SecurityCraft v1.10.1.jar with {securitycraft} mods - versions {1.10.1}
[07Jan2026 20:58:31.945] [main/DEBUG] [net.minecraftforge.fml.loading.moddiscovery.ModFileParser/LOADING]: Considering mod file candidate /workspaces/Servy/servidor_minecraft/mods/alexsmobs-1.22.9.jar
[07Jan2026 20:58:31.946] [main/DEBUG] [net.minecraftforge.fml.loading.moddiscovery.ModFileInfo/LOADING]: Found valid mod file alexsmobs-1.22.9.jar with {alexsmobs} mods - versions {1.22.9}
[07Jan2026 20:58:31.947] [main/DEBUG] [net.minecraftforge.fml.loading.moddiscovery.ModFileParser/LOADING]: Considering mod file candidate /workspaces/Servy/servidor_minecraft/mods/architectury-9.2.14-forge (1).jar
[07Jan2026 20:58:31.948] [main/DEBUG] [net.minecraftforge.fml.loading.moddiscovery.ModFileInfo/LOADING]: Found valid mod file architectury-9.2.14-forge (1).jar with {architectury} mods - versions {9.2.14}
[07Jan2026 20:58:31.948] [main/DEBUG] [net.minecraftforge.fml.loading.moddiscovery.ModFileParser/LOADING]: Considering mod file candidate /workspaces/Servy/servidor_minecraft/mods/architectury-9.2.14-forge.jar
[07Jan2026 20:58:31.949] [main/DEBUG] [net.minecraftforge.fml.loading.moddiscovery.ModFileInfo/LOADING]: Found valid mod file architectury-9.2.14-forge.jar with {architectury} mods - versions {9.2.14}
[07Jan2026 20:58:31.950] [main/DEBUG] [net.minecraftforge.fml.loading.moddiscovery.ModFileParser/LOADING]: Considering mod file candidate /workspaces/Servy/servidor_minecraft/mods/artifacts-forge-9.5.16.jar
[07Jan2026 20:58:31.951] [main/DEBUG] [net.minecraftforge.fml.loading.moddiscovery.ModFileInfo/LOADING]: Found valid mod file artifacts-forge-9.5.16.jar with {artifacts} mods - versions {9.5.16}
[07Jan2026 20:58:31.952] [main/DEBUG] [net.minecraftforge.fml.loading.moddiscovery.ModFileParser/LOADING]: Considering mod file candidate /workspaces/Servy/servidor_minecraft/mods/balm-forge-1.20.1-7.3.37-all.jar
[07Jan2026 20:58:31.953] [main/DEBUG] [net.minecraftforge.fml.loading.moddiscovery.ModFileInfo/LOADING]: Found valid mod file balm-forge-1.20.1-7.3.37-all.jar with {balm} mods - versions {7.3.37}
[07Jan2026 20:58:31.954] [main/DEBUG] [net.minecraftforge.fml.loading.moddiscovery.ModFileParser/LOADING]: Considering mod file candidate /workspaces/Servy/servidor_minecraft/mods/beautifiedchatserver-1.20.1-2.7.jar
[07Jan2026 20:58:31.954] [main/DEBUG] [net.minecraftforge.fml.loading.moddiscovery.ModFileInfo/LOADING]: Found valid mod file beautifiedchatserver-1.20.1-2.7.jar with {beautifiedchatserver} mods - versions {2.7}
[07Jan2026 20:58:31.955] [main/DEBUG] [net.minecraftforge.fml.loading.moddiscovery.ModFileParser/LOADING]: Considering mod file candidate /workspaces/Servy/servidor_minecraft/mods/BetterPingDisplay-1.20.1-1.1.jar
[07Jan2026 20:58:31.956] [main/DEBUG] [net.minecraftforge.fml.loading.moddiscovery.ModFileInfo/LOADING]: Found valid mod file BetterPingDisplay-1.20.1-1.1.jar with {betterpingdisplay} mods - versions {1.1}
[07Jan2026 20:58:31.958] [main/DEBUG] [net.minecraftforge.fml.loading.moddiscovery.ModFileParser/LOADING]: Considering mod file candidate /workspaces/Servy/servidor_minecraft/mods/born_in_chaos_[Forge]1.20.1_1.7.3.jar
[07Jan2026 20:58:31.958] [main/DEBUG] [net.minecraftforge.fml.loading.moddiscovery.ModFileInfo/LOADING]: Found valid mod file born_in_chaos_[Forge]1.20.1_1.7.3.jar with {born_in_chaos_v1} mods - versions {1.7.3}
[07Jan2026 20:58:31.959] [main/DEBUG] [net.minecraftforge.fml.loading.moddiscovery.ModFileParser/LOADING]: Considering mod file candidate /workspaces/Servy/servidor_minecraft/mods/borninconfiguration-3.1.2-all.jar
[07Jan2026 20:58:31.960] [main/DEBUG] [net.minecraftforge.fml.loading.moddiscovery.ModFileInfo/LOADING]: Found valid mod file borninconfiguration-3.1.2-all.jar with {borninconfiguration} mods - versions {3.1.2}
[07Jan2026 20:58:31.961] [main/DEBUG] [net.minecraftforge.fml.loading.moddiscovery.ModFileParser/LOADING]: Considering mod file candidate /workspaces/Servy/servidor_minecraft/mods/Chunky-1.3.146.jar
[07Jan2026 20:58:31.961] [main/DEBUG] [net.minecraftforge.fml.loading.moddiscovery.ModFileInfo/LOADING]: Found valid mod file Chunky-1.3.146.jar with {chunky} mods - versions {1.3.146}
[07Jan2026 20:58:31.962] [main/DEBUG] [net.minecraftforge.fml.loading.moddiscovery.ModFileParser/LOADING]: Considering mod file candidate /workspaces/Servy/servidor_minecraft/mods/citadel-2.6.2-1.20.1.jar
[07Jan2026 20:58:31.965] [main/DEBUG] [net.minecraftforge.fml.loading.moddiscovery.ModFileInfo/LOADING]: Found valid mod file citadel-2.6.2-1.20.1.jar with {citadel} mods - versions {2.6.2}
[07Jan2026 20:58:31.965] [main/DEBUG] [net.minecraftforge.fml.loading.moddiscovery.ModFileParser/LOADING]: Considering mod file candidate /workspaces/Servy/servidor_minecraft/mods/cloth-config-11.1.136-forge.jar
[07Jan2026 20:58:31.966] [main/DEBUG] [net.minecraftforge.fml.loading.moddiscovery.ModFileInfo/LOADING]: Found valid mod file cloth-config-11.1.136-forge.jar with {cloth_config} mods - versions {11.1.136}
[07Jan2026 20:58:31.967] [main/DEBUG] [net.minecraftforge.fml.loading.moddiscovery.ModFileParser/LOADING]: Considering mod file candidate /workspaces/Servy/servidor_minecraft/mods/Clumps-forge-1.20.1-12.0.0.4.jar
[07Jan2026 20:58:31.967] [main/DEBUG] [net.minecraftforge.fml.loading.moddiscovery.ModFileInfo/LOADING]: Found valid mod file Clumps-forge-1.20.1-12.0.0.4.jar with {clumps} mods - versions {12.0.0.4}
[07Jan2026 20:58:31.968] [main/DEBUG] [net.minecraftforge.fml.loading.moddiscovery.ModFileParser/LOADING]: Considering mod file candidate /workspaces/Servy/servidor_minecraft/mods/collective-1.20.1-8.13.jar
[07Jan2026 20:58:31.969] [main/DEBUG] [net.minecraftforge.fml.loading.moddiscovery.ModFileInfo/LOADING]: Found valid mod file collective-1.20.1-8.13.jar with {collective} mods - versions {8.13}
[07Jan2026 20:58:31.970] [main/DEBUG] [net.minecraftforge.fml.loading.moddiscovery.ModFileParser/LOADING]: Considering mod file candidate /workspaces/Servy/servidor_minecraft/mods/CraftTweaker-forge-1.20.1-14.0.59.jar
[07Jan2026 20:58:31.971] [main/DEBUG] [net.minecraftforge.fml.loading.moddiscovery.ModFileInfo/LOADING]: Found valid mod file CraftTweaker-forge-1.20.1-14.0.59.jar with {crafttweaker} mods - versions {14.0.59}
[07Jan2026 20:58:31.972] [main/DEBUG] [net.minecraftforge.fml.loading.moddiscovery.ModFileParser/LOADING]: Considering mod file candidate /workspaces/Servy/servidor_minecraft/mods/CreativeCore_FORGE_v2.12.32_mc1.20.1.jar
[07Jan2026 20:58:31.972] [main/DEBUG] [net.minecraftforge.fml.loading.moddiscovery.ModFileInfo/LOADING]: Found valid mod file CreativeCore_FORGE_v2.12.32_mc1.20.1.jar with {creativecore} mods - versions {2.12.32}
[07Jan2026 20:58:31.973] [main/DEBUG] [net.minecraftforge.fml.loading.moddiscovery.ModFileParser/LOADING]: Considering mod file candidate /workspaces/Servy/servidor_minecraft/mods/curios-forge-5.14.1+1.20.1.jar
[07Jan2026 20:58:31.973] [main/DEBUG] [net.minecraftforge.fml.loading.moddiscovery.ModFileInfo/LOADING]: Found valid mod file curios-forge-5.14.1+1.20.1.jar with {curios} mods - versions {5.14.1+1.20.1}
[07Jan2026 20:58:31.974] [main/DEBUG] [net.minecraftforge.fml.loading.moddiscovery.ModFileParser/LOADING]: Considering mod file candidate /workspaces/Servy/servidor_minecraft/mods/embeddium-0.3.31+mc1.20.1.jar
[07Jan2026 20:58:31.975] [main/DEBUG] [net.minecraftforge.fml.loading.moddiscovery.ModFileInfo/LOADING]: Found valid mod file embeddium-0.3.31+mc1.20.1.jar with {embeddium,rubidium} mods - versions {0.3.31+mc1.20.1,0.7.1}
[07Jan2026 20:58:31.978] [main/DEBUG] [net.minecraftforge.fml.loading.moddiscovery.ModFileParser/LOADING]: Considering mod file candidate /workspaces/Servy/servidor_minecraft/mods/ferritecore-6.0.1-forge.jar
[07Jan2026 20:58:31.978] [main/DEBUG] [net.minecraftforge.fml.loading.moddiscovery.ModFileInfo/LOADING]: Found valid mod file ferritecore-6.0.1-forge.jar with {ferritecore} mods - versions {6.0.1}
[07Jan2026 20:58:31.981] [main/DEBUG] [net.minecraftforge.fml.loading.moddiscovery.ModFileParser/LOADING]: Considering mod file candidate /workspaces/Servy/servidor_minecraft/mods/fossil-forge-1.20.1-9.3.0.2.jar
[07Jan2026 20:58:31.984] [main/DEBUG] [net.minecraftforge.fml.loading.moddiscovery.ModFileInfo/LOADING]: Found valid mod file fossil-forge-1.20.1-9.3.0.2.jar with {fossil} mods - versions {9.3.0.2}
[07Jan2026 20:58:31.984] [main/DEBUG] [net.minecraftforge.fml.loading.moddiscovery.ModFileParser/LOADING]: Considering mod file candidate /workspaces/Servy/servidor_minecraft/mods/geckolib-forge-1.20.1-4.8.2.jar
[07Jan2026 20:58:31.985] [main/DEBUG] [net.minecraftforge.fml.loading.moddiscovery.ModFileInfo/LOADING]: Found valid mod file geckolib-forge-1.20.1-4.8.2.jar with {geckolib} mods - versions {4.8.2}
[07Jan2026 20:58:31.985] [main/DEBUG] [net.minecraftforge.fml.loading.moddiscovery.ModFileParser/LOADING]: Considering mod file candidate /workspaces/Servy/servidor_minecraft/mods/interaction_boxes-0.693.jar
[07Jan2026 20:58:31.986] [main/DEBUG] [net.minecraftforge.fml.loading.moddiscovery.ModFileInfo/LOADING]: Found valid mod file interaction_boxes-0.693.jar with {interaction_boxes} mods - versions {0.693}
[07Jan2026 20:58:31.987] [main/DEBUG] [net.minecraftforge.fml.loading.moddiscovery.ModFileParser/LOADING]: Considering mod file candidate /workspaces/Servy/servidor_minecraft/mods/Jade-1.20.1-Forge-11.13.2.jar
[07Jan2026 20:58:31.987] [main/DEBUG] [net.minecraftforge.fml.loading.moddiscovery.ModFileInfo/LOADING]: Found valid mod file Jade-1.20.1-Forge-11.13.2.jar with {jade} mods - versions {11.13.2+forge}
[07Jan2026 20:58:31.988] [main/DEBUG] [net.minecraftforge.fml.loading.moddiscovery.ModFileParser/LOADING]: Considering mod file candidate /workspaces/Servy/servidor_minecraft/mods/jei-1.20.1-forge-15.20.0.112.jar
[07Jan2026 20:58:31.988] [main/DEBUG] [net.minecraftforge.fml.loading.moddiscovery.ModFileInfo/LOADING]: Found valid mod file jei-1.20.1-forge-15.20.0.112.jar with {jei} mods - versions {15.20.0.112}
[07Jan2026 20:58:32.033] [main/DEBUG] [net.minecraftforge.fml.loading.moddiscovery.ModFileParser/LOADING]: Considering mod file candidate /workspaces/Servy/servidor_minecraft/mods/Mantle-1.20.1-1.11.79.jar
[07Jan2026 20:58:32.033] [main/DEBUG] [net.minecraftforge.fml.loading.moddiscovery.ModFileInfo/LOADING]: Found valid mod file Mantle-1.20.1-1.11.79.jar with {mantle} mods - versions {1.11.79}
[07Jan2026 20:58:32.035] [main/DEBUG] [net.minecraftforge.fml.loading.moddiscovery.ModFileParser/LOADING]: Considering mod file candidate /workspaces/Servy/servidor_minecraft/mods/MobLassos-v8.0.1-1.20.1-Forge.jar
[07Jan2026 20:58:32.036] [main/DEBUG] [net.minecraftforge.fml.loading.moddiscovery.ModFileInfo/LOADING]: Found valid mod file MobLassos-v8.0.1-1.20.1-Forge.jar with {moblassos} mods - versions {8.0.1}
[07Jan2026 20:58:32.036] [main/DEBUG] [net.minecraftforge.fml.loading.moddiscovery.ModFileParser/LOADING]: Considering mod file candidate /workspaces/Servy/servidor_minecraft/mods/modernfix-forge-5.25.1+mc1.20.1.jar
[07Jan2026 20:58:32.037] [main/DEBUG] [net.minecraftforge.fml.loading.moddiscovery.ModFileInfo/LOADING]: Found valid mod file modernfix-forge-5.25.1+mc1.20.1.jar with {modernfix} mods - versions {5.25.1+mc1.20.1}
[07Jan2026 20:58:32.038] [main/DEBUG] [net.minecraftforge.fml.loading.moddiscovery.ModFileParser/LOADING]: Considering mod file candidate /workspaces/Servy/servidor_minecraft/mods/morehitboxes-forge-1.20.1-1.9.2.jar
[07Jan2026 20:58:32.038] [main/DEBUG] [net.minecraftforge.fml.loading.moddiscovery.ModFileInfo/LOADING]: Found valid mod file morehitboxes-forge-1.20.1-1.9.2.jar with {morehitboxes} mods - versions {1.9.2}
[07Jan2026 20:58:32.039] [main/DEBUG] [net.minecraftforge.fml.loading.moddiscovery.ModFileParser/LOADING]: Considering mod file candidate /workspaces/Servy/servidor_minecraft/mods/MouseTweaks-forge-mc1.20.1-2.25.1.jar
[07Jan2026 20:58:32.039] [main/DEBUG] [net.minecraftforge.fml.loading.moddiscovery.ModFileInfo/LOADING]: Found valid mod file MouseTweaks-forge-mc1.20.1-2.25.1.jar with {mousetweaks} mods - versions {2.25.1}
[07Jan2026 20:58:32.040] [main/DEBUG] [net.minecraftforge.fml.loading.moddiscovery.ModFileParser/LOADING]: Considering mod file candidate /workspaces/Servy/servidor_minecraft/mods/observable-4.4.1.jar
[07Jan2026 20:58:32.040] [main/DEBUG] [net.minecraftforge.fml.loading.moddiscovery.ModFileInfo/LOADING]: Found valid mod file observable-4.4.1.jar with {observable} mods - versions {4.4.1}
[07Jan2026 20:58:32.042] [main/DEBUG] [net.minecraftforge.fml.loading.moddiscovery.ModFileParser/LOADING]: Considering mod file candidate /workspaces/Servy/servidor_minecraft/mods/PickUpNotifier-v8.0.0-1.20.1-Forge.jar
[07Jan2026 20:58:32.043] [main/DEBUG] [net.minecraftforge.fml.loading.moddiscovery.ModFileInfo/LOADING]: Found valid mod file PickUpNotifier-v8.0.0-1.20.1-Forge.jar with {pickupnotifier} mods - versions {8.0.0}
[07Jan2026 20:58:32.044] [main/DEBUG] [net.minecraftforge.fml.loading.moddiscovery.ModFileParser/LOADING]: Considering mod file candidate /workspaces/Servy/servidor_minecraft/mods/PlayerRevive_FORGE_v2.0.31_mc1.20.1.jar
[07Jan2026 20:58:32.044] [main/DEBUG] [net.minecraftforge.fml.loading.moddiscovery.ModFileInfo/LOADING]: Found valid mod file PlayerRevive_FORGE_v2.0.31_mc1.20.1.jar with {playerrevive} mods - versions {2.0.31}
[07Jan2026 20:58:32.053] [main/DEBUG] [net.minecraftforge.fml.loading.moddiscovery.ModFileParser/LOADING]: Considering mod file candidate /workspaces/Servy/servidor_minecraft/mods/PuzzlesLib-v8.1.33-1.20.1-Forge.jar
[07Jan2026 20:58:32.054] [main/DEBUG] [net.minecraftforge.fml.loading.moddiscovery.ModFileInfo/LOADING]: Found valid mod file PuzzlesLib-v8.1.33-1.20.1-Forge.jar with {puzzleslib} mods - versions {8.1.33}
[07Jan2026 20:58:32.055] [main/DEBUG] [net.minecraftforge.fml.loading.moddiscovery.ModFileParser/LOADING]: Considering mod file candidate /workspaces/Servy/servidor_minecraft/mods/reap-1.20.1-1.0.2.jar
[07Jan2026 20:58:32.055] [main/DEBUG] [net.minecraftforge.fml.loading.moddiscovery.ModFileInfo/LOADING]: Found valid mod file reap-1.20.1-1.0.2.jar with {reap} mods - versions {1.20.1-1.0.2}
[07Jan2026 20:58:32.056] [main/DEBUG] [net.minecraftforge.fml.loading.moddiscovery.ModFileParser/LOADING]: Considering mod file candidate /workspaces/Servy/servidor_minecraft/mods/spark-1.10.53-forge.jar
[07Jan2026 20:58:32.056] [main/DEBUG] [net.minecraftforge.fml.loading.moddiscovery.ModFileInfo/LOADING]: Found valid mod file spark-1.10.53-forge.jar with {spark} mods - versions {1.10.53}
[07Jan2026 20:58:32.057] [main/DEBUG] [net.minecraftforge.fml.loading.moddiscovery.ModFileParser/LOADING]: Considering mod file candidate /workspaces/Servy/servidor_minecraft/mods/tbsfbsp-0.74.jar
[07Jan2026 20:58:32.057] [main/DEBUG] [net.minecraftforge.fml.loading.moddiscovery.ModFileInfo/LOADING]: Found valid mod file tbsfbsp-0.74.jar with {tbsfbsp} mods - versions {0.74}
[07Jan2026 20:58:32.068] [main/DEBUG] [net.minecraftforge.fml.loading.moddiscovery.ModFileParser/LOADING]: Considering mod file candidate /workspaces/Servy/servidor_minecraft/mods/TConstruct-1.20.1-3.10.2.92.jar
[07Jan2026 20:58:32.069] [main/DEBUG] [net.minecraftforge.fml.loading.moddiscovery.ModFileInfo/LOADING]: Found valid mod file TConstruct-1.20.1-3.10.2.92.jar with {tconstruct} mods - versions {3.10.2.92}
[07Jan2026 20:58:32.069] [main/DEBUG] [net.minecraftforge.fml.loading.moddiscovery.ModFileParser/LOADING]: Considering mod file candidate /workspaces/Servy/servidor_minecraft/mods/TerraBlender-forge-1.20.1-3.0.1.10.jar
[07Jan2026 20:58:32.070] [main/DEBUG] [net.minecraftforge.fml.loading.moddiscovery.ModFileInfo/LOADING]: Found valid mod file TerraBlender-forge-1.20.1-3.0.1.10.jar with {terrablender} mods - versions {3.0.1.10}
[07Jan2026 20:58:32.071] [main/DEBUG] [net.minecraftforge.fml.loading.moddiscovery.ModFileParser/LOADING]: Considering mod file candidate /workspaces/Servy/servidor_minecraft/mods/The_Graveyard_3.1_(FORGE)_for_1.20.1.jar
[07Jan2026 20:58:32.072] [main/DEBUG] [net.minecraftforge.fml.loading.moddiscovery.ModFileInfo/LOADING]: Found valid mod file The_Graveyard_3.1_(FORGE)_for_1.20.1.jar with {graveyard} mods - versions {3.1}
[07Jan2026 20:58:32.076] [main/DEBUG] [net.minecraftforge.fml.loading.moddiscovery.ModFileParser/LOADING]: Considering mod file candidate /workspaces/Servy/servidor_minecraft/mods/tl_skin_cape_forge_1.20-1.38.jar
[07Jan2026 20:58:32.076] [main/DEBUG] [net.minecraftforge.fml.loading.moddiscovery.ModFileInfo/LOADING]: Found valid mod file tl_skin_cape_forge_1.20-1.38.jar with {tlskincape} mods - versions {1.38}
[07Jan2026 20:58:32.077] [main/DEBUG] [net.minecraftforge.fml.loading.moddiscovery.ModFileParser/LOADING]: Considering mod file candidate /workspaces/Servy/servidor_minecraft/mods/tombstone-1.20.1-9.0.9.jar
[07Jan2026 20:58:32.078] [main/DEBUG] [net.minecraftforge.fml.loading.moddiscovery.ModFileInfo/LOADING]: Found valid mod file tombstone-1.20.1-9.0.9.jar with {tombstone} mods - versions {9.0.9}
[07Jan2026 20:58:32.078] [main/DEBUG] [net.minecraftforge.fml.loading.moddiscovery.ModFileParser/LOADING]: Considering mod file candidate /workspaces/Servy/servidor_minecraft/mods/travelersbackpack-forge-1.20.1-9.1.46.jar
[07Jan2026 20:58:32.079] [main/DEBUG] [net.minecraftforge.fml.loading.moddiscovery.ModFileInfo/LOADING]: Found valid mod file travelersbackpack-forge-1.20.1-9.1.46.jar with {travelersbackpack} mods - versions {9.1.46}
[07Jan2026 20:58:32.079] [main/DEBUG] [net.minecraftforge.fml.loading.moddiscovery.ModFileParser/LOADING]: Considering mod file candidate /workspaces/Servy/servidor_minecraft/mods/TreeChop-1.20.1-forge-0.19.0-fixed.jar
[07Jan2026 20:58:32.080] [main/DEBUG] [net.minecraftforge.fml.loading.moddiscovery.ModFileInfo/LOADING]: Found valid mod file TreeChop-1.20.1-forge-0.19.0-fixed.jar with {treechop} mods - versions {0.19.0}
[07Jan2026 20:58:32.083] [main/DEBUG] [net.minecraftforge.fml.loading.moddiscovery.ModFileParser/LOADING]: Considering mod file candidate /workspaces/Servy/servidor_minecraft/mods/twilightforest-1.20.1-4.3.2508-universal.jar
[07Jan2026 20:58:32.083] [main/DEBUG] [net.minecraftforge.fml.loading.moddiscovery.ModFileInfo/LOADING]: Found valid mod file twilightforest-1.20.1-4.3.2508-universal.jar with {twilightforest} mods - versions {4.3.2508}
[07Jan2026 20:58:32.084] [main/DEBUG] [net.minecraftforge.fml.loading.moddiscovery.ModFileParser/LOADING]: Considering mod file candidate /workspaces/Servy/servidor_minecraft/mods/uniquedungeons-0.70.5-74.2.0.jar
[07Jan2026 20:58:32.085] [main/DEBUG] [net.minecraftforge.fml.loading.moddiscovery.ModFileInfo/LOADING]: Found valid mod file uniquedungeons-0.70.5-74.2.0.jar with {uniquedungeons} mods - versions {0.70.5}
[07Jan2026 20:58:32.086] [main/DEBUG] [net.minecraftforge.fml.loading.moddiscovery.ModFileParser/LOADING]: Considering mod file candidate /workspaces/Servy/servidor_minecraft/mods/Uppers-1.0.1.jar
[07Jan2026 20:58:32.086] [main/DEBUG] [net.minecraftforge.fml.loading.moddiscovery.ModFileInfo/LOADING]: Found valid mod file Uppers-1.0.1.jar with {uppers} mods - versions {1.0.1}
[07Jan2026 20:58:32.087] [main/DEBUG] [net.minecraftforge.fml.loading.moddiscovery.ModFileParser/LOADING]: Considering mod file candidate /workspaces/Servy/servidor_minecraft/mods/waystones-forge-1.20.1-14.1.17.jar
[07Jan2026 20:58:32.087] [main/DEBUG] [net.minecraftforge.fml.loading.moddiscovery.ModFileInfo/LOADING]: Found valid mod file waystones-forge-1.20.1-14.1.17.jar with {waystones} mods - versions {14.1.17}
[07Jan2026 20:58:32.088] [main/DEBUG] [net.minecraftforge.fml.loading.moddiscovery.ModFileParser/LOADING]: Considering mod file candidate /workspaces/Servy/servidor_minecraft/mods/Xaeros_Minimap_25.2.10_Forge_1.20.jar
[07Jan2026 20:58:32.088] [main/DEBUG] [net.minecraftforge.fml.loading.moddiscovery.ModFileInfo/LOADING]: Found valid mod file Xaeros_Minimap_25.2.10_Forge_1.20.jar with {xaerominimap} mods - versions {25.2.10}
[07Jan2026 20:58:32.089] [main/DEBUG] [net.minecraftforge.fml.loading.moddiscovery.ModFileParser/LOADING]: Considering mod file candidate /workspaces/Servy/servidor_minecraft/mods/XaerosWorldMap_1.39.12_Forge_1.20.jar
[07Jan2026 20:58:32.090] [main/DEBUG] [net.minecraftforge.fml.loading.moddiscovery.ModFileInfo/LOADING]: Found valid mod file XaerosWorldMap_1.39.12_Forge_1.20.jar with {xaeroworldmap} mods - versions {1.39.12}
[07Jan2026 20:58:32.170] [main/DEBUG] [net.minecraftforge.fml.loading.moddiscovery.ModFileInfo/LOADING]: Found valid mod file server-1.20.1-20230612.114412-srg.jar with {minecraft} mods - versions {1.20.1}
[07Jan2026 20:58:32.172] [main/DEBUG] [net.minecraftforge.fml.loading.moddiscovery.ModFileParser/LOADING]: Considering mod file candidate /workspaces/Servy/servidor_minecraft/libraries/net/minecraftforge/fmlcore/1.20.1-47.3.7/fmlcore-1.20.1-47.3.7.jar
[07Jan2026 20:58:32.173] [main/WARN] [net.minecraftforge.fml.loading.moddiscovery.ModFileParser/LOADING]: Mod file /workspaces/Servy/servidor_minecraft/libraries/net/minecraftforge/fmlcore/1.20.1-47.3.7/fmlcore-1.20.1-47.3.7.jar is missing mods.toml file
[07Jan2026 20:58:32.173] [main/DEBUG] [net.minecraftforge.fml.loading.moddiscovery.ModFileParser/LOADING]: Considering mod file candidate /workspaces/Servy/servidor_minecraft/libraries/net/minecraftforge/javafmllanguage/1.20.1-47.3.7/javafmllanguage-1.20.1-47.3.7.jar
[07Jan2026 20:58:32.174] [main/WARN] [net.minecraftforge.fml.loading.moddiscovery.ModFileParser/LOADING]: Mod file /workspaces/Servy/servidor_minecraft/libraries/net/minecraftforge/javafmllanguage/1.20.1-47.3.7/javafmllanguage-1.20.1-47.3.7.jar is missing mods.toml file
[07Jan2026 20:58:32.174] [main/DEBUG] [net.minecraftforge.fml.loading.moddiscovery.ModFileParser/LOADING]: Considering mod file candidate /workspaces/Servy/servidor_minecraft/libraries/net/minecraftforge/lowcodelanguage/1.20.1-47.3.7/lowcodelanguage-1.20.1-47.3.7.jar
[07Jan2026 20:58:32.175] [main/WARN] [net.minecraftforge.fml.loading.moddiscovery.ModFileParser/LOADING]: Mod file /workspaces/Servy/servidor_minecraft/libraries/net/minecraftforge/lowcodelanguage/1.20.1-47.3.7/lowcodelanguage-1.20.1-47.3.7.jar is missing mods.toml file
[07Jan2026 20:58:32.175] [main/DEBUG] [net.minecraftforge.fml.loading.moddiscovery.ModFileParser/LOADING]: Considering mod file candidate /workspaces/Servy/servidor_minecraft/libraries/net/minecraftforge/mclanguage/1.20.1-47.3.7/mclanguage-1.20.1-47.3.7.jar
[07Jan2026 20:58:32.175] [main/WARN] [net.minecraftforge.fml.loading.moddiscovery.ModFileParser/LOADING]: Mod file /workspaces/Servy/servidor_minecraft/libraries/net/minecraftforge/mclanguage/1.20.1-47.3.7/mclanguage-1.20.1-47.3.7.jar is missing mods.toml file
[07Jan2026 20:58:32.213] [main/DEBUG] [net.minecraftforge.fml.loading.moddiscovery.ModFileParser/LOADING]: Considering mod file candidate /workspaces/Servy/servidor_minecraft/libraries/net/minecraftforge/forge/1.20.1-47.3.7/forge-1.20.1-47.3.7-universal.jar
[07Jan2026 20:58:32.214] [main/DEBUG] [net.minecraftforge.fml.loading.moddiscovery.ModFileInfo/LOADING]: Found valid mod file forge-1.20.1-47.3.7-universal.jar with {forge} mods - versions {47.3.7}
[07Jan2026 20:58:32.220] [main/DEBUG] [net.minecraftforge.fml.loading.UniqueModListBuilder/]: Found 2 mods for first modid architectury, selecting most recent based on version data
[07Jan2026 20:58:32.221] [main/DEBUG] [net.minecraftforge.fml.loading.UniqueModListBuilder/]: Selected file architectury-9.2.14-forge (1).jar for modid architectury with version 9.2.14
[07Jan2026 20:58:32.229] [main/DEBUG] [net.minecraftforge.fml.loading.moddiscovery.AbstractJarFileDependencyLocator/]: Failed to load resource META-INF/jarjar/metadata.json from uniquedungeons-0.70.5-74.2.0.jar, it does not contain dependency information.
[07Jan2026 20:58:32.229] [main/DEBUG] [net.minecraftforge.fml.loading.moddiscovery.AbstractJarFileDependencyLocator/]: Failed to load resource META-INF/jarjar/metadata.json from TreeChop-1.20.1-forge-0.19.0-fixed.jar, it does not contain dependency information.
[07Jan2026 20:58:32.229] [main/DEBUG] [net.minecraftforge.fml.loading.moddiscovery.AbstractJarFileDependencyLocator/]: Failed to load resource META-INF/jarjar/metadata.json from alexsmobs-1.22.9.jar, it does not contain dependency information.
[07Jan2026 20:58:32.229] [main/DEBUG] [net.minecraftforge.fml.loading.moddiscovery.AbstractJarFileDependencyLocator/]: Failed to load resource META-INF/jarjar/metadata.json from jei-1.20.1-forge-15.20.0.112.jar, it does not contain dependency information.
[07Jan2026 20:58:32.230] [main/DEBUG] [net.minecraftforge.fml.loading.moddiscovery.AbstractJarFileDependencyLocator/]: Failed to load resource META-INF/jarjar/metadata.json from The_Graveyard_3.1_(FORGE)_for_1.20.1.jar, it does not contain dependency information.
[07Jan2026 20:58:32.230] [main/DEBUG] [net.minecraftforge.fml.loading.moddiscovery.AbstractJarFileDependencyLocator/]: Failed to load resource META-INF/jarjar/metadata.json from Uppers-1.0.1.jar, it does not contain dependency information.
[07Jan2026 20:58:32.230] [main/DEBUG] [net.minecraftforge.fml.loading.moddiscovery.AbstractJarFileDependencyLocator/]: Failed to load resource META-INF/jarjar/metadata.json from reap-1.20.1-1.0.2.jar, it does not contain dependency information.
[07Jan2026 20:58:32.230] [main/DEBUG] [net.minecraftforge.fml.loading.moddiscovery.AbstractJarFileDependencyLocator/]: Failed to load resource META-INF/jarjar/metadata.json from waystones-forge-1.20.1-14.1.17.jar, it does not contain dependency information.
[07Jan2026 20:58:32.230] [main/DEBUG] [net.minecraftforge.fml.loading.moddiscovery.AbstractJarFileDependencyLocator/]: Failed to load resource META-INF/jarjar/metadata.json from Clumps-forge-1.20.1-12.0.0.4.jar, it does not contain dependency information.
[07Jan2026 20:58:32.230] [main/DEBUG] [net.minecraftforge.fml.loading.moddiscovery.AbstractJarFileDependencyLocator/]: Failed to load resource META-INF/jarjar/metadata.json from XaerosWorldMap_1.39.12_Forge_1.20.jar, it does not contain dependency information.
[07Jan2026 20:58:32.231] [main/DEBUG] [net.minecraftforge.fml.loading.moddiscovery.AbstractJarFileDependencyLocator/]: Failed to load resource META-INF/jarjar/metadata.json from citadel-2.6.2-1.20.1.jar, it does not contain dependency information.
[07Jan2026 20:58:32.231] [main/DEBUG] [net.minecraftforge.fml.loading.moddiscovery.AbstractJarFileDependencyLocator/]: Failed to load resource META-INF/jarjar/metadata.json from travelersbackpack-forge-1.20.1-9.1.46.jar, it does not contain dependency information.
[07Jan2026 20:58:32.231] [main/DEBUG] [net.minecraftforge.fml.loading.moddiscovery.AbstractJarFileDependencyLocator/]: Failed to load resource META-INF/jarjar/metadata.json from beautifiedchatserver-1.20.1-2.7.jar, it does not contain dependency information.
[07Jan2026 20:58:32.232] [main/DEBUG] [net.minecraftforge.fml.loading.moddiscovery.AbstractJarFileDependencyLocator/]: Failed to load resource META-INF/jarjar/metadata.json from interaction_boxes-0.693.jar, it does not contain dependency information.
[07Jan2026 20:58:32.232] [main/DEBUG] [net.minecraftforge.fml.loading.moddiscovery.AbstractJarFileDependencyLocator/]: Failed to load resource META-INF/jarjar/metadata.json from CraftTweaker-forge-1.20.1-14.0.59.jar, it does not contain dependency information.
[07Jan2026 20:58:32.232] [main/DEBUG] [net.minecraftforge.fml.loading.moddiscovery.AbstractJarFileDependencyLocator/]: Failed to load resource META-INF/jarjar/metadata.json from cloth-config-11.1.136-forge.jar, it does not contain dependency information.
[07Jan2026 20:58:32.232] [main/DEBUG] [net.minecraftforge.fml.loading.moddiscovery.AbstractJarFileDependencyLocator/]: Failed to load resource META-INF/jarjar/metadata.json from forge-1.20.1-47.3.7-universal.jar, it does not contain dependency information.
[07Jan2026 20:58:32.232] [main/DEBUG] [net.minecraftforge.fml.loading.moddiscovery.AbstractJarFileDependencyLocator/]: Failed to load resource META-INF/jarjar/metadata.json from twilightforest-1.20.1-4.3.2508-universal.jar, it does not contain dependency information.
[07Jan2026 20:58:32.232] [main/DEBUG] [net.minecraftforge.fml.loading.moddiscovery.AbstractJarFileDependencyLocator/]: Failed to load resource META-INF/jarjar/metadata.json from tl_skin_cape_forge_1.20-1.38.jar, it does not contain dependency information.
[07Jan2026 20:58:32.233] [main/DEBUG] [net.minecraftforge.fml.loading.moddiscovery.AbstractJarFileDependencyLocator/]: Failed to load resource META-INF/jarjar/metadata.json from BetterPingDisplay-1.20.1-1.1.jar, it does not contain dependency information.
[07Jan2026 20:58:32.233] [main/DEBUG] [net.minecraftforge.fml.loading.moddiscovery.AbstractJarFileDependencyLocator/]: Failed to load resource META-INF/jarjar/metadata.json from server-1.20.1-20230612.114412-srg.jar, it does not contain dependency information.
[07Jan2026 20:58:32.233] [main/DEBUG] [net.minecraftforge.fml.loading.moddiscovery.AbstractJarFileDependencyLocator/]: Failed to load resource META-INF/jarjar/metadata.json from TConstruct-1.20.1-3.10.2.92.jar, it does not contain dependency information.
[07Jan2026 20:58:32.233] [main/DEBUG] [net.minecraftforge.fml.loading.moddiscovery.AbstractJarFileDependencyLocator/]: Failed to load resource META-INF/jarjar/metadata.json from TerraBlender-forge-1.20.1-3.0.1.10.jar, it does not contain dependency information.
[07Jan2026 20:58:32.234] [main/DEBUG] [net.minecraftforge.fml.loading.moddiscovery.AbstractJarFileDependencyLocator/]: Failed to load resource META-INF/jarjar/metadata.json from MouseTweaks-forge-mc1.20.1-2.25.1.jar, it does not contain dependency information.
[07Jan2026 20:58:32.234] [main/DEBUG] [net.minecraftforge.fml.loading.moddiscovery.AbstractJarFileDependencyLocator/]: Failed to load resource META-INF/jarjar/metadata.json from Jade-1.20.1-Forge-11.13.2.jar, it does not contain dependency information.
[07Jan2026 20:58:32.234] [main/DEBUG] [net.minecraftforge.fml.loading.moddiscovery.AbstractJarFileDependencyLocator/]: Failed to load resource META-INF/jarjar/metadata.json from tbsfbsp-0.74.jar, it does not contain dependency information.
[07Jan2026 20:58:32.234] [main/DEBUG] [net.minecraftforge.fml.loading.moddiscovery.AbstractJarFileDependencyLocator/]: Failed to load resource META-INF/jarjar/metadata.json from CreativeCore_FORGE_v2.12.32_mc1.20.1.jar, it does not contain dependency information.
[07Jan2026 20:58:32.234] [main/DEBUG] [net.minecraftforge.fml.loading.moddiscovery.AbstractJarFileDependencyLocator/]: Failed to load resource META-INF/jarjar/metadata.json from Chunky-1.3.146.jar, it does not contain dependency information.
[07Jan2026 20:58:32.235] [main/DEBUG] [net.minecraftforge.fml.loading.moddiscovery.AbstractJarFileDependencyLocator/]: Failed to load resource META-INF/jarjar/metadata.json from born_in_chaos_[Forge]1.20.1_1.7.3.jar, it does not contain dependency information.
[07Jan2026 20:58:32.235] [main/DEBUG] [net.minecraftforge.fml.loading.moddiscovery.AbstractJarFileDependencyLocator/]: Failed to load resource META-INF/jarjar/metadata.json from spark-1.10.53-forge.jar, it does not contain dependency information.
[07Jan2026 20:58:32.235] [main/DEBUG] [net.minecraftforge.fml.loading.moddiscovery.AbstractJarFileDependencyLocator/]: Failed to load resource META-INF/jarjar/metadata.json from curios-forge-5.14.1+1.20.1.jar, it does not contain dependency information.
[07Jan2026 20:58:32.235] [main/DEBUG] [net.minecraftforge.fml.loading.moddiscovery.AbstractJarFileDependencyLocator/]: Failed to load resource META-INF/jarjar/metadata.json from Mantle-1.20.1-1.11.79.jar, it does not contain dependency information.
[07Jan2026 20:58:32.235] [main/DEBUG] [net.minecraftforge.fml.loading.moddiscovery.AbstractJarFileDependencyLocator/]: Failed to load resource META-INF/jarjar/metadata.json from Xaeros_Minimap_25.2.10_Forge_1.20.jar, it does not contain dependency information.
[07Jan2026 20:58:32.235] [main/DEBUG] [net.minecraftforge.fml.loading.moddiscovery.AbstractJarFileDependencyLocator/]: Failed to load resource META-INF/jarjar/metadata.json from collective-1.20.1-8.13.jar, it does not contain dependency information.
[07Jan2026 20:58:32.236] [main/DEBUG] [net.minecraftforge.fml.loading.moddiscovery.AbstractJarFileDependencyLocator/]: Failed to load resource META-INF/jarjar/metadata.json from [1.20.1] SecurityCraft v1.10.1.jar, it does not contain dependency information.
[07Jan2026 20:58:32.236] [main/DEBUG] [net.minecraftforge.fml.loading.moddiscovery.AbstractJarFileDependencyLocator/]: Failed to load resource META-INF/jarjar/metadata.json from tombstone-1.20.1-9.0.9.jar, it does not contain dependency information.
[07Jan2026 20:58:32.236] [main/DEBUG] [net.minecraftforge.fml.loading.moddiscovery.AbstractJarFileDependencyLocator/]: Failed to load resource META-INF/jarjar/metadata.json from architectury-9.2.14-forge (1).jar, it does not contain dependency information.
[07Jan2026 20:58:32.236] [main/DEBUG] [net.minecraftforge.fml.loading.moddiscovery.AbstractJarFileDependencyLocator/]: Failed to load resource META-INF/jarjar/metadata.json from ferritecore-6.0.1-forge.jar, it does not contain dependency information.
[07Jan2026 20:58:32.236] [main/DEBUG] [net.minecraftforge.fml.loading.moddiscovery.AbstractJarFileDependencyLocator/]: Failed to load resource META-INF/jarjar/metadata.json from observable-4.4.1.jar, it does not contain dependency information.
[07Jan2026 20:58:32.236] [main/DEBUG] [net.minecraftforge.fml.loading.moddiscovery.AbstractJarFileDependencyLocator/]: Failed to load resource META-INF/jarjar/metadata.json from PlayerRevive_FORGE_v2.0.31_mc1.20.1.jar, it does not contain dependency information.
[07Jan2026 20:58:32.237] [main/DEBUG] [net.minecraftforge.fml.loading.moddiscovery.AbstractJarFileDependencyLocator/]: Failed to load resource META-INF/jarjar/metadata.json from mclanguage-1.20.1-47.3.7.jar, it does not contain dependency information.
[07Jan2026 20:58:32.237] [main/DEBUG] [net.minecraftforge.fml.loading.moddiscovery.AbstractJarFileDependencyLocator/]: Failed to load resource META-INF/jarjar/metadata.json from javafmllanguage-1.20.1-47.3.7.jar, it does not contain dependency information.
[07Jan2026 20:58:32.237] [main/DEBUG] [net.minecraftforge.fml.loading.moddiscovery.AbstractJarFileDependencyLocator/]: Failed to load resource META-INF/jarjar/metadata.json from fmlcore-1.20.1-47.3.7.jar, it does not contain dependency information.
[07Jan2026 20:58:32.237] [main/DEBUG] [net.minecraftforge.fml.loading.moddiscovery.AbstractJarFileDependencyLocator/]: Failed to load resource META-INF/jarjar/metadata.json from lowcodelanguage-1.20.1-47.3.7.jar, it does not contain dependency information.
[07Jan2026 20:58:32.290] [main/DEBUG] [net.minecraftforge.fml.loading.moddiscovery.ModFileParser/LOADING]: Considering mod file candidate 
[07Jan2026 20:58:32.291] [main/DEBUG] [net.minecraftforge.fml.loading.moddiscovery.ModFileInfo/LOADING]: Found valid mod file mixinextras-forge-0.4.1.jar with {mixinextras} mods - versions {0.4.1}
[07Jan2026 20:58:32.295] [main/DEBUG] [net.minecraftforge.fml.loading.moddiscovery.ModFileParser/LOADING]: Considering mod file candidate 
[07Jan2026 20:58:32.296] [main/DEBUG] [net.minecraftforge.fml.loading.moddiscovery.ModFileInfo/LOADING]: Found valid mod file mixinextras-forge-0.5.0-beta.5.jar with {mixinextras} mods - versions {0.5.0-beta.5}
[07Jan2026 20:58:32.297] [main/DEBUG] [net.minecraftforge.fml.loading.moddiscovery.ModFileParser/LOADING]: Considering mod file candidate 
[07Jan2026 20:58:32.298] [main/DEBUG] [net.minecraftforge.fml.loading.moddiscovery.ModFileInfo/LOADING]: Found valid mod file kuma-api-forge-20.1.12+1.20.1.jar with {kuma_api} mods - versions {20.1.12}
[07Jan2026 20:58:32.301] [main/DEBUG] [net.minecraftforge.fml.loading.moddiscovery.ModFileParser/LOADING]: Considering mod file candidate 
[07Jan2026 20:58:32.301] [main/DEBUG] [net.minecraftforge.fml.loading.moddiscovery.ModFileInfo/LOADING]: Found valid mod file mixinextras-forge-0.4.1.jar with {mixinextras} mods - versions {0.4.1}
[07Jan2026 20:58:32.303] [main/DEBUG] [net.minecraftforge.fml.loading.moddiscovery.ModFileParser/LOADING]: Considering mod file candidate 
[07Jan2026 20:58:32.304] [main/DEBUG] [net.minecraftforge.fml.loading.moddiscovery.ModFileInfo/LOADING]: Found valid mod file mixinextras-forge-0.3.5.jar with {mixinextras} mods - versions {0.3.5}
[07Jan2026 20:58:32.305] [main/DEBUG] [net.minecraftforge.fml.loading.moddiscovery.ModFileParser/LOADING]: Considering mod file candidate 
[07Jan2026 20:58:32.306] [main/DEBUG] [net.minecraftforge.fml.loading.moddiscovery.ModFileInfo/LOADING]: Found valid mod file puzzlesaccessapi-forge-20.1.1.jar with {puzzlesaccessapi} mods - versions {20.1.1}
[07Jan2026 20:58:32.307] [main/DEBUG] [net.minecraftforge.fml.loading.moddiscovery.ModFileParser/LOADING]: Considering mod file candidate 
[07Jan2026 20:58:32.308] [main/DEBUG] [net.minecraftforge.fml.loading.moddiscovery.ModFileInfo/LOADING]: Found valid mod file mixinextras-forge-0.4.1.jar with {mixinextras} mods - versions {0.4.1}
[07Jan2026 20:58:32.311] [main/DEBUG] [net.minecraftforge.fml.loading.moddiscovery.ModFileParser/LOADING]: Considering mod file candidate 
[07Jan2026 20:58:32.311] [main/DEBUG] [net.minecraftforge.fml.loading.moddiscovery.ModFileInfo/LOADING]: Found valid mod file expandability-forge-9.0.4.jar with {expandability} mods - versions {9.0.4}
[07Jan2026 20:58:32.313] [main/DEBUG] [net.minecraftforge.fml.loading.moddiscovery.ModFileParser/LOADING]: Considering mod file candidate 
[07Jan2026 20:58:32.314] [main/DEBUG] [net.minecraftforge.fml.loading.moddiscovery.ModFileInfo/LOADING]: Found valid mod file mixinextras-forge-0.3.5.jar with {mixinextras} mods - versions {0.3.5}
[07Jan2026 20:58:32.319] [main/DEBUG] [net.minecraftforge.fml.loading.moddiscovery.ModFileParser/LOADING]: Considering mod file candidate 
[07Jan2026 20:58:32.320] [main/DEBUG] [net.minecraftforge.fml.loading.moddiscovery.ModFileInfo/LOADING]: Found valid mod file mixinextras-forge-0.4.1.jar with {mixinextras} mods - versions {0.4.1}
[07Jan2026 20:58:32.326] [main/DEBUG] [net.minecraftforge.fml.loading.moddiscovery.ModFileParser/LOADING]: Considering mod file candidate 
[07Jan2026 20:58:32.327] [main/DEBUG] [net.minecraftforge.fml.loading.moddiscovery.ModFileInfo/LOADING]: Found valid mod file kffmod-4.11.0.jar with {kotlinforforge} mods - versions {4.11.0}
[07Jan2026 20:58:32.347] [main/DEBUG] [net.minecraftforge.fml.loading.moddiscovery.AbstractJarFileDependencyLocator/]: Failed to load resource META-INF/jarjar/metadata.json from kuma-api-forge-20.1.12+1.20.1.jar, it does not contain dependency information.
[07Jan2026 20:58:32.355] [main/DEBUG] [net.minecraftforge.fml.loading.moddiscovery.AbstractJarFileDependencyLocator/]: Failed to load resource META-INF/jarjar/metadata.json from puzzlesaccessapi-forge-20.1.1.jar, it does not contain dependency information.
[07Jan2026 20:58:32.365] [main/DEBUG] [net.minecraftforge.fml.loading.moddiscovery.AbstractJarFileDependencyLocator/]: Failed to load resource META-INF/jarjar/metadata.json from mclib-20.jar, it does not contain dependency information.
[07Jan2026 20:58:32.369] [main/DEBUG] [net.minecraftforge.fml.loading.moddiscovery.AbstractJarFileDependencyLocator/]: Failed to load resource META-INF/jarjar/metadata.json from kfflang-4.11.0.jar, it does not contain dependency information.
[07Jan2026 20:58:32.369] [main/DEBUG] [net.minecraftforge.fml.loading.moddiscovery.AbstractJarFileDependencyLocator/]: Failed to load resource META-INF/jarjar/metadata.json from kfflib-4.11.0.jar, it does not contain dependency information.
[07Jan2026 20:58:32.370] [main/DEBUG] [net.minecraftforge.fml.loading.moddiscovery.AbstractJarFileDependencyLocator/]: Failed to load resource META-INF/jarjar/metadata.json from kffmod-4.11.0.jar, it does not contain dependency information.
[07Jan2026 20:58:32.370] [main/DEBUG] [net.minecraftforge.fml.loading.moddiscovery.AbstractJarFileDependencyLocator/]: Failed to load resource META-INF/jarjar/metadata.json from MixinExtras-0.4.1.jar, it does not contain dependency information.
[07Jan2026 20:58:32.370] [main/DEBUG] [net.minecraftforge.fml.loading.moddiscovery.AbstractJarFileDependencyLocator/]: Failed to load resource META-INF/jarjar/metadata.json from MixinExtras-0.5.0-beta.5.jar, it does not contain dependency information.
[07Jan2026 20:58:32.370] [main/DEBUG] [net.minecraftforge.fml.loading.moddiscovery.AbstractJarFileDependencyLocator/]: Failed to load resource META-INF/jarjar/metadata.json from MixinExtras-0.4.1.jar, it does not contain dependency information.
[07Jan2026 20:58:32.370] [main/DEBUG] [net.minecraftforge.fml.loading.moddiscovery.AbstractJarFileDependencyLocator/]: Failed to load resource META-INF/jarjar/metadata.json from MixinExtras-0.3.5.jar, it does not contain dependency information.
[07Jan2026 20:58:32.370] [main/DEBUG] [net.minecraftforge.fml.loading.moddiscovery.AbstractJarFileDependencyLocator/]: Failed to load resource META-INF/jarjar/metadata.json from MixinExtras-0.4.1.jar, it does not contain dependency information.
[07Jan2026 20:58:32.371] [main/DEBUG] [net.minecraftforge.fml.loading.moddiscovery.AbstractJarFileDependencyLocator/]: Failed to load resource META-INF/jarjar/metadata.json from MixinExtras-0.1.1.jar, it does not contain dependency information.
[07Jan2026 20:58:32.371] [main/DEBUG] [net.minecraftforge.fml.loading.moddiscovery.AbstractJarFileDependencyLocator/]: Failed to load resource META-INF/jarjar/metadata.json from MixinExtras-0.3.5.jar, it does not contain dependency information.
[07Jan2026 20:58:32.371] [main/DEBUG] [net.minecraftforge.fml.loading.moddiscovery.AbstractJarFileDependencyLocator/]: Failed to load resource META-INF/jarjar/metadata.json from MixinExtras-0.4.1.jar, it does not contain dependency information.
[07Jan2026 20:58:32.397] [main/DEBUG] [net.minecraftforge.fml.loading.moddiscovery.ModFileParser/LOADING]: Considering mod file candidate 
[07Jan2026 20:58:32.397] [main/DEBUG] [net.minecraftforge.fml.loading.moddiscovery.ModFileInfo/LOADING]: Found valid mod file puzzlesaccessapi-forge-20.1.1.jar with {puzzlesaccessapi} mods - versions {20.1.1}
[07Jan2026 20:58:32.411] [main/DEBUG] [net.minecraftforge.fml.loading.moddiscovery.ModFileParser/LOADING]: Considering mod file candidate 
[07Jan2026 20:58:32.411] [main/DEBUG] [net.minecraftforge.fml.loading.moddiscovery.ModFileInfo/LOADING]: Found valid mod file mixinextras-forge-0.5.0-beta.5.jar with {mixinextras} mods - versions {0.5.0-beta.5}
[07Jan2026 20:58:32.412] [main/DEBUG] [net.minecraftforge.fml.loading.moddiscovery.ModFileParser/LOADING]: Considering mod file candidate 
[07Jan2026 20:58:32.413] [main/DEBUG] [net.minecraftforge.fml.loading.moddiscovery.ModFileInfo/LOADING]: Found valid mod file kffmod-4.11.0.jar with {kotlinforforge} mods - versions {4.11.0}
[07Jan2026 20:58:32.415] [main/DEBUG] [net.minecraftforge.fml.loading.moddiscovery.ModFileParser/LOADING]: Considering mod file candidate 
[07Jan2026 20:58:32.415] [main/DEBUG] [net.minecraftforge.fml.loading.moddiscovery.ModFileInfo/LOADING]: Found valid mod file expandability-forge-9.0.4.jar with {expandability} mods - versions {9.0.4}
[07Jan2026 20:58:32.419] [main/DEBUG] [net.minecraftforge.fml.loading.moddiscovery.ModFileParser/LOADING]: Considering mod file candidate 
[07Jan2026 20:58:32.419] [main/DEBUG] [net.minecraftforge.fml.loading.moddiscovery.ModFileInfo/LOADING]: Found valid mod file kuma-api-forge-20.1.12+1.20.1.jar with {kuma_api} mods - versions {20.1.12}
[07Jan2026 20:58:32.421] [main/INFO] [net.minecraftforge.fml.loading.moddiscovery.JarInJarDependencyLocator/]: Found 9 dependencies adding them to mods collection
[07Jan2026 20:58:32.423] [main/DEBUG] [net.minecraftforge.fml.loading.moddiscovery.ModFileParser/LOADING]: Considering mod file candidate /workspaces/Servy/servidor_minecraft/mods/TreeChop-1.20.1-forge-0.19.0-fixed.jar
[07Jan2026 20:58:32.424] [main/DEBUG] [net.minecraftforge.fml.loading.moddiscovery.ModFileInfo/LOADING]: Found valid mod file TreeChop-1.20.1-forge-0.19.0-fixed.jar with {treechop} mods - versions {0.19.0}
[07Jan2026 20:58:32.426] [main/DEBUG] [net.minecraftforge.fml.loading.moddiscovery.ModFile/LOADING]: Loading mod file /workspaces/Servy/servidor_minecraft/mods/TreeChop-1.20.1-forge-0.19.0-fixed.jar with languages [LanguageSpec[languageName=javafml, acceptedVersions=[32,)]]
[07Jan2026 20:58:32.427] [main/DEBUG] [net.minecraftforge.fml.loading.moddiscovery.ModFileParser/LOADING]: Considering mod file candidate /workspaces/Servy/servidor_minecraft/mods/uniquedungeons-0.70.5-74.2.0.jar
[07Jan2026 20:58:32.427] [main/DEBUG] [net.minecraftforge.fml.loading.moddiscovery.ModFileInfo/LOADING]: Found valid mod file uniquedungeons-0.70.5-74.2.0.jar with {uniquedungeons} mods - versions {0.70.5}
[07Jan2026 20:58:32.427] [main/DEBUG] [net.minecraftforge.fml.loading.moddiscovery.ModFile/LOADING]: Loading mod file /workspaces/Servy/servidor_minecraft/mods/uniquedungeons-0.70.5-74.2.0.jar with languages [LanguageSpec[languageName=javafml, acceptedVersions=[36,)]]
[07Jan2026 20:58:32.427] [main/DEBUG] [net.minecraftforge.fml.loading.moddiscovery.ModFileParser/LOADING]: Considering mod file candidate 
[07Jan2026 20:58:32.428] [main/DEBUG] [net.minecraftforge.fml.loading.moddiscovery.ModFileInfo/LOADING]: Found valid mod file kuma-api-forge-20.1.12+1.20.1.jar with {kuma_api} mods - versions {20.1.12}
[07Jan2026 20:58:32.428] [main/DEBUG] [net.minecraftforge.fml.loading.moddiscovery.ModFile/LOADING]: Loading mod file  with languages [LanguageSpec[languageName=javafml, acceptedVersions=[47,)]]
[07Jan2026 20:58:32.428] [main/DEBUG] [net.minecraftforge.fml.loading.moddiscovery.ModFileParser/LOADING]: Considering mod file candidate /workspaces/Servy/servidor_minecraft/mods/alexsmobs-1.22.9.jar
[07Jan2026 20:58:32.429] [main/DEBUG] [net.minecraftforge.fml.loading.moddiscovery.ModFileInfo/LOADING]: Found valid mod file alexsmobs-1.22.9.jar with {alexsmobs} mods - versions {1.22.9}
[07Jan2026 20:58:32.429] [main/DEBUG] [net.minecraftforge.fml.loading.moddiscovery.ModFile/LOADING]: Loading mod file /workspaces/Servy/servidor_minecraft/mods/alexsmobs-1.22.9.jar with languages [LanguageSpec[languageName=javafml, acceptedVersions=[46,)]]
[07Jan2026 20:58:32.429] [main/DEBUG] [net.minecraftforge.fml.loading.moddiscovery.ModFileParser/LOADING]: Considering mod file candidate /workspaces/Servy/servidor_minecraft/mods/geckolib-forge-1.20.1-4.8.2.jar
[07Jan2026 20:58:32.429] [main/DEBUG] [net.minecraftforge.fml.loading.moddiscovery.ModFileInfo/LOADING]: Found valid mod file geckolib-forge-1.20.1-4.8.2.jar with {geckolib} mods - versions {4.8.2}
[07Jan2026 20:58:32.430] [main/DEBUG] [net.minecraftforge.fml.loading.moddiscovery.ModFile/LOADING]: Loading mod file /workspaces/Servy/servidor_minecraft/mods/geckolib-forge-1.20.1-4.8.2.jar with languages [LanguageSpec[languageName=javafml, acceptedVersions=[47,)]]
[07Jan2026 20:58:32.430] [main/DEBUG] [net.minecraftforge.fml.loading.moddiscovery.ModFileParser/LOADING]: Considering mod file candidate /workspaces/Servy/servidor_minecraft/mods/jei-1.20.1-forge-15.20.0.112.jar
[07Jan2026 20:58:32.430] [main/DEBUG] [net.minecraftforge.fml.loading.moddiscovery.ModFileInfo/LOADING]: Found valid mod file jei-1.20.1-forge-15.20.0.112.jar with {jei} mods - versions {15.20.0.112}
[07Jan2026 20:58:32.430] [main/DEBUG] [net.minecraftforge.fml.loading.moddiscovery.ModFile/LOADING]: Loading mod file /workspaces/Servy/servidor_minecraft/mods/jei-1.20.1-forge-15.20.0.112.jar with languages [LanguageSpec[languageName=javafml, acceptedVersions=[47,)]]
[07Jan2026 20:58:32.431] [main/DEBUG] [net.minecraftforge.fml.loading.moddiscovery.ModFileParser/LOADING]: Considering mod file candidate /workspaces/Servy/servidor_minecraft/mods/The_Graveyard_3.1_(FORGE)_for_1.20.1.jar
[07Jan2026 20:58:32.431] [main/DEBUG] [net.minecraftforge.fml.loading.moddiscovery.ModFileInfo/LOADING]: Found valid mod file The_Graveyard_3.1_(FORGE)_for_1.20.1.jar with {graveyard} mods - versions {3.1}
[07Jan2026 20:58:32.431] [main/DEBUG] [net.minecraftforge.fml.loading.moddiscovery.ModFile/LOADING]: Loading mod file /workspaces/Servy/servidor_minecraft/mods/The_Graveyard_3.1_(FORGE)_for_1.20.1.jar with languages [LanguageSpec[languageName=javafml, acceptedVersions=[37,)]]
[07Jan2026 20:58:32.431] [main/DEBUG] [net.minecraftforge.fml.loading.moddiscovery.ModFileParser/LOADING]: Considering mod file candidate /workspaces/Servy/servidor_minecraft/mods/Uppers-1.0.1.jar
[07Jan2026 20:58:32.432] [main/DEBUG] [net.minecraftforge.fml.loading.moddiscovery.ModFileInfo/LOADING]: Found valid mod file Uppers-1.0.1.jar with {uppers} mods - versions {1.0.1}
[07Jan2026 20:58:32.432] [main/DEBUG] [net.minecraftforge.fml.loading.moddiscovery.ModFile/LOADING]: Loading mod file /workspaces/Servy/servidor_minecraft/mods/Uppers-1.0.1.jar with languages [LanguageSpec[languageName=javafml, acceptedVersions=[44,)]]
[07Jan2026 20:58:32.432] [main/DEBUG] [net.minecraftforge.fml.loading.moddiscovery.ModFileParser/LOADING]: Considering mod file candidate /workspaces/Servy/servidor_minecraft/mods/reap-1.20.1-1.0.2.jar
[07Jan2026 20:58:32.432] [main/DEBUG] [net.minecraftforge.fml.loading.moddiscovery.ModFileInfo/LOADING]: Found valid mod file reap-1.20.1-1.0.2.jar with {reap} mods - versions {1.20.1-1.0.2}
[07Jan2026 20:58:32.433] [main/DEBUG] [net.minecraftforge.fml.loading.moddiscovery.ModFile/LOADING]: Loading mod file /workspaces/Servy/servidor_minecraft/mods/reap-1.20.1-1.0.2.jar with languages [LanguageSpec[languageName=javafml, acceptedVersions=[47,)]]
[07Jan2026 20:58:32.433] [main/DEBUG] [net.minecraftforge.fml.loading.moddiscovery.ModFileParser/LOADING]: Considering mod file candidate /workspaces/Servy/servidor_minecraft/mods/waystones-forge-1.20.1-14.1.17.jar
[07Jan2026 20:58:32.433] [main/DEBUG] [net.minecraftforge.fml.loading.moddiscovery.ModFileInfo/LOADING]: Found valid mod file waystones-forge-1.20.1-14.1.17.jar with {waystones} mods - versions {14.1.17}
[07Jan2026 20:58:32.433] [main/DEBUG] [net.minecraftforge.fml.loading.moddiscovery.ModFile/LOADING]: Loading mod file /workspaces/Servy/servidor_minecraft/mods/waystones-forge-1.20.1-14.1.17.jar with languages [LanguageSpec[languageName=javafml, acceptedVersions=[46,)]]
[07Jan2026 20:58:32.433] [main/DEBUG] [net.minecraftforge.fml.loading.moddiscovery.ModFileParser/LOADING]: Considering mod file candidate /workspaces/Servy/servidor_minecraft/mods/Clumps-forge-1.20.1-12.0.0.4.jar
[07Jan2026 20:58:32.434] [main/DEBUG] [net.minecraftforge.fml.loading.moddiscovery.ModFileInfo/LOADING]: Found valid mod file Clumps-forge-1.20.1-12.0.0.4.jar with {clumps} mods - versions {12.0.0.4}
[07Jan2026 20:58:32.434] [main/DEBUG] [net.minecraftforge.fml.loading.moddiscovery.ModFile/LOADING]: Loading mod file /workspaces/Servy/servidor_minecraft/mods/Clumps-forge-1.20.1-12.0.0.4.jar with languages [LanguageSpec[languageName=javafml, acceptedVersions=[41,)]]
[07Jan2026 20:58:32.434] [main/DEBUG] [net.minecraftforge.fml.loading.moddiscovery.ModFileParser/LOADING]: Considering mod file candidate /workspaces/Servy/servidor_minecraft/mods/XaerosWorldMap_1.39.12_Forge_1.20.jar
[07Jan2026 20:58:32.435] [main/DEBUG] [net.minecraftforge.fml.loading.moddiscovery.ModFileInfo/LOADING]: Found valid mod file XaerosWorldMap_1.39.12_Forge_1.20.jar with {xaeroworldmap} mods - versions {1.39.12}
[07Jan2026 20:58:32.435] [main/DEBUG] [net.minecraftforge.fml.loading.moddiscovery.ModFile/LOADING]: Loading mod file /workspaces/Servy/servidor_minecraft/mods/XaerosWorldMap_1.39.12_Forge_1.20.jar with languages [LanguageSpec[languageName=javafml, acceptedVersions=[46,48)]]
[07Jan2026 20:58:32.437] [main/DEBUG] [net.minecraftforge.fml.loading.moddiscovery.ModFileParser/LOADING]: Found coremod xaeroworldmap_core with Javascript path META-INF/xaeroworldmap_core.js
[07Jan2026 20:58:32.437] [main/DEBUG] [net.minecraftforge.fml.loading.moddiscovery.ModFile/LOADING]: Found coremod META-INF/xaeroworldmap_core.js
[07Jan2026 20:58:32.437] [main/DEBUG] [net.minecraftforge.fml.loading.moddiscovery.ModFileParser/LOADING]: Considering mod file candidate /workspaces/Servy/servidor_minecraft/mods/citadel-2.6.2-1.20.1.jar
[07Jan2026 20:58:32.437] [main/DEBUG] [net.minecraftforge.fml.loading.moddiscovery.ModFileInfo/LOADING]: Found valid mod file citadel-2.6.2-1.20.1.jar with {citadel} mods - versions {2.6.2}
[07Jan2026 20:58:32.437] [main/DEBUG] [net.minecraftforge.fml.loading.moddiscovery.ModFile/LOADING]: Loading mod file /workspaces/Servy/servidor_minecraft/mods/citadel-2.6.2-1.20.1.jar with languages [LanguageSpec[languageName=javafml, acceptedVersions=[47,)]]
[07Jan2026 20:58:32.438] [main/DEBUG] [net.minecraftforge.fml.loading.moddiscovery.ModFileParser/LOADING]: Considering mod file candidate /workspaces/Servy/servidor_minecraft/mods/modernfix-forge-5.25.1+mc1.20.1.jar
[07Jan2026 20:58:32.438] [main/DEBUG] [net.minecraftforge.fml.loading.moddiscovery.ModFileInfo/LOADING]: Found valid mod file modernfix-forge-5.25.1+mc1.20.1.jar with {modernfix} mods - versions {5.25.1+mc1.20.1}
[07Jan2026 20:58:32.438] [main/DEBUG] [net.minecraftforge.fml.loading.moddiscovery.ModFile/LOADING]: Loading mod file /workspaces/Servy/servidor_minecraft/mods/modernfix-forge-5.25.1+mc1.20.1.jar with languages [LanguageSpec[languageName=javafml, acceptedVersions=[46,)]]
[07Jan2026 20:58:32.438] [main/DEBUG] [net.minecraftforge.fml.loading.moddiscovery.ModFileParser/LOADING]: Considering mod file candidate /workspaces/Servy/servidor_minecraft/mods/artifacts-forge-9.5.16.jar
[07Jan2026 20:58:32.439] [main/DEBUG] [net.minecraftforge.fml.loading.moddiscovery.ModFileInfo/LOADING]: Found valid mod file artifacts-forge-9.5.16.jar with {artifacts} mods - versions {9.5.16}
[07Jan2026 20:58:32.439] [main/DEBUG] [net.minecraftforge.fml.loading.moddiscovery.ModFile/LOADING]: Loading mod file /workspaces/Servy/servidor_minecraft/mods/artifacts-forge-9.5.16.jar with languages [LanguageSpec[languageName=javafml, acceptedVersions=[47,)]]
[07Jan2026 20:58:32.439] [main/DEBUG] [net.minecraftforge.fml.loading.moddiscovery.ModFileParser/LOADING]: Considering mod file candidate /workspaces/Servy/servidor_minecraft/mods/travelersbackpack-forge-1.20.1-9.1.46.jar
[07Jan2026 20:58:32.440] [main/DEBUG] [net.minecraftforge.fml.loading.moddiscovery.ModFileInfo/LOADING]: Found valid mod file travelersbackpack-forge-1.20.1-9.1.46.jar with {travelersbackpack} mods - versions {9.1.46}
[07Jan2026 20:58:32.440] [main/DEBUG] [net.minecraftforge.fml.loading.moddiscovery.ModFile/LOADING]: Loading mod file /workspaces/Servy/servidor_minecraft/mods/travelersbackpack-forge-1.20.1-9.1.46.jar with languages [LanguageSpec[languageName=javafml, acceptedVersions=[46,)]]
[07Jan2026 20:58:32.440] [main/DEBUG] [net.minecraftforge.fml.loading.moddiscovery.ModFileParser/LOADING]: Considering mod file candidate /workspaces/Servy/servidor_minecraft/mods/beautifiedchatserver-1.20.1-2.7.jar
[07Jan2026 20:58:32.441] [main/DEBUG] [net.minecraftforge.fml.loading.moddiscovery.ModFileInfo/LOADING]: Found valid mod file beautifiedchatserver-1.20.1-2.7.jar with {beautifiedchatserver} mods - versions {2.7}
[07Jan2026 20:58:32.441] [main/DEBUG] [net.minecraftforge.fml.loading.moddiscovery.ModFile/LOADING]: Loading mod file /workspaces/Servy/servidor_minecraft/mods/beautifiedchatserver-1.20.1-2.7.jar with languages [LanguageSpec[languageName=javafml, acceptedVersions=*]]
[07Jan2026 20:58:32.441] [main/DEBUG] [net.minecraftforge.fml.loading.moddiscovery.ModFileParser/LOADING]: Considering mod file candidate /workspaces/Servy/servidor_minecraft/mods/fossil-forge-1.20.1-9.3.0.2.jar
[07Jan2026 20:58:32.442] [main/DEBUG] [net.minecraftforge.fml.loading.moddiscovery.ModFileInfo/LOADING]: Found valid mod file fossil-forge-1.20.1-9.3.0.2.jar with {fossil} mods - versions {9.3.0.2}
[07Jan2026 20:58:32.442] [main/DEBUG] [net.minecraftforge.fml.loading.moddiscovery.ModFile/LOADING]: Loading mod file /workspaces/Servy/servidor_minecraft/mods/fossil-forge-1.20.1-9.3.0.2.jar with languages [LanguageSpec[languageName=javafml, acceptedVersions=[47,)]]
[07Jan2026 20:58:32.442] [main/DEBUG] [net.minecraftforge.fml.loading.moddiscovery.ModFileParser/LOADING]: Considering mod file candidate /workspaces/Servy/servidor_minecraft/mods/PickUpNotifier-v8.0.0-1.20.1-Forge.jar
[07Jan2026 20:58:32.442] [main/DEBUG] [net.minecraftforge.fml.loading.moddiscovery.ModFileInfo/LOADING]: Found valid mod file PickUpNotifier-v8.0.0-1.20.1-Forge.jar with {pickupnotifier} mods - versions {8.0.0}
[07Jan2026 20:58:32.443] [main/DEBUG] [net.minecraftforge.fml.loading.moddiscovery.ModFile/LOADING]: Loading mod file /workspaces/Servy/servidor_minecraft/mods/PickUpNotifier-v8.0.0-1.20.1-Forge.jar with languages [LanguageSpec[languageName=javafml, acceptedVersions=[47,)]]
[07Jan2026 20:58:32.443] [main/DEBUG] [net.minecraftforge.fml.loading.moddiscovery.ModFileParser/LOADING]: Considering mod file candidate /workspaces/Servy/servidor_minecraft/mods/balm-forge-1.20.1-7.3.37-all.jar
[07Jan2026 20:58:32.443] [main/DEBUG] [net.minecraftforge.fml.loading.moddiscovery.ModFileInfo/LOADING]: Found valid mod file balm-forge-1.20.1-7.3.37-all.jar with {balm} mods - versions {7.3.37}
[07Jan2026 20:58:32.443] [main/DEBUG] [net.minecraftforge.fml.loading.moddiscovery.ModFile/LOADING]: Loading mod file /workspaces/Servy/servidor_minecraft/mods/balm-forge-1.20.1-7.3.37-all.jar with languages [LanguageSpec[languageName=javafml, acceptedVersions=[46,)]]
[07Jan2026 20:58:32.443] [main/DEBUG] [net.minecraftforge.fml.loading.moddiscovery.ModFileParser/LOADING]: Considering mod file candidate /workspaces/Servy/servidor_minecraft/mods/morehitboxes-forge-1.20.1-1.9.2.jar
[07Jan2026 20:58:32.444] [main/DEBUG] [net.minecraftforge.fml.loading.moddiscovery.ModFileInfo/LOADING]: Found valid mod file morehitboxes-forge-1.20.1-1.9.2.jar with {morehitboxes} mods - versions {1.9.2}
[07Jan2026 20:58:32.444] [main/DEBUG] [net.minecraftforge.fml.loading.moddiscovery.ModFile/LOADING]: Loading mod file /workspaces/Servy/servidor_minecraft/mods/morehitboxes-forge-1.20.1-1.9.2.jar with languages [LanguageSpec[languageName=javafml, acceptedVersions=[47,)]]
[07Jan2026 20:58:32.444] [main/DEBUG] [net.minecraftforge.fml.loading.moddiscovery.ModFileParser/LOADING]: Considering mod file candidate /workspaces/Servy/servidor_minecraft/mods/CraftTweaker-forge-1.20.1-14.0.59.jar
[07Jan2026 20:58:32.444] [main/DEBUG] [net.minecraftforge.fml.loading.moddiscovery.ModFileInfo/LOADING]: Found valid mod file CraftTweaker-forge-1.20.1-14.0.59.jar with {crafttweaker} mods - versions {14.0.59}
[07Jan2026 20:58:32.445] [main/DEBUG] [net.minecraftforge.fml.loading.moddiscovery.ModFile/LOADING]: Loading mod file /workspaces/Servy/servidor_minecraft/mods/CraftTweaker-forge-1.20.1-14.0.59.jar with languages [LanguageSpec[languageName=javafml, acceptedVersions=[39,)]]
[07Jan2026 20:58:32.445] [main/DEBUG] [net.minecraftforge.fml.loading.moddiscovery.ModFileParser/LOADING]: Considering mod file candidate /workspaces/Servy/servidor_minecraft/mods/interaction_boxes-0.693.jar
[07Jan2026 20:58:32.445] [main/DEBUG] [net.minecraftforge.fml.loading.moddiscovery.ModFileInfo/LOADING]: Found valid mod file interaction_boxes-0.693.jar with {interaction_boxes} mods - versions {0.693}
[07Jan2026 20:58:32.445] [main/DEBUG] [net.minecraftforge.fml.loading.moddiscovery.ModFile/LOADING]: Loading mod file /workspaces/Servy/servidor_minecraft/mods/interaction_boxes-0.693.jar with languages [LanguageSpec[languageName=javafml, acceptedVersions=[36,)]]
[07Jan2026 20:58:32.446] [main/DEBUG] [net.minecraftforge.fml.loading.moddiscovery.ModFileParser/LOADING]: Considering mod file candidate 
[07Jan2026 20:58:32.446] [main/DEBUG] [net.minecraftforge.fml.loading.moddiscovery.ModFileInfo/LOADING]: Found valid mod file puzzlesaccessapi-forge-20.1.1.jar with {puzzlesaccessapi} mods - versions {20.1.1}
[07Jan2026 20:58:32.446] [main/DEBUG] [net.minecraftforge.fml.loading.moddiscovery.ModFile/LOADING]: Loading mod file  with languages [LanguageSpec[languageName=javafml, acceptedVersions=*]]
[07Jan2026 20:58:32.446] [main/DEBUG] [net.minecraftforge.fml.loading.moddiscovery.ModFileParser/LOADING]: Considering mod file candidate /workspaces/Servy/servidor_minecraft/mods/cloth-config-11.1.136-forge.jar
[07Jan2026 20:58:32.447] [main/DEBUG] [net.minecraftforge.fml.loading.moddiscovery.ModFileInfo/LOADING]: Found valid mod file cloth-config-11.1.136-forge.jar with {cloth_config} mods - versions {11.1.136}
[07Jan2026 20:58:32.447] [main/DEBUG] [net.minecraftforge.fml.loading.moddiscovery.ModFile/LOADING]: Loading mod file /workspaces/Servy/servidor_minecraft/mods/cloth-config-11.1.136-forge.jar with languages [LanguageSpec[languageName=javafml, acceptedVersions=[34,)]]
[07Jan2026 20:58:32.447] [main/DEBUG] [net.minecraftforge.fml.loading.moddiscovery.ModFileParser/LOADING]: Considering mod file candidate /workspaces/Servy/servidor_minecraft/libraries/net/minecraftforge/forge/1.20.1-47.3.7/forge-1.20.1-47.3.7-universal.jar
[07Jan2026 20:58:32.448] [main/DEBUG] [net.minecraftforge.fml.loading.moddiscovery.ModFileInfo/LOADING]: Found valid mod file forge-1.20.1-47.3.7-universal.jar with {forge} mods - versions {47.3.7}
[07Jan2026 20:58:32.448] [main/DEBUG] [net.minecraftforge.fml.loading.moddiscovery.ModFile/LOADING]: Loading mod file /workspaces/Servy/servidor_minecraft/libraries/net/minecraftforge/forge/1.20.1-47.3.7/forge-1.20.1-47.3.7-universal.jar with languages [LanguageSpec[languageName=javafml, acceptedVersions=[24,]]]
[07Jan2026 20:58:32.448] [main/DEBUG] [net.minecraftforge.fml.loading.moddiscovery.ModFileParser/LOADING]: Found coremod field_to_method with Javascript path coremods/field_to_method.js
[07Jan2026 20:58:32.448] [main/DEBUG] [net.minecraftforge.fml.loading.moddiscovery.ModFileParser/LOADING]: Found coremod field_to_instanceof with Javascript path coremods/field_to_instanceof.js
[07Jan2026 20:58:32.448] [main/DEBUG] [net.minecraftforge.fml.loading.moddiscovery.ModFileParser/LOADING]: Found coremod add_bouncer_method with Javascript path coremods/add_bouncer_method.js
[07Jan2026 20:58:32.448] [main/DEBUG] [net.minecraftforge.fml.loading.moddiscovery.ModFileParser/LOADING]: Found coremod method_redirector with Javascript path coremods/method_redirector.js
[07Jan2026 20:58:32.448] [main/DEBUG] [net.minecraftforge.fml.loading.moddiscovery.ModFile/LOADING]: Found coremod coremods/field_to_method.js
[07Jan2026 20:58:32.449] [main/DEBUG] [net.minecraftforge.fml.loading.moddiscovery.ModFile/LOADING]: Found coremod coremods/field_to_instanceof.js
[07Jan2026 20:58:32.449] [main/DEBUG] [net.minecraftforge.fml.loading.moddiscovery.ModFile/LOADING]: Found coremod coremods/add_bouncer_method.js
[07Jan2026 20:58:32.449] [main/DEBUG] [net.minecraftforge.fml.loading.moddiscovery.ModFile/LOADING]: Found coremod coremods/method_redirector.js
[07Jan2026 20:58:32.449] [main/DEBUG] [net.minecraftforge.fml.loading.moddiscovery.ModFileParser/LOADING]: Considering mod file candidate /workspaces/Servy/servidor_minecraft/mods/tl_skin_cape_forge_1.20-1.38.jar
[07Jan2026 20:58:32.449] [main/DEBUG] [net.minecraftforge.fml.loading.moddiscovery.ModFileInfo/LOADING]: Found valid mod file tl_skin_cape_forge_1.20-1.38.jar with {tlskincape} mods - versions {1.38}
[07Jan2026 20:58:32.449] [main/DEBUG] [net.minecraftforge.fml.loading.moddiscovery.ModFile/LOADING]: Loading mod file /workspaces/Servy/servidor_minecraft/mods/tl_skin_cape_forge_1.20-1.38.jar with languages [LanguageSpec[languageName=javafml, acceptedVersions=[25,)]]
[07Jan2026 20:58:32.450] [main/DEBUG] [net.minecraftforge.fml.loading.moddiscovery.ModFileParser/LOADING]: Considering mod file candidate /workspaces/Servy/servidor_minecraft/mods/twilightforest-1.20.1-4.3.2508-universal.jar
[07Jan2026 20:58:32.450] [main/DEBUG] [net.minecraftforge.fml.loading.moddiscovery.ModFileInfo/LOADING]: Found valid mod file twilightforest-1.20.1-4.3.2508-universal.jar with {twilightforest} mods - versions {4.3.2508}
[07Jan2026 20:58:32.450] [main/DEBUG] [net.minecraftforge.fml.loading.moddiscovery.ModFile/LOADING]: Loading mod file /workspaces/Servy/servidor_minecraft/mods/twilightforest-1.20.1-4.3.2508-universal.jar with languages [LanguageSpec[languageName=javafml, acceptedVersions=[47,)]]
[07Jan2026 20:58:32.451] [main/DEBUG] [net.minecraftforge.fml.loading.moddiscovery.ModFileParser/LOADING]: Found coremod seed with Javascript path META-INF/asm/seed.js
[07Jan2026 20:58:32.451] [main/DEBUG] [net.minecraftforge.fml.loading.moddiscovery.ModFileParser/LOADING]: Found coremod maprendercontext with Javascript path META-INF/asm/maprendercontext.js
[07Jan2026 20:58:32.451] [main/DEBUG] [net.minecraftforge.fml.loading.moddiscovery.ModFileParser/LOADING]: Found coremod music with Javascript path META-INF/asm/music.js
[07Jan2026 20:58:32.451] [main/DEBUG] [net.minecraftforge.fml.loading.moddiscovery.ModFileParser/LOADING]: Found coremod multipart with Javascript path META-INF/asm/multipart.js
[07Jan2026 20:58:32.451] [main/DEBUG] [net.minecraftforge.fml.loading.moddiscovery.ModFileParser/LOADING]: Found coremod foliage with Javascript path META-INF/asm/foliage.js
[07Jan2026 20:58:32.451] [main/DEBUG] [net.minecraftforge.fml.loading.moddiscovery.ModFileParser/LOADING]: Found coremod mount with Javascript path META-INF/asm/mount.js
[07Jan2026 20:58:32.451] [main/DEBUG] [net.minecraftforge.fml.loading.moddiscovery.ModFileParser/LOADING]: Found coremod book with Javascript path META-INF/asm/book.js
[07Jan2026 20:58:32.451] [main/DEBUG] [net.minecraftforge.fml.loading.moddiscovery.ModFileParser/LOADING]: Found coremod conquered with Javascript path META-INF/asm/conquered.js
[07Jan2026 20:58:32.451] [main/DEBUG] [net.minecraftforge.fml.loading.moddiscovery.ModFileParser/LOADING]: Found coremod reach with Javascript path META-INF/asm/reach.js
[07Jan2026 20:58:32.451] [main/DEBUG] [net.minecraftforge.fml.loading.moddiscovery.ModFileParser/LOADING]: Found coremod shroom with Javascript path META-INF/asm/shroom.js
[07Jan2026 20:58:32.452] [main/DEBUG] [net.minecraftforge.fml.loading.moddiscovery.ModFileParser/LOADING]: Found coremod cloud with Javascript path META-INF/asm/cloud.js
[07Jan2026 20:58:32.452] [main/DEBUG] [net.minecraftforge.fml.loading.moddiscovery.ModFileParser/LOADING]: Found coremod lead with Javascript path META-INF/asm/lead.js
[07Jan2026 20:58:32.452] [main/DEBUG] [net.minecraftforge.fml.loading.moddiscovery.ModFile/LOADING]: Found coremod META-INF/asm/seed.js
[07Jan2026 20:58:32.452] [main/DEBUG] [net.minecraftforge.fml.loading.moddiscovery.ModFile/LOADING]: Found coremod META-INF/asm/maprendercontext.js
[07Jan2026 20:58:32.452] [main/DEBUG] [net.minecraftforge.fml.loading.moddiscovery.ModFile/LOADING]: Found coremod META-INF/asm/music.js
[07Jan2026 20:58:32.452] [main/DEBUG] [net.minecraftforge.fml.loading.moddiscovery.ModFile/LOADING]: Found coremod META-INF/asm/multipart.js
[07Jan2026 20:58:32.452] [main/DEBUG] [net.minecraftforge.fml.loading.moddiscovery.ModFile/LOADING]: Found coremod META-INF/asm/foliage.js
[07Jan2026 20:58:32.452] [main/DEBUG] [net.minecraftforge.fml.loading.moddiscovery.ModFile/LOADING]: Found coremod META-INF/asm/mount.js
[07Jan2026 20:58:32.452] [main/DEBUG] [net.minecraftforge.fml.loading.moddiscovery.ModFile/LOADING]: Found coremod META-INF/asm/book.js
[07Jan2026 20:58:32.452] [main/DEBUG] [net.minecraftforge.fml.loading.moddiscovery.ModFile/LOADING]: Found coremod META-INF/asm/conquered.js
[07Jan2026 20:58:32.452] [main/DEBUG] [net.minecraftforge.fml.loading.moddiscovery.ModFile/LOADING]: Found coremod META-INF/asm/reach.js
[07Jan2026 20:58:32.453] [main/DEBUG] [net.minecraftforge.fml.loading.moddiscovery.ModFile/LOADING]: Found coremod META-INF/asm/shroom.js
[07Jan2026 20:58:32.453] [main/DEBUG] [net.minecraftforge.fml.loading.moddiscovery.ModFile/LOADING]: Found coremod META-INF/asm/cloud.js
[07Jan2026 20:58:32.453] [main/DEBUG] [net.minecraftforge.fml.loading.moddiscovery.ModFile/LOADING]: Found coremod META-INF/asm/lead.js
[07Jan2026 20:58:32.453] [main/DEBUG] [net.minecraftforge.fml.loading.moddiscovery.ModFileParser/LOADING]: Considering mod file candidate /workspaces/Servy/servidor_minecraft/mods/embeddium-0.3.31+mc1.20.1.jar
[07Jan2026 20:58:32.453] [main/DEBUG] [net.minecraftforge.fml.loading.moddiscovery.ModFileInfo/LOADING]: Found valid mod file embeddium-0.3.31+mc1.20.1.jar with {embeddium,rubidium} mods - versions {0.3.31+mc1.20.1,0.7.1}
[07Jan2026 20:58:32.454] [main/DEBUG] [net.minecraftforge.fml.loading.moddiscovery.ModFile/LOADING]: Loading mod file /workspaces/Servy/servidor_minecraft/mods/embeddium-0.3.31+mc1.20.1.jar with languages [LanguageSpec[languageName=javafml, acceptedVersions=[47,)]]
[07Jan2026 20:58:32.454] [main/DEBUG] [net.minecraftforge.fml.loading.moddiscovery.ModFileParser/LOADING]: Considering mod file candidate /workspaces/Servy/servidor_minecraft/mods/BetterPingDisplay-1.20.1-1.1.jar
[07Jan2026 20:58:32.454] [main/DEBUG] [net.minecraftforge.fml.loading.moddiscovery.ModFileInfo/LOADING]: Found valid mod file BetterPingDisplay-1.20.1-1.1.jar with {betterpingdisplay} mods - versions {1.1}
[07Jan2026 20:58:32.454] [main/DEBUG] [net.minecraftforge.fml.loading.moddiscovery.ModFile/LOADING]: Loading mod file /workspaces/Servy/servidor_minecraft/mods/BetterPingDisplay-1.20.1-1.1.jar with languages [LanguageSpec[languageName=javafml, acceptedVersions=[47,)]]
[07Jan2026 20:58:32.455] [main/DEBUG] [net.minecraftforge.fml.loading.moddiscovery.ModFileParser/LOADING]: Considering mod file candidate /workspaces/Servy/servidor_minecraft/mods/TConstruct-1.20.1-3.10.2.92.jar
[07Jan2026 20:58:32.455] [main/DEBUG] [net.minecraftforge.fml.loading.moddiscovery.ModFileInfo/LOADING]: Found valid mod file TConstruct-1.20.1-3.10.2.92.jar with {tconstruct} mods - versions {3.10.2.92}
[07Jan2026 20:58:32.455] [main/DEBUG] [net.minecraftforge.fml.loading.moddiscovery.ModFile/LOADING]: Loading mod file /workspaces/Servy/servidor_minecraft/mods/TConstruct-1.20.1-3.10.2.92.jar with languages [LanguageSpec[languageName=javafml, acceptedVersions=*]]
[07Jan2026 20:58:32.456] [main/DEBUG] [net.minecraftforge.fml.loading.moddiscovery.ModFileInfo/LOADING]: Found valid mod file server-1.20.1-20230612.114412-srg.jar with {minecraft} mods - versions {1.20.1}
[07Jan2026 20:58:32.456] [main/DEBUG] [net.minecraftforge.fml.loading.moddiscovery.ModFile/LOADING]: Loading mod file /workspaces/Servy/servidor_minecraft/libraries/net/minecraft/server/1.20.1-20230612.114412/server-1.20.1-20230612.114412-srg.jar with languages [LanguageSpec[languageName=minecraft, acceptedVersions=1]]
[07Jan2026 20:58:32.456] [main/DEBUG] [net.minecraftforge.fml.loading.moddiscovery.ModFileParser/LOADING]: Considering mod file candidate /workspaces/Servy/servidor_minecraft/mods/borninconfiguration-3.1.2-all.jar
[07Jan2026 20:58:32.456] [main/DEBUG] [net.minecraftforge.fml.loading.moddiscovery.ModFileInfo/LOADING]: Found valid mod file borninconfiguration-3.1.2-all.jar with {borninconfiguration} mods - versions {3.1.2}
[07Jan2026 20:58:32.456] [main/DEBUG] [net.minecraftforge.fml.loading.moddiscovery.ModFile/LOADING]: Loading mod file /workspaces/Servy/servidor_minecraft/mods/borninconfiguration-3.1.2-all.jar with languages [LanguageSpec[languageName=javafml, acceptedVersions=[47,)]]
[07Jan2026 20:58:32.457] [main/DEBUG] [net.minecraftforge.fml.loading.moddiscovery.ModFileParser/LOADING]: Considering mod file candidate /workspaces/Servy/servidor_minecraft/mods/TerraBlender-forge-1.20.1-3.0.1.10.jar
[07Jan2026 20:58:32.457] [main/DEBUG] [net.minecraftforge.fml.loading.moddiscovery.ModFileInfo/LOADING]: Found valid mod file TerraBlender-forge-1.20.1-3.0.1.10.jar with {terrablender} mods - versions {3.0.1.10}
[07Jan2026 20:58:32.457] [main/DEBUG] [net.minecraftforge.fml.loading.moddiscovery.ModFile/LOADING]: Loading mod file /workspaces/Servy/servidor_minecraft/mods/TerraBlender-forge-1.20.1-3.0.1.10.jar with languages [LanguageSpec[languageName=javafml, acceptedVersions=[47,)]]
[07Jan2026 20:58:32.457] [main/DEBUG] [net.minecraftforge.fml.loading.moddiscovery.ModFileParser/LOADING]: Considering mod file candidate /workspaces/Servy/servidor_minecraft/mods/MouseTweaks-forge-mc1.20.1-2.25.1.jar
[07Jan2026 20:58:32.458] [main/DEBUG] [net.minecraftforge.fml.loading.moddiscovery.ModFileInfo/LOADING]: Found valid mod file MouseTweaks-forge-mc1.20.1-2.25.1.jar with {mousetweaks} mods - versions {2.25.1}
[07Jan2026 20:58:32.458] [main/DEBUG] [net.minecraftforge.fml.loading.moddiscovery.ModFile/LOADING]: Loading mod file /workspaces/Servy/servidor_minecraft/mods/MouseTweaks-forge-mc1.20.1-2.25.1.jar with languages [LanguageSpec[languageName=javafml, acceptedVersions=[46,)]]
[07Jan2026 20:58:32.458] [main/DEBUG] [net.minecraftforge.fml.loading.moddiscovery.ModFileParser/LOADING]: Considering mod file candidate /workspaces/Servy/servidor_minecraft/mods/Jade-1.20.1-Forge-11.13.2.jar
[07Jan2026 20:58:32.458] [main/DEBUG] [net.minecraftforge.fml.loading.moddiscovery.ModFileInfo/LOADING]: Found valid mod file Jade-1.20.1-Forge-11.13.2.jar with {jade} mods - versions {11.13.2+forge}
[07Jan2026 20:58:32.458] [main/DEBUG] [net.minecraftforge.fml.loading.moddiscovery.ModFile/LOADING]: Loading mod file /workspaces/Servy/servidor_minecraft/mods/Jade-1.20.1-Forge-11.13.2.jar with languages [LanguageSpec[languageName=javafml, acceptedVersions=[46,)]]
[07Jan2026 20:58:32.459] [main/DEBUG] [net.minecraftforge.fml.loading.moddiscovery.ModFileParser/LOADING]: Considering mod file candidate /workspaces/Servy/servidor_minecraft/mods/Chunky-1.3.146.jar
[07Jan2026 20:58:32.459] [main/DEBUG] [net.minecraftforge.fml.loading.moddiscovery.ModFileInfo/LOADING]: Found valid mod file Chunky-1.3.146.jar with {chunky} mods - versions {1.3.146}
[07Jan2026 20:58:32.459] [main/DEBUG] [net.minecraftforge.fml.loading.moddiscovery.ModFile/LOADING]: Loading mod file /workspaces/Servy/servidor_minecraft/mods/Chunky-1.3.146.jar with languages [LanguageSpec[languageName=javafml, acceptedVersions=[38,)]]
[07Jan2026 20:58:32.459] [main/DEBUG] [net.minecraftforge.fml.loading.moddiscovery.ModFileParser/LOADING]: Considering mod file candidate /workspaces/Servy/servidor_minecraft/mods/CreativeCore_FORGE_v2.12.32_mc1.20.1.jar
[07Jan2026 20:58:32.460] [main/DEBUG] [net.minecraftforge.fml.loading.moddiscovery.ModFileInfo/LOADING]: Found valid mod file CreativeCore_FORGE_v2.12.32_mc1.20.1.jar with {creativecore} mods - versions {2.12.32}
[07Jan2026 20:58:32.460] [main/DEBUG] [net.minecraftforge.fml.loading.moddiscovery.ModFile/LOADING]: Loading mod file /workspaces/Servy/servidor_minecraft/mods/CreativeCore_FORGE_v2.12.32_mc1.20.1.jar with languages [LanguageSpec[languageName=javafml, acceptedVersions=[46,)]]
[07Jan2026 20:58:32.460] [main/DEBUG] [net.minecraftforge.fml.loading.moddiscovery.ModFileParser/LOADING]: Considering mod file candidate /workspaces/Servy/servidor_minecraft/mods/tbsfbsp-0.74.jar
[07Jan2026 20:58:32.460] [main/DEBUG] [net.minecraftforge.fml.loading.moddiscovery.ModFileInfo/LOADING]: Found valid mod file tbsfbsp-0.74.jar with {tbsfbsp} mods - versions {0.74}
[07Jan2026 20:58:32.460] [main/DEBUG] [net.minecraftforge.fml.loading.moddiscovery.ModFile/LOADING]: Loading mod file /workspaces/Servy/servidor_minecraft/mods/tbsfbsp-0.74.jar with languages [LanguageSpec[languageName=javafml, acceptedVersions=[36,)]]
[07Jan2026 20:58:32.461] [main/DEBUG] [net.minecraftforge.fml.loading.moddiscovery.ModFileParser/LOADING]: Considering mod file candidate /workspaces/Servy/servidor_minecraft/mods/born_in_chaos_[Forge]1.20.1_1.7.3.jar
[07Jan2026 20:58:32.461] [main/DEBUG] [net.minecraftforge.fml.loading.moddiscovery.ModFileInfo/LOADING]: Found valid mod file born_in_chaos_[Forge]1.20.1_1.7.3.jar with {born_in_chaos_v1} mods - versions {1.7.3}
[07Jan2026 20:58:32.461] [main/DEBUG] [net.minecraftforge.fml.loading.moddiscovery.ModFile/LOADING]: Loading mod file /workspaces/Servy/servidor_minecraft/mods/born_in_chaos_[Forge]1.20.1_1.7.3.jar with languages [LanguageSpec[languageName=javafml, acceptedVersions=[47,)]]
[07Jan2026 20:58:32.461] [main/DEBUG] [net.minecraftforge.fml.loading.moddiscovery.ModFileParser/LOADING]: Considering mod file candidate 
[07Jan2026 20:58:32.462] [main/DEBUG] [net.minecraftforge.fml.loading.moddiscovery.ModFileInfo/LOADING]: Found valid mod file kffmod-4.11.0.jar with {kotlinforforge} mods - versions {4.11.0}
[07Jan2026 20:58:32.462] [main/DEBUG] [net.minecraftforge.fml.loading.moddiscovery.ModFile/LOADING]: Loading mod file  with languages [LanguageSpec[languageName=kotlinforforge, acceptedVersions=[4,)]]
[07Jan2026 20:58:32.462] [main/DEBUG] [net.minecraftforge.fml.loading.moddiscovery.ModFileParser/LOADING]: Considering mod file candidate /workspaces/Servy/servidor_minecraft/mods/spark-1.10.53-forge.jar
[07Jan2026 20:58:32.463] [main/DEBUG] [net.minecraftforge.fml.loading.moddiscovery.ModFileInfo/LOADING]: Found valid mod file spark-1.10.53-forge.jar with {spark} mods - versions {1.10.53}
[07Jan2026 20:58:32.463] [main/DEBUG] [net.minecraftforge.fml.loading.moddiscovery.ModFile/LOADING]: Loading mod file /workspaces/Servy/servidor_minecraft/mods/spark-1.10.53-forge.jar with languages [LanguageSpec[languageName=javafml, acceptedVersions=[34,)]]
[07Jan2026 20:58:32.463] [main/DEBUG] [net.minecraftforge.fml.loading.moddiscovery.ModFileParser/LOADING]: Considering mod file candidate /workspaces/Servy/servidor_minecraft/mods/curios-forge-5.14.1+1.20.1.jar
[07Jan2026 20:58:32.463] [main/DEBUG] [net.minecraftforge.fml.loading.moddiscovery.ModFileInfo/LOADING]: Found valid mod file curios-forge-5.14.1+1.20.1.jar with {curios} mods - versions {5.14.1+1.20.1}
[07Jan2026 20:58:32.463] [main/DEBUG] [net.minecraftforge.fml.loading.moddiscovery.ModFile/LOADING]: Loading mod file /workspaces/Servy/servidor_minecraft/mods/curios-forge-5.14.1+1.20.1.jar with languages [LanguageSpec[languageName=javafml, acceptedVersions=[41,)]]
[07Jan2026 20:58:32.464] [main/DEBUG] [net.minecraftforge.fml.loading.moddiscovery.ModFileParser/LOADING]: Considering mod file candidate /workspaces/Servy/servidor_minecraft/mods/Mantle-1.20.1-1.11.79.jar
[07Jan2026 20:58:32.464] [main/DEBUG] [net.minecraftforge.fml.loading.moddiscovery.ModFileInfo/LOADING]: Found valid mod file Mantle-1.20.1-1.11.79.jar with {mantle} mods - versions {1.11.79}
[07Jan2026 20:58:32.464] [main/DEBUG] [net.minecraftforge.fml.loading.moddiscovery.ModFile/LOADING]: Loading mod file /workspaces/Servy/servidor_minecraft/mods/Mantle-1.20.1-1.11.79.jar with languages [LanguageSpec[languageName=javafml, acceptedVersions=*]]
[07Jan2026 20:58:32.464] [main/DEBUG] [net.minecraftforge.fml.loading.moddiscovery.ModFileParser/LOADING]: Considering mod file candidate /workspaces/Servy/servidor_minecraft/mods/Xaeros_Minimap_25.2.10_Forge_1.20.jar
[07Jan2026 20:58:32.465] [main/DEBUG] [net.minecraftforge.fml.loading.moddiscovery.ModFileInfo/LOADING]: Found valid mod file Xaeros_Minimap_25.2.10_Forge_1.20.jar with {xaerominimap} mods - versions {25.2.10}
[07Jan2026 20:58:32.465] [main/DEBUG] [net.minecraftforge.fml.loading.moddiscovery.ModFile/LOADING]: Loading mod file /workspaces/Servy/servidor_minecraft/mods/Xaeros_Minimap_25.2.10_Forge_1.20.jar with languages [LanguageSpec[languageName=javafml, acceptedVersions=[46,48)]]
[07Jan2026 20:58:32.465] [main/DEBUG] [net.minecraftforge.fml.loading.moddiscovery.ModFileParser/LOADING]: Found coremod xaerohud_core with Javascript path META-INF/xaerohud_core.js
[07Jan2026 20:58:32.465] [main/DEBUG] [net.minecraftforge.fml.loading.moddiscovery.ModFile/LOADING]: Found coremod META-INF/xaerohud_core.js
[07Jan2026 20:58:32.465] [main/DEBUG] [net.minecraftforge.fml.loading.moddiscovery.ModFileParser/LOADING]: Considering mod file candidate /workspaces/Servy/servidor_minecraft/mods/collective-1.20.1-8.13.jar
[07Jan2026 20:58:32.466] [main/DEBUG] [net.minecraftforge.fml.loading.moddiscovery.ModFileInfo/LOADING]: Found valid mod file collective-1.20.1-8.13.jar with {collective} mods - versions {8.13}
[07Jan2026 20:58:32.466] [main/DEBUG] [net.minecraftforge.fml.loading.moddiscovery.ModFile/LOADING]: Loading mod file /workspaces/Servy/servidor_minecraft/mods/collective-1.20.1-8.13.jar with languages [LanguageSpec[languageName=javafml, acceptedVersions=*]]
[07Jan2026 20:58:32.466] [main/DEBUG] [net.minecraftforge.fml.loading.moddiscovery.ModFileParser/LOADING]: Considering mod file candidate /workspaces/Servy/servidor_minecraft/mods/[1.20.1] SecurityCraft v1.10.1.jar
[07Jan2026 20:58:32.466] [main/DEBUG] [net.minecraftforge.fml.loading.moddiscovery.ModFileInfo/LOADING]: Found valid mod file [1.20.1] SecurityCraft v1.10.1.jar with {securitycraft} mods - versions {1.10.1}
[07Jan2026 20:58:32.466] [main/DEBUG] [net.minecraftforge.fml.loading.moddiscovery.ModFile/LOADING]: Loading mod file /workspaces/Servy/servidor_minecraft/mods/[1.20.1] SecurityCraft v1.10.1.jar with languages [LanguageSpec[languageName=javafml, acceptedVersions=[46,)]]
[07Jan2026 20:58:32.467] [main/DEBUG] [net.minecraftforge.fml.loading.moddiscovery.ModFileParser/LOADING]: Considering mod file candidate /workspaces/Servy/servidor_minecraft/mods/tombstone-1.20.1-9.0.9.jar
[07Jan2026 20:58:32.467] [main/DEBUG] [net.minecraftforge.fml.loading.moddiscovery.ModFileInfo/LOADING]: Found valid mod file tombstone-1.20.1-9.0.9.jar with {tombstone} mods - versions {9.0.9}
[07Jan2026 20:58:32.467] [main/DEBUG] [net.minecraftforge.fml.loading.moddiscovery.ModFile/LOADING]: Loading mod file /workspaces/Servy/servidor_minecraft/mods/tombstone-1.20.1-9.0.9.jar with languages [LanguageSpec[languageName=javafml, acceptedVersions=[46,)]]
[07Jan2026 20:58:32.467] [main/DEBUG] [net.minecraftforge.fml.loading.moddiscovery.ModFileParser/LOADING]: Considering mod file candidate /workspaces/Servy/servidor_minecraft/mods/architectury-9.2.14-forge (1).jar
[07Jan2026 20:58:32.468] [main/DEBUG] [net.minecraftforge.fml.loading.moddiscovery.ModFileInfo/LOADING]: Found valid mod file architectury-9.2.14-forge (1).jar with {architectury} mods - versions {9.2.14}
[07Jan2026 20:58:32.468] [main/DEBUG] [net.minecraftforge.fml.loading.moddiscovery.ModFile/LOADING]: Loading mod file /workspaces/Servy/servidor_minecraft/mods/architectury-9.2.14-forge (1).jar with languages [LanguageSpec[languageName=javafml, acceptedVersions=[46,)]]
[07Jan2026 20:58:32.468] [main/DEBUG] [net.minecraftforge.fml.loading.moddiscovery.ModFileParser/LOADING]: Considering mod file candidate /workspaces/Servy/servidor_minecraft/mods/ferritecore-6.0.1-forge.jar
[07Jan2026 20:58:32.468] [main/DEBUG] [net.minecraftforge.fml.loading.moddiscovery.ModFileInfo/LOADING]: Found valid mod file ferritecore-6.0.1-forge.jar with {ferritecore} mods - versions {6.0.1}
[07Jan2026 20:58:32.468] [main/DEBUG] [net.minecraftforge.fml.loading.moddiscovery.ModFile/LOADING]: Loading mod file /workspaces/Servy/servidor_minecraft/mods/ferritecore-6.0.1-forge.jar with languages [LanguageSpec[languageName=javafml, acceptedVersions=[28,)]]
[07Jan2026 20:58:32.469] [main/DEBUG] [net.minecraftforge.fml.loading.moddiscovery.ModFileParser/LOADING]: Considering mod file candidate /workspaces/Servy/servidor_minecraft/mods/PuzzlesLib-v8.1.33-1.20.1-Forge.jar
[07Jan2026 20:58:32.469] [main/DEBUG] [net.minecraftforge.fml.loading.moddiscovery.ModFileInfo/LOADING]: Found valid mod file PuzzlesLib-v8.1.33-1.20.1-Forge.jar with {puzzleslib} mods - versions {8.1.33}
[07Jan2026 20:58:32.469] [main/DEBUG] [net.minecraftforge.fml.loading.moddiscovery.ModFile/LOADING]: Loading mod file /workspaces/Servy/servidor_minecraft/mods/PuzzlesLib-v8.1.33-1.20.1-Forge.jar with languages [LanguageSpec[languageName=javafml, acceptedVersions=[47,)]]
[07Jan2026 20:58:32.469] [main/DEBUG] [net.minecraftforge.fml.loading.moddiscovery.ModFileParser/LOADING]: Considering mod file candidate 
[07Jan2026 20:58:32.470] [main/DEBUG] [net.minecraftforge.fml.loading.moddiscovery.ModFileInfo/LOADING]: Found valid mod file expandability-forge-9.0.4.jar with {expandability} mods - versions {9.0.4}
[07Jan2026 20:58:32.470] [main/DEBUG] [net.minecraftforge.fml.loading.moddiscovery.ModFile/LOADING]: Loading mod file  with languages [LanguageSpec[languageName=javafml, acceptedVersions=[46,)]]
[07Jan2026 20:58:32.470] [main/DEBUG] [net.minecraftforge.fml.loading.moddiscovery.ModFileParser/LOADING]: Considering mod file candidate /workspaces/Servy/servidor_minecraft/mods/observable-4.4.1.jar
[07Jan2026 20:58:32.470] [main/DEBUG] [net.minecraftforge.fml.loading.moddiscovery.ModFileInfo/LOADING]: Found valid mod file observable-4.4.1.jar with {observable} mods - versions {4.4.1}
[07Jan2026 20:58:32.471] [main/DEBUG] [net.minecraftforge.fml.loading.moddiscovery.ModFile/LOADING]: Loading mod file /workspaces/Servy/servidor_minecraft/mods/observable-4.4.1.jar with languages [LanguageSpec[languageName=javafml, acceptedVersions=[35,)]]
[07Jan2026 20:58:32.471] [main/DEBUG] [net.minecraftforge.fml.loading.moddiscovery.ModFileParser/LOADING]: Considering mod file candidate /workspaces/Servy/servidor_minecraft/mods/MobLassos-v8.0.1-1.20.1-Forge.jar
[07Jan2026 20:58:32.471] [main/DEBUG] [net.minecraftforge.fml.loading.moddiscovery.ModFileInfo/LOADING]: Found valid mod file MobLassos-v8.0.1-1.20.1-Forge.jar with {moblassos} mods - versions {8.0.1}
[07Jan2026 20:58:32.471] [main/DEBUG] [net.minecraftforge.fml.loading.moddiscovery.ModFile/LOADING]: Loading mod file /workspaces/Servy/servidor_minecraft/mods/MobLassos-v8.0.1-1.20.1-Forge.jar with languages [LanguageSpec[languageName=javafml, acceptedVersions=[47,)]]
[07Jan2026 20:58:32.471] [main/DEBUG] [net.minecraftforge.fml.loading.moddiscovery.ModFileParser/LOADING]: Considering mod file candidate /workspaces/Servy/servidor_minecraft/mods/PlayerRevive_FORGE_v2.0.31_mc1.20.1.jar
[07Jan2026 20:58:32.472] [main/DEBUG] [net.minecraftforge.fml.loading.moddiscovery.ModFileInfo/LOADING]: Found valid mod file PlayerRevive_FORGE_v2.0.31_mc1.20.1.jar with {playerrevive} mods - versions {2.0.31}
[07Jan2026 20:58:32.472] [main/DEBUG] [net.minecraftforge.fml.loading.moddiscovery.ModFile/LOADING]: Loading mod file /workspaces/Servy/servidor_minecraft/mods/PlayerRevive_FORGE_v2.0.31_mc1.20.1.jar with languages [LanguageSpec[languageName=javafml, acceptedVersions=[46,)]]
[07Jan2026 20:58:32.472] [main/DEBUG] [net.minecraftforge.fml.loading.moddiscovery.ModFile/LOADING]: Loading mod file  with languages []
[07Jan2026 20:58:32.472] [main/DEBUG] [net.minecraftforge.fml.loading.moddiscovery.ModFileParser/LOADING]: Considering mod file candidate 
[07Jan2026 20:58:32.473] [main/DEBUG] [net.minecraftforge.fml.loading.moddiscovery.ModFileInfo/LOADING]: Found valid mod file mixinextras-forge-0.5.0-beta.5.jar with {mixinextras} mods - versions {0.5.0-beta.5}
[07Jan2026 20:58:32.473] [main/DEBUG] [net.minecraftforge.fml.loading.moddiscovery.ModFile/LOADING]: Loading mod file  with languages [LanguageSpec[languageName=javafml, acceptedVersions=*]]
[07Jan2026 20:58:32.473] [main/DEBUG] [net.minecraftforge.fml.loading.moddiscovery.ModFile/LOADING]: Loading mod file  with languages []
[07Jan2026 20:58:32.473] [main/DEBUG] [net.minecraftforge.fml.loading.moddiscovery.ModFile/LOADING]: Loading mod file  with languages []
[07Jan2026 20:58:32.473] [main/DEBUG] [net.minecraftforge.fml.loading.moddiscovery.ModFile/LOADING]: Loading mod file  with languages []
[07Jan2026 20:58:32.473] [main/DEBUG] [net.minecraftforge.fml.loading.moddiscovery.ModFileParser/LOADING]: Considering mod file candidate 
[07Jan2026 20:58:32.474] [main/DEBUG] [net.minecraftforge.fml.loading.moddiscovery.ModFileInfo/LOADING]: Found valid mod file mixinextras-forge-0.5.0-beta.5.jar with {mixinextras} mods - versions {0.5.0-beta.5}
[07Jan2026 20:58:32.474] [main/DEBUG] [net.minecraftforge.fml.loading.moddiscovery.ModFile/LOADING]: Loading mod file  with languages [LanguageSpec[languageName=javafml, acceptedVersions=*]]
[07Jan2026 20:58:32.474] [main/DEBUG] [net.minecraftforge.fml.loading.moddiscovery.ModFile/LOADING]: Loading mod file  with languages []
[07Jan2026 20:58:32.474] [main/DEBUG] [net.minecraftforge.fml.loading.moddiscovery.ModFile/LOADING]: Loading mod file  with languages []
[07Jan2026 20:58:32.475] [main/DEBUG] [cpw.mods.modlauncher.TransformationServiceDecorator/MODLAUNCHER]: End scan trigger - transformation service fml
[07Jan2026 20:58:32.512] [main/DEBUG] [net.minecraftforge.fml.loading.LanguageLoadingProvider/CORE]: Found 4 language providers
[07Jan2026 20:58:32.513] [main/DEBUG] [net.minecraftforge.fml.loading.LanguageLoadingProvider/CORE]: Found language provider minecraft, version 1.0
[07Jan2026 20:58:32.514] [main/DEBUG] [net.minecraftforge.fml.loading.LanguageLoadingProvider/CORE]: Found language provider kotlinforforge, version 4.11.0
[07Jan2026 20:58:32.514] [main/DEBUG] [net.minecraftforge.fml.loading.LanguageLoadingProvider/CORE]: Found language provider javafml, version 47
[07Jan2026 20:58:32.514] [main/DEBUG] [net.minecraftforge.fml.loading.LanguageLoadingProvider/CORE]: Found language provider lowcodefml, version 47
[07Jan2026 20:58:32.519] [main/DEBUG] [net.minecraftforge.fml.loading.UniqueModListBuilder/]: Found 2 mods for first modid mclib, selecting most recent based on version data
[07Jan2026 20:58:32.519] [main/DEBUG] [net.minecraftforge.fml.loading.UniqueModListBuilder/]: Selected file mclib-20.jar for modid mclib with version 0.0NONE
[07Jan2026 20:58:32.519] [main/DEBUG] [net.minecraftforge.fml.loading.UniqueModListBuilder/]: Found 2 mods for first modid mixinextras, selecting most recent based on version data
[07Jan2026 20:58:32.519] [main/DEBUG] [net.minecraftforge.fml.loading.UniqueModListBuilder/]: Selected file mixinextras-forge-0.5.0-beta.5.jar for modid mixinextras with version 0.5.0-beta.5
[07Jan2026 20:58:32.519] [main/DEBUG] [net.minecraftforge.fml.loading.UniqueModListBuilder/]: Found 2 mods for first modid MixinExtras.beta._5, selecting most recent based on version data
[07Jan2026 20:58:32.519] [main/DEBUG] [net.minecraftforge.fml.loading.UniqueModListBuilder/]: Selected file MixinExtras-0.5.0-beta.5.jar for modid MixinExtras.beta._5 with version 0.0NONE
[07Jan2026 20:58:32.520] [main/DEBUG] [net.minecraftforge.fml.loading.UniqueModListBuilder/]: Found 2 mods for first modid thedarkcolour.kotlinforforge.kfflib, selecting most recent based on version data
[07Jan2026 20:58:32.520] [main/DEBUG] [net.minecraftforge.fml.loading.UniqueModListBuilder/]: Selected file kfflib-4.11.0.jar for modid thedarkcolour.kotlinforforge.kfflib with version 4.11.0
[07Jan2026 20:58:32.521] [main/DEBUG] [net.minecraftforge.fml.loading.ModSorter/]: Configured system mods: [minecraft, forge]
[07Jan2026 20:58:32.522] [main/DEBUG] [net.minecraftforge.fml.loading.ModSorter/]: Found system mod: minecraft
[07Jan2026 20:58:32.522] [main/DEBUG] [net.minecraftforge.fml.loading.ModSorter/]: Found system mod: forge
[07Jan2026 20:58:32.525] [main/DEBUG] [net.minecraftforge.fml.loading.ModSorter/LOADING]: Found 119 mod requirements (106 mandatory, 13 optional)
[07Jan2026 20:58:32.526] [main/DEBUG] [net.minecraftforge.fml.loading.ModSorter/LOADING]: Found 0 mod requirements missing (0 mandatory, 0 optional)
[07Jan2026 20:58:33.034] [main/DEBUG] [cpw.mods.modlauncher.TransformationServicesHandler/MODLAUNCHER]: Transformation services loading transformers
[07Jan2026 20:58:33.035] [main/DEBUG] [cpw.mods.modlauncher.TransformationServiceDecorator/MODLAUNCHER]: Initializing transformers for transformation service mixin
[07Jan2026 20:58:33.035] [main/DEBUG] [cpw.mods.modlauncher.TransformationServiceDecorator/MODLAUNCHER]: Initialized transformers for transformation service mixin
[07Jan2026 20:58:33.035] [main/DEBUG] [cpw.mods.modlauncher.TransformationServiceDecorator/MODLAUNCHER]: Initializing transformers for transformation service fml
[07Jan2026 20:58:33.035] [main/DEBUG] [net.minecraftforge.fml.loading.FMLServiceProvider/CORE]: Loading coremod transformers
[07Jan2026 20:58:33.036] [main/DEBUG] [net.minecraftforge.coremod.CoreModEngine/COREMOD]: Loading CoreMod from META-INF/xaeroworldmap_core.js
[07Jan2026 20:58:33.262] [main/DEBUG] [net.minecraftforge.coremod.CoreModEngine/COREMOD]: CoreMod loaded successfully
[07Jan2026 20:58:33.262] [main/DEBUG] [net.minecraftforge.coremod.CoreModEngine/COREMOD]: Loading CoreMod from coremods/field_to_method.js
[07Jan2026 20:58:33.292] [main/DEBUG] [net.minecraftforge.coremod.CoreModEngine/COREMOD]: CoreMod loaded successfully
[07Jan2026 20:58:33.292] [main/DEBUG] [net.minecraftforge.coremod.CoreModEngine/COREMOD]: Loading CoreMod from coremods/field_to_instanceof.js
[07Jan2026 20:58:33.348] [main/DEBUG] [net.minecraftforge.coremod.CoreModEngine/COREMOD]: CoreMod loaded successfully
[07Jan2026 20:58:33.348] [main/DEBUG] [net.minecraftforge.coremod.CoreModEngine/COREMOD]: Loading CoreMod from coremods/add_bouncer_method.js
[07Jan2026 20:58:33.412] [main/DEBUG] [net.minecraftforge.coremod.CoreModEngine/COREMOD]: CoreMod loaded successfully
[07Jan2026 20:58:33.413] [main/DEBUG] [net.minecraftforge.coremod.CoreModEngine/COREMOD]: Loading CoreMod from coremods/method_redirector.js
[07Jan2026 20:58:33.498] [main/DEBUG] [net.minecraftforge.coremod.CoreModEngine/COREMOD]: CoreMod loaded successfully
[07Jan2026 20:58:33.498] [main/DEBUG] [net.minecraftforge.coremod.CoreModEngine/COREMOD]: Loading CoreMod from META-INF/asm/seed.js
[07Jan2026 20:58:33.519] [main/DEBUG] [net.minecraftforge.coremod.CoreModEngine/COREMOD]: CoreMod loaded successfully
[07Jan2026 20:58:33.521] [main/DEBUG] [net.minecraftforge.coremod.CoreModEngine/COREMOD]: Loading CoreMod from META-INF/asm/maprendercontext.js
[07Jan2026 20:58:33.575] [main/DEBUG] [net.minecraftforge.coremod.CoreModEngine/COREMOD]: CoreMod loaded successfully
[07Jan2026 20:58:33.575] [main/DEBUG] [net.minecraftforge.coremod.CoreModEngine/COREMOD]: Loading CoreMod from META-INF/asm/music.js
[07Jan2026 20:58:33.604] [main/DEBUG] [net.minecraftforge.coremod.CoreModEngine/COREMOD]: CoreMod loaded successfully
[07Jan2026 20:58:33.606] [main/DEBUG] [net.minecraftforge.coremod.CoreModEngine/COREMOD]: Loading CoreMod from META-INF/asm/multipart.js
[07Jan2026 20:58:33.645] [main/DEBUG] [net.minecraftforge.coremod.CoreModEngine/COREMOD]: CoreMod loaded successfully
[07Jan2026 20:58:33.648] [main/DEBUG] [net.minecraftforge.coremod.CoreModEngine/COREMOD]: Loading CoreMod from META-INF/asm/foliage.js
[07Jan2026 20:58:33.667] [main/DEBUG] [net.minecraftforge.coremod.CoreModEngine/COREMOD]: CoreMod loaded successfully
[07Jan2026 20:58:33.669] [main/DEBUG] [net.minecraftforge.coremod.CoreModEngine/COREMOD]: Loading CoreMod from META-INF/asm/mount.js
[07Jan2026 20:58:33.693] [main/DEBUG] [net.minecraftforge.coremod.CoreModEngine/COREMOD]: CoreMod loaded successfully
[07Jan2026 20:58:33.693] [main/DEBUG] [net.minecraftforge.coremod.CoreModEngine/COREMOD]: Loading CoreMod from META-INF/asm/book.js
[07Jan2026 20:58:33.705] [main/DEBUG] [net.minecraftforge.coremod.CoreModEngine/COREMOD]: CoreMod loaded successfully
[07Jan2026 20:58:33.705] [main/DEBUG] [net.minecraftforge.coremod.CoreModEngine/COREMOD]: Loading CoreMod from META-INF/asm/conquered.js
[07Jan2026 20:58:33.722] [main/DEBUG] [net.minecraftforge.coremod.CoreModEngine/COREMOD]: CoreMod loaded successfully
[07Jan2026 20:58:33.724] [main/DEBUG] [net.minecraftforge.coremod.CoreModEngine/COREMOD]: Loading CoreMod from META-INF/asm/reach.js
[07Jan2026 20:58:33.738] [main/DEBUG] [net.minecraftforge.coremod.CoreModEngine/COREMOD]: CoreMod loaded successfully
[07Jan2026 20:58:33.738] [main/DEBUG] [net.minecraftforge.coremod.CoreModEngine/COREMOD]: Loading CoreMod from META-INF/asm/shroom.js
[07Jan2026 20:58:33.748] [main/DEBUG] [net.minecraftforge.coremod.CoreModEngine/COREMOD]: CoreMod loaded successfully
[07Jan2026 20:58:33.748] [main/DEBUG] [net.minecraftforge.coremod.CoreModEngine/COREMOD]: Loading CoreMod from META-INF/asm/cloud.js
[07Jan2026 20:58:33.763] [main/DEBUG] [net.minecraftforge.coremod.CoreModEngine/COREMOD]: CoreMod loaded successfully
[07Jan2026 20:58:33.763] [main/DEBUG] [net.minecraftforge.coremod.CoreModEngine/COREMOD]: Loading CoreMod from META-INF/asm/lead.js
[07Jan2026 20:58:33.774] [main/DEBUG] [net.minecraftforge.coremod.CoreModEngine/COREMOD]: CoreMod loaded successfully
[07Jan2026 20:58:33.774] [main/DEBUG] [net.minecraftforge.coremod.CoreModEngine/COREMOD]: Loading CoreMod from META-INF/xaerohud_core.js
[07Jan2026 20:58:33.804] [main/DEBUG] [net.minecraftforge.coremod.CoreModEngine/COREMOD]: CoreMod loaded successfully
[07Jan2026 20:58:33.815] [main/DEBUG] [cpw.mods.modlauncher.TransformStore/MODLAUNCHER]: Adding transformer net.minecraftforge.coremod.transformer.CoreModMethodTransformer@20cdb152 to Target : METHOD {Lnet/minecraft/world/level/levelgen/WorldOptions;} {<init>} {(JZZLjava/util/Optional;)V}
[07Jan2026 20:58:33.818] [main/DEBUG] [cpw.mods.modlauncher.TransformStore/MODLAUNCHER]: Adding transformer net.minecraftforge.coremod.transformer.CoreModMethodTransformer@62d40e31 to Target : METHOD {Lnet/minecraft/client/gui/MapRenderer$MapInstance;} {m_93291_} {(Lcom/mojang/blaze3d/vertex/PoseStack;Lnet/minecraft/client/renderer/MultiBufferSource;ZI)V}
[07Jan2026 20:58:33.818] [main/DEBUG] [cpw.mods.modlauncher.TransformStore/MODLAUNCHER]: Adding transformer net.minecraftforge.coremod.transformer.CoreModMethodTransformer@650aa077 to Target : METHOD {Lnet/minecraft/client/renderer/ItemInHandRenderer;} {m_109371_} {(Lnet/minecraft/client/player/AbstractClientPlayer;FFLnet/minecraft/world/InteractionHand;FLnet/minecraft/world/item/ItemStack;FLcom/mojang/blaze3d/vertex/PoseStack;Lnet/minecraft/client/renderer/MultiBufferSource;I)V}
[07Jan2026 20:58:33.819] [main/DEBUG] [cpw.mods.modlauncher.TransformStore/MODLAUNCHER]: Adding transformer net.minecraftforge.coremod.transformer.CoreModMethodTransformer@7ce29a2d to Target : METHOD {Lnet/minecraft/world/entity/decoration/ItemFrame;} {m_218868_} {()Ljava/util/OptionalInt;}
[07Jan2026 20:58:33.819] [main/DEBUG] [cpw.mods.modlauncher.TransformStore/MODLAUNCHER]: Adding transformer net.minecraftforge.coremod.transformer.CoreModMethodTransformer@457a5b2d to Target : METHOD {Lnet/minecraft/client/renderer/ItemInHandRenderer;} {m_109366_} {(Lcom/mojang/blaze3d/vertex/PoseStack;Lnet/minecraft/client/renderer/MultiBufferSource;ILnet/minecraft/world/item/ItemStack;)V}
[07Jan2026 20:58:33.819] [main/DEBUG] [cpw.mods.modlauncher.TransformStore/MODLAUNCHER]: Adding transformer net.minecraftforge.coremod.transformer.CoreModMethodTransformer@79d7035 to Target : METHOD {Lnet/minecraft/world/item/MapItem;} {m_7373_} {(Lnet/minecraft/world/item/ItemStack;Lnet/minecraft/world/level/Level;Ljava/util/List;Lnet/minecraft/world/item/TooltipFlag;)V}
[07Jan2026 20:58:33.819] [main/DEBUG] [cpw.mods.modlauncher.TransformStore/MODLAUNCHER]: Adding transformer net.minecraftforge.coremod.transformer.CoreModMethodTransformer@372461a9 to Target : METHOD {Lnet/minecraft/client/sounds/MusicManager;} {m_120183_} {()V}
[07Jan2026 20:58:33.819] [main/DEBUG] [cpw.mods.modlauncher.TransformStore/MODLAUNCHER]: Adding transformer net.minecraftforge.coremod.transformer.CoreModMethodTransformer@5fffb692 to Target : METHOD {Lnet/minecraft/server/level/ServerEntity;} {m_8543_} {()V}
[07Jan2026 20:58:33.819] [main/DEBUG] [cpw.mods.modlauncher.TransformStore/MODLAUNCHER]: Adding transformer net.minecraftforge.coremod.transformer.CoreModMethodTransformer@48cb2d73 to Target : METHOD {Lnet/minecraft/client/renderer/entity/EntityRenderDispatcher;} {m_6213_} {(Lnet/minecraft/server/packs/resources/ResourceManager;)V}
[07Jan2026 20:58:33.819] [main/DEBUG] [cpw.mods.modlauncher.TransformStore/MODLAUNCHER]: Adding transformer net.minecraftforge.coremod.transformer.CoreModMethodTransformer@243bf087 to Target : METHOD {Lnet/minecraft/client/renderer/entity/EntityRenderDispatcher;} {m_114382_} {(Lnet/minecraft/world/entity/Entity;)Lnet/minecraft/client/renderer/entity/EntityRenderer;}
[07Jan2026 20:58:33.820] [main/DEBUG] [cpw.mods.modlauncher.TransformStore/MODLAUNCHER]: Adding transformer net.minecraftforge.coremod.transformer.CoreModMethodTransformer@3086f480 to Target : METHOD {Lnet/minecraft/client/renderer/LevelRenderer;} {m_109599_} {(Lcom/mojang/blaze3d/vertex/PoseStack;FJZLnet/minecraft/client/Camera;Lnet/minecraft/client/renderer/GameRenderer;Lnet/minecraft/client/renderer/LightTexture;Lorg/joml/Matrix4f;)V}
[07Jan2026 20:58:33.820] [main/DEBUG] [cpw.mods.modlauncher.TransformStore/MODLAUNCHER]: Adding transformer net.minecraftforge.coremod.transformer.CoreModMethodTransformer@126f8f24 to Target : METHOD {Lnet/minecraft/client/renderer/BiomeColors;} {m_108807_} {(Lnet/minecraft/world/level/biome/Biome;DD)I}
[07Jan2026 20:58:33.820] [main/DEBUG] [cpw.mods.modlauncher.TransformStore/MODLAUNCHER]: Adding transformer net.minecraftforge.coremod.transformer.CoreModMethodTransformer@35e98af to Target : METHOD {Lnet/minecraft/client/player/LocalPlayer;} {m_6083_} {()V}
[07Jan2026 20:58:33.821] [main/DEBUG] [cpw.mods.modlauncher.TransformStore/MODLAUNCHER]: Adding transformer net.minecraftforge.coremod.transformer.CoreModMethodTransformer@781aff8b to Target : METHOD {Lnet/minecraft/world/item/WrittenBookItem;} {m_7626_} {(Lnet/minecraft/world/item/ItemStack;)Lnet/minecraft/network/chat/Component;}
[07Jan2026 20:58:33.821] [main/DEBUG] [cpw.mods.modlauncher.TransformStore/MODLAUNCHER]: Adding transformer net.minecraftforge.coremod.transformer.CoreModMethodTransformer@7fbf26fc to Target : METHOD {Lnet/minecraft/world/level/levelgen/structure/StructureStart;} {m_226857_} {(Lnet/minecraft/world/level/levelgen/structure/pieces/StructurePieceSerializationContext;Lnet/minecraft/nbt/CompoundTag;J)Lnet/minecraft/world/level/levelgen/structure/StructureStart;}
[07Jan2026 20:58:33.821] [main/DEBUG] [cpw.mods.modlauncher.TransformStore/MODLAUNCHER]: Adding transformer net.minecraftforge.coremod.transformer.CoreModMethodTransformer@11c78080 to Target : METHOD {Lnet/minecraft/world/item/Item;} {m_41435_} {(Lnet/minecraft/world/level/Level;Lnet/minecraft/world/entity/player/Player;Lnet/minecraft/world/level/ClipContext$Fluid;)Lnet/minecraft/world/phys/BlockHitResult;}
[07Jan2026 20:58:33.821] [main/DEBUG] [cpw.mods.modlauncher.TransformStore/MODLAUNCHER]: Adding transformer net.minecraftforge.coremod.transformer.CoreModMethodTransformer@662be9f7 to Target : METHOD {Lnet/minecraft/world/level/block/MushroomBlock;} {m_7898_} {(Lnet/minecraft/world/level/block/state/BlockState;Lnet/minecraft/world/level/LevelReader;Lnet/minecraft/core/BlockPos;)Z}
[07Jan2026 20:58:33.821] [main/DEBUG] [cpw.mods.modlauncher.TransformStore/MODLAUNCHER]: Adding transformer net.minecraftforge.coremod.transformer.CoreModMethodTransformer@4962b41e to Target : METHOD {Lnet/minecraft/world/level/Level;} {m_46758_} {(Lnet/minecraft/core/BlockPos;)Z}
[07Jan2026 20:58:33.821] [main/DEBUG] [cpw.mods.modlauncher.TransformStore/MODLAUNCHER]: Adding transformer net.minecraftforge.coremod.transformer.CoreModMethodTransformer@4fecf308 to Target : METHOD {Lnet/minecraft/world/entity/decoration/LeashFenceKnotEntity;} {m_7088_} {()Z}
[07Jan2026 20:58:33.821] [main/DEBUG] [cpw.mods.modlauncher.TransformStore/MODLAUNCHER]: Adding transformer net.minecraftforge.coremod.transformer.CoreModMethodTransformer@6282b9f5 to Target : METHOD {Lnet/minecraft/client/ToggleKeyMapping;} {m_90857_} {()Z}
[07Jan2026 20:58:33.822] [main/DEBUG] [cpw.mods.modlauncher.TransformStore/MODLAUNCHER]: Adding transformer net.minecraftforge.coremod.transformer.CoreModClassTransformer@7c11d32 to Target : CLASS {Lnet/minecraft/world/level/biome/Biome;} {} {V}
[07Jan2026 20:58:33.822] [main/DEBUG] [cpw.mods.modlauncher.TransformStore/MODLAUNCHER]: Adding transformer net.minecraftforge.coremod.transformer.CoreModClassTransformer@2f9dda71 to Target : CLASS {Lnet/minecraft/world/level/levelgen/structure/Structure;} {} {V}
[07Jan2026 20:58:33.822] [main/DEBUG] [cpw.mods.modlauncher.TransformStore/MODLAUNCHER]: Adding transformer net.minecraftforge.coremod.transformer.CoreModClassTransformer@58278366 to Target : CLASS {Lnet/minecraft/world/effect/MobEffectInstance;} {} {V}
[07Jan2026 20:58:33.822] [main/DEBUG] [cpw.mods.modlauncher.TransformStore/MODLAUNCHER]: Adding transformer net.minecraftforge.coremod.transformer.CoreModClassTransformer@7f5fcfe9 to Target : CLASS {Lnet/minecraft/world/level/block/LiquidBlock;} {} {V}
[07Jan2026 20:58:33.822] [main/DEBUG] [cpw.mods.modlauncher.TransformStore/MODLAUNCHER]: Adding transformer net.minecraftforge.coremod.transformer.CoreModClassTransformer@707865bd to Target : CLASS {Lnet/minecraft/world/item/BucketItem;} {} {V}
[07Jan2026 20:58:33.822] [main/DEBUG] [cpw.mods.modlauncher.TransformStore/MODLAUNCHER]: Adding transformer net.minecraftforge.coremod.transformer.CoreModClassTransformer@31f77791 to Target : CLASS {Lnet/minecraft/world/level/block/StairBlock;} {} {V}
[07Jan2026 20:58:33.822] [main/DEBUG] [cpw.mods.modlauncher.TransformStore/MODLAUNCHER]: Adding transformer net.minecraftforge.coremod.transformer.CoreModClassTransformer@552fee7a to Target : CLASS {Lnet/minecraft/world/level/block/FlowerPotBlock;} {} {V}
[07Jan2026 20:58:33.822] [main/DEBUG] [cpw.mods.modlauncher.TransformStore/MODLAUNCHER]: Adding transformer net.minecraftforge.coremod.transformer.CoreModClassTransformer@548e43b1 to Target : CLASS {Lnet/minecraft/world/item/ItemStack;} {} {V}
[07Jan2026 20:58:33.823] [main/DEBUG] [cpw.mods.modlauncher.TransformStore/MODLAUNCHER]: Adding transformer net.minecraftforge.coremod.transformer.CoreModClassTransformer@67688110 to Target : CLASS {Lnet/minecraft/network/play/client/CClientSettingsPacket;} {} {V}
[07Jan2026 20:58:33.823] [main/DEBUG] [cpw.mods.modlauncher.TransformStore/MODLAUNCHER]: Adding transformer net.minecraftforge.coremod.transformer.CoreModClassTransformer@6d293993 to Target : CLASS {Lnet/minecraft/world/level/levelgen/structure/structures/OceanMonumentPieces$OceanMonumentPiece;} {} {V}
[07Jan2026 20:58:33.823] [main/DEBUG] [cpw.mods.modlauncher.TransformStore/MODLAUNCHER]: Adding transformer net.minecraftforge.coremod.transformer.CoreModClassTransformer@6d293993 to Target : CLASS {Lnet/minecraft/world/entity/monster/Strider;} {} {V}
[07Jan2026 20:58:33.823] [main/DEBUG] [cpw.mods.modlauncher.TransformStore/MODLAUNCHER]: Adding transformer net.minecraftforge.coremod.transformer.CoreModClassTransformer@6d293993 to Target : CLASS {Lnet/minecraft/world/entity/npc/CatSpawner;} {} {V}
[07Jan2026 20:58:33.823] [main/DEBUG] [cpw.mods.modlauncher.TransformStore/MODLAUNCHER]: Adding transformer net.minecraftforge.coremod.transformer.CoreModClassTransformer@6d293993 to Target : CLASS {Lnet/minecraft/world/entity/monster/ZombieVillager;} {} {V}
[07Jan2026 20:58:33.823] [main/DEBUG] [cpw.mods.modlauncher.TransformStore/MODLAUNCHER]: Adding transformer net.minecraftforge.coremod.transformer.CoreModClassTransformer@6d293993 to Target : CLASS {Lnet/minecraft/world/level/levelgen/structure/structures/OceanRuinPieces$OceanRuinPiece;} {} {V}
[07Jan2026 20:58:33.823] [main/DEBUG] [cpw.mods.modlauncher.TransformStore/MODLAUNCHER]: Adding transformer net.minecraftforge.coremod.transformer.CoreModClassTransformer@6d293993 to Target : CLASS {Lnet/minecraft/server/commands/RaidCommand;} {} {V}
[07Jan2026 20:58:33.824] [main/DEBUG] [cpw.mods.modlauncher.TransformStore/MODLAUNCHER]: Adding transformer net.minecraftforge.coremod.transformer.CoreModClassTransformer@6d293993 to Target : CLASS {Lnet/minecraft/world/level/levelgen/PhantomSpawner;} {} {V}
[07Jan2026 20:58:33.824] [main/DEBUG] [cpw.mods.modlauncher.TransformStore/MODLAUNCHER]: Adding transformer net.minecraftforge.coremod.transformer.CoreModClassTransformer@6d293993 to Target : CLASS {Lnet/minecraft/world/entity/animal/frog/Tadpole;} {} {V}
[07Jan2026 20:58:33.824] [main/DEBUG] [cpw.mods.modlauncher.TransformStore/MODLAUNCHER]: Adding transformer net.minecraftforge.coremod.transformer.CoreModClassTransformer@6d293993 to Target : CLASS {Lnet/minecraft/world/level/levelgen/structure/structures/WoodlandMansionPieces$WoodlandMansionPiece;} {} {V}
[07Jan2026 20:58:33.824] [main/DEBUG] [cpw.mods.modlauncher.TransformStore/MODLAUNCHER]: Adding transformer net.minecraftforge.coremod.transformer.CoreModClassTransformer@6d293993 to Target : CLASS {Lnet/minecraft/world/entity/EntityType;} {} {V}
[07Jan2026 20:58:33.824] [main/DEBUG] [cpw.mods.modlauncher.TransformStore/MODLAUNCHER]: Adding transformer net.minecraftforge.coremod.transformer.CoreModClassTransformer@6d293993 to Target : CLASS {Lnet/minecraft/world/entity/monster/Zombie;} {} {V}
[07Jan2026 20:58:33.824] [main/DEBUG] [cpw.mods.modlauncher.TransformStore/MODLAUNCHER]: Adding transformer net.minecraftforge.coremod.transformer.CoreModClassTransformer@6d293993 to Target : CLASS {Lnet/minecraft/world/entity/ai/village/VillageSiege;} {} {V}
[07Jan2026 20:58:33.824] [main/DEBUG] [cpw.mods.modlauncher.TransformStore/MODLAUNCHER]: Adding transformer net.minecraftforge.coremod.transformer.CoreModClassTransformer@6d293993 to Target : CLASS {Lnet/minecraft/world/entity/monster/Spider;} {} {V}
[07Jan2026 20:58:33.824] [main/DEBUG] [cpw.mods.modlauncher.TransformStore/MODLAUNCHER]: Adding transformer net.minecraftforge.coremod.transformer.CoreModClassTransformer@6d293993 to Target : CLASS {Lnet/minecraft/world/entity/monster/Evoker$EvokerSummonSpellGoal;} {} {V}
[07Jan2026 20:58:33.824] [main/DEBUG] [cpw.mods.modlauncher.TransformStore/MODLAUNCHER]: Adding transformer net.minecraftforge.coremod.transformer.CoreModClassTransformer@6d293993 to Target : CLASS {Lnet/minecraft/world/level/levelgen/PatrolSpawner;} {} {V}
[07Jan2026 20:58:33.824] [main/DEBUG] [cpw.mods.modlauncher.TransformStore/MODLAUNCHER]: Adding transformer net.minecraftforge.coremod.transformer.CoreModClassTransformer@6d293993 to Target : CLASS {Lnet/minecraft/world/entity/raid/Raid;} {} {V}
[07Jan2026 20:58:33.824] [main/DEBUG] [cpw.mods.modlauncher.TransformStore/MODLAUNCHER]: Adding transformer net.minecraftforge.coremod.transformer.CoreModClassTransformer@6d293993 to Target : CLASS {Lnet/minecraft/world/level/levelgen/structure/templatesystem/StructureTemplate;} {} {V}
[07Jan2026 20:58:33.825] [main/DEBUG] [cpw.mods.modlauncher.TransformStore/MODLAUNCHER]: Adding transformer net.minecraftforge.coremod.transformer.CoreModClassTransformer@6d293993 to Target : CLASS {Lnet/minecraft/world/entity/animal/horse/SkeletonTrapGoal;} {} {V}
[07Jan2026 20:58:33.825] [main/DEBUG] [cpw.mods.modlauncher.TransformStore/MODLAUNCHER]: Adding transformer net.minecraftforge.coremod.transformer.CoreModClassTransformer@6d293993 to Target : CLASS {Lnet/minecraft/world/entity/npc/Villager;} {} {V}
[07Jan2026 20:58:33.825] [main/DEBUG] [cpw.mods.modlauncher.TransformStore/MODLAUNCHER]: Adding transformer net.minecraftforge.coremod.transformer.CoreModClassTransformer@6d293993 to Target : CLASS {Lnet/minecraft/world/level/NaturalSpawner;} {} {V}
[07Jan2026 20:58:33.825] [main/DEBUG] [cpw.mods.modlauncher.TransformStore/MODLAUNCHER]: Adding transformer net.minecraftforge.coremod.transformer.CoreModClassTransformer@6d293993 to Target : CLASS {Lnet/minecraft/world/level/levelgen/structure/structures/SwampHutPiece;} {} {V}
[07Jan2026 20:58:33.825] [main/DEBUG] [cpw.mods.modlauncher.TransformStore/MODLAUNCHER]: Adding transformer net.minecraftforge.coremod.transformer.CoreModClassTransformer@6d293993 to Target : CLASS {Lnet/minecraft/server/commands/SummonCommand;} {} {V}
[07Jan2026 20:58:33.825] [main/DEBUG] [cpw.mods.modlauncher.TransformationServiceDecorator/MODLAUNCHER]: Initialized transformers for transformation service fml
[07Jan2026 20:58:35.342] [main/DEBUG] [mixin/]: Processing prepare() for PlatformAgent[MixinPlatformAgentDefault:ModLauncher Root Container(ModLauncher:4f56a0a2)]
[07Jan2026 20:58:35.343] [main/DEBUG] [mixin/]: Processing launch tasks for PlatformAgent[MixinPlatformAgentDefault:ModLauncher Root Container(ModLauncher:4f56a0a2)]
[07Jan2026 20:58:35.343] [main/DEBUG] [mixin/]: Adding mixin platform agents for container SecureJarResource(uniquedungeons)
[07Jan2026 20:58:35.343] [main/DEBUG] [mixin/]: Instancing new MixinPlatformAgentMinecraftForge for SecureJarResource(uniquedungeons)
[07Jan2026 20:58:35.343] [main/DEBUG] [mixin/]: MixinPlatformAgentMinecraftForge rejected container SecureJarResource(uniquedungeons)
[07Jan2026 20:58:35.343] [main/DEBUG] [mixin/]: Instancing new MixinPlatformAgentDefault for SecureJarResource(uniquedungeons)
[07Jan2026 20:58:35.343] [main/DEBUG] [mixin/]: MixinPlatformAgentDefault accepted container SecureJarResource(uniquedungeons)
[07Jan2026 20:58:35.343] [main/DEBUG] [mixin/]: Processing prepare() for PlatformAgent[MixinPlatformAgentDefault:SecureJarResource(uniquedungeons)]
[07Jan2026 20:58:35.343] [main/DEBUG] [mixin/]: Registering mixin config: uniquedungeons.mixin.json
[07Jan2026 20:58:35.359] [main/DEBUG] [mixin/]: Compatibility level JAVA_17 specified by uniquedungeons.mixin.json is higher than the maximum level supported by this version of mixin (JAVA_13).
[07Jan2026 20:58:35.363] [main/INFO] [mixin/]: Compatibility level set to JAVA_17
[07Jan2026 20:58:35.363] [main/DEBUG] [mixin/]: Adding mixin platform agents for container SecureJarResource(treechop)
[07Jan2026 20:58:35.363] [main/DEBUG] [mixin/]: Instancing new MixinPlatformAgentMinecraftForge for SecureJarResource(treechop)
[07Jan2026 20:58:35.363] [main/DEBUG] [mixin/]: MixinPlatformAgentMinecraftForge rejected container SecureJarResource(treechop)
[07Jan2026 20:58:35.363] [main/DEBUG] [mixin/]: Instancing new MixinPlatformAgentDefault for SecureJarResource(treechop)
[07Jan2026 20:58:35.363] [main/DEBUG] [mixin/]: MixinPlatformAgentDefault accepted container SecureJarResource(treechop)
[07Jan2026 20:58:35.363] [main/DEBUG] [mixin/]: Processing prepare() for PlatformAgent[MixinPlatformAgentDefault:SecureJarResource(treechop)]
[07Jan2026 20:58:35.364] [main/DEBUG] [mixin/]: Registering mixin config: treechop.mixins.json
[07Jan2026 20:58:35.366] [main/DEBUG] [mixin/]: Adding mixin platform agents for container SecureJarResource(kuma_api)
[07Jan2026 20:58:35.366] [main/DEBUG] [mixin/]: Instancing new MixinPlatformAgentMinecraftForge for SecureJarResource(kuma_api)
[07Jan2026 20:58:35.367] [main/DEBUG] [mixin/]: MixinPlatformAgentMinecraftForge rejected container SecureJarResource(kuma_api)
[07Jan2026 20:58:35.367] [main/DEBUG] [mixin/]: Instancing new MixinPlatformAgentDefault for SecureJarResource(kuma_api)
[07Jan2026 20:58:35.367] [main/DEBUG] [mixin/]: MixinPlatformAgentDefault accepted container SecureJarResource(kuma_api)
[07Jan2026 20:58:35.367] [main/DEBUG] [mixin/]: Processing prepare() for PlatformAgent[MixinPlatformAgentDefault:SecureJarResource(kuma_api)]
[07Jan2026 20:58:35.367] [main/DEBUG] [mixin/]: Registering mixin config: kuma_api.mixins.json
[07Jan2026 20:58:35.369] [main/DEBUG] [mixin/]: Registering mixin config: kuma_api.forge.mixins.json
[07Jan2026 20:58:35.371] [main/DEBUG] [mixin/]: Adding mixin platform agents for container SecureJarResource(geckolib)
[07Jan2026 20:58:35.372] [main/DEBUG] [mixin/]: Instancing new MixinPlatformAgentMinecraftForge for SecureJarResource(geckolib)
[07Jan2026 20:58:35.372] [main/DEBUG] [mixin/]: MixinPlatformAgentMinecraftForge rejected container SecureJarResource(geckolib)
[07Jan2026 20:58:35.372] [main/DEBUG] [mixin/]: Instancing new MixinPlatformAgentDefault for SecureJarResource(geckolib)
[07Jan2026 20:58:35.372] [main/DEBUG] [mixin/]: MixinPlatformAgentDefault accepted container SecureJarResource(geckolib)
[07Jan2026 20:58:35.372] [main/DEBUG] [mixin/]: Processing prepare() for PlatformAgent[MixinPlatformAgentDefault:SecureJarResource(geckolib)]
[07Jan2026 20:58:35.372] [main/DEBUG] [mixin/]: Registering mixin config: geckolib.mixins.json
[07Jan2026 20:58:35.375] [main/DEBUG] [mixin/]: Adding mixin platform agents for container SecureJarResource(jei)
[07Jan2026 20:58:35.375] [main/DEBUG] [mixin/]: Instancing new MixinPlatformAgentMinecraftForge for SecureJarResource(jei)
[07Jan2026 20:58:35.376] [main/DEBUG] [mixin/]: MixinPlatformAgentMinecraftForge rejected container SecureJarResource(jei)
[07Jan2026 20:58:35.376] [main/DEBUG] [mixin/]: Instancing new MixinPlatformAgentDefault for SecureJarResource(jei)
[07Jan2026 20:58:35.376] [main/DEBUG] [mixin/]: MixinPlatformAgentDefault accepted container SecureJarResource(jei)
[07Jan2026 20:58:35.376] [main/DEBUG] [mixin/]: Processing prepare() for PlatformAgent[MixinPlatformAgentDefault:SecureJarResource(jei)]
[07Jan2026 20:58:35.376] [main/DEBUG] [mixin/]: Adding mixin platform agents for container SecureJarResource(graveyard)
[07Jan2026 20:58:35.376] [main/DEBUG] [mixin/]: Instancing new MixinPlatformAgentMinecraftForge for SecureJarResource(graveyard)
[07Jan2026 20:58:35.376] [main/DEBUG] [mixin/]: MixinPlatformAgentMinecraftForge rejected container SecureJarResource(graveyard)
[07Jan2026 20:58:35.376] [main/DEBUG] [mixin/]: Instancing new MixinPlatformAgentDefault for SecureJarResource(graveyard)
[07Jan2026 20:58:35.376] [main/DEBUG] [mixin/]: MixinPlatformAgentDefault accepted container SecureJarResource(graveyard)
[07Jan2026 20:58:35.376] [main/DEBUG] [mixin/]: Processing prepare() for PlatformAgent[MixinPlatformAgentDefault:SecureJarResource(graveyard)]
[07Jan2026 20:58:35.377] [main/DEBUG] [mixin/]: Registering mixin config: graveyard-common.mixins.json
[07Jan2026 20:58:35.378] [main/DEBUG] [mixin/]: Registering mixin config: graveyard-forge.mixins.json
[07Jan2026 20:58:35.383] [main/DEBUG] [mixin/]: Adding mixin platform agents for container SecureJarResource(uppers)
[07Jan2026 20:58:35.383] [main/DEBUG] [mixin/]: Instancing new MixinPlatformAgentMinecraftForge for SecureJarResource(uppers)
[07Jan2026 20:58:35.383] [main/DEBUG] [mixin/]: MixinPlatformAgentMinecraftForge rejected container SecureJarResource(uppers)
[07Jan2026 20:58:35.383] [main/DEBUG] [mixin/]: Instancing new MixinPlatformAgentDefault for SecureJarResource(uppers)
[07Jan2026 20:58:35.383] [main/DEBUG] [mixin/]: MixinPlatformAgentDefault accepted container SecureJarResource(uppers)
[07Jan2026 20:58:35.383] [main/DEBUG] [mixin/]: Processing prepare() for PlatformAgent[MixinPlatformAgentDefault:SecureJarResource(uppers)]
[07Jan2026 20:58:35.383] [main/DEBUG] [mixin/]: Adding mixin platform agents for container SecureJarResource(reap)
[07Jan2026 20:58:35.383] [main/DEBUG] [mixin/]: Instancing new MixinPlatformAgentMinecraftForge for SecureJarResource(reap)
[07Jan2026 20:58:35.383] [main/DEBUG] [mixin/]: MixinPlatformAgentMinecraftForge rejected container SecureJarResource(reap)
[07Jan2026 20:58:35.384] [main/DEBUG] [mixin/]: Instancing new MixinPlatformAgentDefault for SecureJarResource(reap)
[07Jan2026 20:58:35.384] [main/DEBUG] [mixin/]: MixinPlatformAgentDefault accepted container SecureJarResource(reap)
[07Jan2026 20:58:35.384] [main/DEBUG] [mixin/]: Processing prepare() for PlatformAgent[MixinPlatformAgentDefault:SecureJarResource(reap)]
[07Jan2026 20:58:35.384] [main/DEBUG] [mixin/]: Adding mixin platform agents for container SecureJarResource(waystones)
[07Jan2026 20:58:35.384] [main/DEBUG] [mixin/]: Instancing new MixinPlatformAgentMinecraftForge for SecureJarResource(waystones)
[07Jan2026 20:58:35.384] [main/DEBUG] [mixin/]: MixinPlatformAgentMinecraftForge rejected container SecureJarResource(waystones)
[07Jan2026 20:58:35.384] [main/DEBUG] [mixin/]: Instancing new MixinPlatformAgentDefault for SecureJarResource(waystones)
[07Jan2026 20:58:35.384] [main/DEBUG] [mixin/]: MixinPlatformAgentDefault accepted container SecureJarResource(waystones)
[07Jan2026 20:58:35.384] [main/DEBUG] [mixin/]: Processing prepare() for PlatformAgent[MixinPlatformAgentDefault:SecureJarResource(waystones)]
[07Jan2026 20:58:35.384] [main/DEBUG] [mixin/]: Registering mixin config: waystones.mixins.json
[07Jan2026 20:58:35.386] [main/DEBUG] [mixin/]: Adding mixin platform agents for container SecureJarResource(clumps)
[07Jan2026 20:58:35.386] [main/DEBUG] [mixin/]: Instancing new MixinPlatformAgentMinecraftForge for SecureJarResource(clumps)
[07Jan2026 20:58:35.386] [main/DEBUG] [mixin/]: MixinPlatformAgentMinecraftForge rejected container SecureJarResource(clumps)
[07Jan2026 20:58:35.386] [main/DEBUG] [mixin/]: Instancing new MixinPlatformAgentDefault for SecureJarResource(clumps)
[07Jan2026 20:58:35.386] [main/DEBUG] [mixin/]: MixinPlatformAgentDefault accepted container SecureJarResource(clumps)
[07Jan2026 20:58:35.387] [main/DEBUG] [mixin/]: Processing prepare() for PlatformAgent[MixinPlatformAgentDefault:SecureJarResource(clumps)]
[07Jan2026 20:58:35.387] [main/DEBUG] [mixin/]: Registering mixin config: clumps.mixins.json
[07Jan2026 20:58:35.388] [main/DEBUG] [mixin/]: Adding mixin platform agents for container SecureJarResource(xaeroworldmap)
[07Jan2026 20:58:35.389] [main/DEBUG] [mixin/]: Instancing new MixinPlatformAgentMinecraftForge for SecureJarResource(xaeroworldmap)
[07Jan2026 20:58:35.389] [main/DEBUG] [mixin/]: MixinPlatformAgentMinecraftForge rejected container SecureJarResource(xaeroworldmap)
[07Jan2026 20:58:35.389] [main/DEBUG] [mixin/]: Instancing new MixinPlatformAgentDefault for SecureJarResource(xaeroworldmap)
[07Jan2026 20:58:35.389] [main/DEBUG] [mixin/]: MixinPlatformAgentDefault accepted container SecureJarResource(xaeroworldmap)
[07Jan2026 20:58:35.389] [main/DEBUG] [mixin/]: Processing prepare() for PlatformAgent[MixinPlatformAgentDefault:SecureJarResource(xaeroworldmap)]
[07Jan2026 20:58:35.389] [main/DEBUG] [mixin/]: Registering mixin config: xaeroworldmap.mixins.json
[07Jan2026 20:58:35.391] [main/DEBUG] [mixin/]: Registering mixin config: xaeroworldmap.forge.mixins.json
[07Jan2026 20:58:35.393] [main/DEBUG] [mixin/]: Adding mixin platform agents for container SecureJarResource(modernfix)
[07Jan2026 20:58:35.393] [main/DEBUG] [mixin/]: Instancing new MixinPlatformAgentMinecraftForge for SecureJarResource(modernfix)
[07Jan2026 20:58:35.393] [main/DEBUG] [mixin/]: MixinPlatformAgentMinecraftForge rejected container SecureJarResource(modernfix)
[07Jan2026 20:58:35.393] [main/DEBUG] [mixin/]: Instancing new MixinPlatformAgentDefault for SecureJarResource(modernfix)
[07Jan2026 20:58:35.393] [main/DEBUG] [mixin/]: MixinPlatformAgentDefault accepted container SecureJarResource(modernfix)
[07Jan2026 20:58:35.393] [main/DEBUG] [mixin/]: Processing prepare() for PlatformAgent[MixinPlatformAgentDefault:SecureJarResource(modernfix)]
[07Jan2026 20:58:35.393] [main/DEBUG] [mixin/]: Registering mixin config: modernfix-common.mixins.json
[07Jan2026 20:58:35.395] [main/DEBUG] [mixin/]: Registering mixin config: modernfix-forge.mixins.json
[07Jan2026 20:58:35.397] [main/DEBUG] [mixin/]: Adding mixin platform agents for container SecureJarResource(citadel)
[07Jan2026 20:58:35.397] [main/DEBUG] [mixin/]: Instancing new MixinPlatformAgentMinecraftForge for SecureJarResource(citadel)
[07Jan2026 20:58:35.397] [main/DEBUG] [mixin/]: MixinPlatformAgentMinecraftForge rejected container SecureJarResource(citadel)
[07Jan2026 20:58:35.397] [main/DEBUG] [mixin/]: Instancing new MixinPlatformAgentDefault for SecureJarResource(citadel)
[07Jan2026 20:58:35.397] [main/DEBUG] [mixin/]: MixinPlatformAgentDefault accepted container SecureJarResource(citadel)
[07Jan2026 20:58:35.397] [main/DEBUG] [mixin/]: Processing prepare() for PlatformAgent[MixinPlatformAgentDefault:SecureJarResource(citadel)]
[07Jan2026 20:58:35.397] [main/DEBUG] [mixin/]: Registering mixin config: citadel.mixins.json
[07Jan2026 20:58:35.400] [main/DEBUG] [mixin/]: Adding mixin platform agents for container SecureJarResource(alexsmobs)
[07Jan2026 20:58:35.400] [main/DEBUG] [mixin/]: Instancing new MixinPlatformAgentMinecraftForge for SecureJarResource(alexsmobs)
[07Jan2026 20:58:35.400] [main/DEBUG] [mixin/]: MixinPlatformAgentMinecraftForge rejected container SecureJarResource(alexsmobs)
[07Jan2026 20:58:35.400] [main/DEBUG] [mixin/]: Instancing new MixinPlatformAgentDefault for SecureJarResource(alexsmobs)
[07Jan2026 20:58:35.400] [main/DEBUG] [mixin/]: MixinPlatformAgentDefault accepted container SecureJarResource(alexsmobs)
[07Jan2026 20:58:35.400] [main/DEBUG] [mixin/]: Processing prepare() for PlatformAgent[MixinPlatformAgentDefault:SecureJarResource(alexsmobs)]
[07Jan2026 20:58:35.400] [main/DEBUG] [mixin/]: Registering mixin config: citadel.mixins.json
[07Jan2026 20:58:35.400] [main/DEBUG] [mixin/]: Adding mixin platform agents for container SecureJarResource(travelersbackpack)
[07Jan2026 20:58:35.400] [main/DEBUG] [mixin/]: Instancing new MixinPlatformAgentMinecraftForge for SecureJarResource(travelersbackpack)
[07Jan2026 20:58:35.401] [main/DEBUG] [mixin/]: MixinPlatformAgentMinecraftForge rejected container SecureJarResource(travelersbackpack)
[07Jan2026 20:58:35.401] [main/DEBUG] [mixin/]: Instancing new MixinPlatformAgentDefault for SecureJarResource(travelersbackpack)
[07Jan2026 20:58:35.401] [main/DEBUG] [mixin/]: MixinPlatformAgentDefault accepted container SecureJarResource(travelersbackpack)
[07Jan2026 20:58:35.401] [main/DEBUG] [mixin/]: Processing prepare() for PlatformAgent[MixinPlatformAgentDefault:SecureJarResource(travelersbackpack)]
[07Jan2026 20:58:35.401] [main/DEBUG] [mixin/]: Registering mixin config: mixins.travelersbackpack.json
[07Jan2026 20:58:35.403] [main/DEBUG] [mixin/]: Adding mixin platform agents for container SecureJarResource(artifacts)
[07Jan2026 20:58:35.403] [main/DEBUG] [mixin/]: Instancing new MixinPlatformAgentMinecraftForge for SecureJarResource(artifacts)
[07Jan2026 20:58:35.403] [main/DEBUG] [mixin/]: MixinPlatformAgentMinecraftForge rejected container SecureJarResource(artifacts)
[07Jan2026 20:58:35.403] [main/DEBUG] [mixin/]: Instancing new MixinPlatformAgentDefault for SecureJarResource(artifacts)
[07Jan2026 20:58:35.403] [main/DEBUG] [mixin/]: MixinPlatformAgentDefault accepted container SecureJarResource(artifacts)
[07Jan2026 20:58:35.403] [main/DEBUG] [mixin/]: Processing prepare() for PlatformAgent[MixinPlatformAgentDefault:SecureJarResource(artifacts)]
[07Jan2026 20:58:35.403] [main/DEBUG] [mixin/]: Registering mixin config: mixins.artifacts.common.json
[07Jan2026 20:58:35.405] [main/DEBUG] [mixin/]: Registering mixin config: mixins.artifacts.forge.json
[07Jan2026 20:58:35.406] [main/DEBUG] [mixin/]: Adding mixin platform agents for container SecureJarResource(mixinextras)
[07Jan2026 20:58:35.406] [main/DEBUG] [mixin/]: Instancing new MixinPlatformAgentMinecraftForge for SecureJarResource(mixinextras)
[07Jan2026 20:58:35.406] [main/DEBUG] [mixin/]: MixinPlatformAgentMinecraftForge rejected container SecureJarResource(mixinextras)
[07Jan2026 20:58:35.406] [main/DEBUG] [mixin/]: Instancing new MixinPlatformAgentDefault for SecureJarResource(mixinextras)
[07Jan2026 20:58:35.406] [main/DEBUG] [mixin/]: MixinPlatformAgentDefault accepted container SecureJarResource(mixinextras)
[07Jan2026 20:58:35.406] [main/DEBUG] [mixin/]: Processing prepare() for PlatformAgent[MixinPlatformAgentDefault:SecureJarResource(mixinextras)]
[07Jan2026 20:58:35.406] [main/DEBUG] [mixin/]: Registering mixin config: mixinextras.init.mixins.json
[07Jan2026 20:58:35.407] [main/DEBUG] [mixin/]: Adding mixin platform agents for container SecureJarResource(beautifiedchatserver)
[07Jan2026 20:58:35.408] [main/DEBUG] [mixin/]: Instancing new MixinPlatformAgentMinecraftForge for SecureJarResource(beautifiedchatserver)
[07Jan2026 20:58:35.408] [main/DEBUG] [mixin/]: MixinPlatformAgentMinecraftForge rejected container SecureJarResource(beautifiedchatserver)
[07Jan2026 20:58:35.408] [main/DEBUG] [mixin/]: Instancing new MixinPlatformAgentDefault for SecureJarResource(beautifiedchatserver)
[07Jan2026 20:58:35.408] [main/DEBUG] [mixin/]: MixinPlatformAgentDefault accepted container SecureJarResource(beautifiedchatserver)
[07Jan2026 20:58:35.408] [main/DEBUG] [mixin/]: Processing prepare() for PlatformAgent[MixinPlatformAgentDefault:SecureJarResource(beautifiedchatserver)]
[07Jan2026 20:58:35.408] [main/DEBUG] [mixin/]: Registering mixin config: beautifiedchatserver_forge.mixins.json
[07Jan2026 20:58:35.409] [main/DEBUG] [mixin/]: Adding mixin platform agents for container SecureJarResource(pickupnotifier)
[07Jan2026 20:58:35.409] [main/DEBUG] [mixin/]: Instancing new MixinPlatformAgentMinecraftForge for SecureJarResource(pickupnotifier)
[07Jan2026 20:58:35.409] [main/DEBUG] [mixin/]: MixinPlatformAgentMinecraftForge rejected container SecureJarResource(pickupnotifier)
[07Jan2026 20:58:35.410] [main/DEBUG] [mixin/]: Instancing new MixinPlatformAgentDefault for SecureJarResource(pickupnotifier)
[07Jan2026 20:58:35.410] [main/DEBUG] [mixin/]: MixinPlatformAgentDefault accepted container SecureJarResource(pickupnotifier)
[07Jan2026 20:58:35.410] [main/DEBUG] [mixin/]: Processing prepare() for PlatformAgent[MixinPlatformAgentDefault:SecureJarResource(pickupnotifier)]
[07Jan2026 20:58:35.410] [main/DEBUG] [mixin/]: Registering mixin config: pickupnotifier.common.mixins.json
[07Jan2026 20:58:35.411] [main/DEBUG] [mixin/]: Adding mixin platform agents for container SecureJarResource(morehitboxes)
[07Jan2026 20:58:35.412] [main/DEBUG] [mixin/]: Instancing new MixinPlatformAgentMinecraftForge for SecureJarResource(morehitboxes)
[07Jan2026 20:58:35.412] [main/DEBUG] [mixin/]: MixinPlatformAgentMinecraftForge rejected container SecureJarResource(morehitboxes)
[07Jan2026 20:58:35.412] [main/DEBUG] [mixin/]: Instancing new MixinPlatformAgentDefault for SecureJarResource(morehitboxes)
[07Jan2026 20:58:35.412] [main/DEBUG] [mixin/]: MixinPlatformAgentDefault accepted container SecureJarResource(morehitboxes)
[07Jan2026 20:58:35.412] [main/DEBUG] [mixin/]: Processing prepare() for PlatformAgent[MixinPlatformAgentDefault:SecureJarResource(morehitboxes)]
[07Jan2026 20:58:35.412] [main/DEBUG] [mixin/]: Registering mixin config: morehitboxes.mixins.json
[07Jan2026 20:58:35.414] [main/DEBUG] [mixin/]: Adding mixin platform agents for container SecureJarResource(balm)
[07Jan2026 20:58:35.414] [main/DEBUG] [mixin/]: Instancing new MixinPlatformAgentMinecraftForge for SecureJarResource(balm)
[07Jan2026 20:58:35.414] [main/DEBUG] [mixin/]: MixinPlatformAgentMinecraftForge rejected container SecureJarResource(balm)
[07Jan2026 20:58:35.414] [main/DEBUG] [mixin/]: Instancing new MixinPlatformAgentDefault for SecureJarResource(balm)
[07Jan2026 20:58:35.414] [main/DEBUG] [mixin/]: MixinPlatformAgentDefault accepted container SecureJarResource(balm)
[07Jan2026 20:58:35.415] [main/DEBUG] [mixin/]: Processing prepare() for PlatformAgent[MixinPlatformAgentDefault:SecureJarResource(balm)]
[07Jan2026 20:58:35.415] [main/DEBUG] [mixin/]: Registering mixin config: balm.mixins.json
[07Jan2026 20:58:35.416] [main/DEBUG] [mixin/]: Adding mixin platform agents for container SecureJarResource(interaction_boxes)
[07Jan2026 20:58:35.416] [main/DEBUG] [mixin/]: Instancing new MixinPlatformAgentMinecraftForge for SecureJarResource(interaction_boxes)
[07Jan2026 20:58:35.416] [main/DEBUG] [mixin/]: MixinPlatformAgentMinecraftForge rejected container SecureJarResource(interaction_boxes)
[07Jan2026 20:58:35.416] [main/DEBUG] [mixin/]: Instancing new MixinPlatformAgentDefault for SecureJarResource(interaction_boxes)
[07Jan2026 20:58:35.416] [main/DEBUG] [mixin/]: MixinPlatformAgentDefault accepted container SecureJarResource(interaction_boxes)
[07Jan2026 20:58:35.417] [main/DEBUG] [mixin/]: Processing prepare() for PlatformAgent[MixinPlatformAgentDefault:SecureJarResource(interaction_boxes)]
[07Jan2026 20:58:35.417] [main/DEBUG] [mixin/]: Registering mixin config: interaction_boxes.mixin.json
[07Jan2026 20:58:35.418] [main/DEBUG] [mixin/]: Adding mixin platform agents for container SecureJarResource(crafttweaker)
[07Jan2026 20:58:35.418] [main/DEBUG] [mixin/]: Instancing new MixinPlatformAgentMinecraftForge for SecureJarResource(crafttweaker)
[07Jan2026 20:58:35.418] [main/DEBUG] [mixin/]: MixinPlatformAgentMinecraftForge rejected container SecureJarResource(crafttweaker)
[07Jan2026 20:58:35.418] [main/DEBUG] [mixin/]: Instancing new MixinPlatformAgentDefault for SecureJarResource(crafttweaker)
[07Jan2026 20:58:35.418] [main/DEBUG] [mixin/]: MixinPlatformAgentDefault accepted container SecureJarResource(crafttweaker)
[07Jan2026 20:58:35.418] [main/DEBUG] [mixin/]: Processing prepare() for PlatformAgent[MixinPlatformAgentDefault:SecureJarResource(crafttweaker)]
[07Jan2026 20:58:35.418] [main/DEBUG] [mixin/]: Registering mixin config: crafttweaker.mixins.json
[07Jan2026 20:58:35.420] [main/DEBUG] [mixin/]: Registering mixin config: crafttweaker.forge.mixins.json
[07Jan2026 20:58:35.422] [main/DEBUG] [mixin/]: Adding mixin platform agents for container SecureJarResource(puzzlesaccessapi)
[07Jan2026 20:58:35.422] [main/DEBUG] [mixin/]: Instancing new MixinPlatformAgentMinecraftForge for SecureJarResource(puzzlesaccessapi)
[07Jan2026 20:58:35.422] [main/DEBUG] [mixin/]: MixinPlatformAgentMinecraftForge rejected container SecureJarResource(puzzlesaccessapi)
[07Jan2026 20:58:35.422] [main/DEBUG] [mixin/]: Instancing new MixinPlatformAgentDefault for SecureJarResource(puzzlesaccessapi)
[07Jan2026 20:58:35.422] [main/DEBUG] [mixin/]: MixinPlatformAgentDefault accepted container SecureJarResource(puzzlesaccessapi)
[07Jan2026 20:58:35.422] [main/DEBUG] [mixin/]: Processing prepare() for PlatformAgent[MixinPlatformAgentDefault:SecureJarResource(puzzlesaccessapi)]
[07Jan2026 20:58:35.422] [main/DEBUG] [mixin/]: Registering mixin config: puzzlesaccessapi.common.mixins.json
[07Jan2026 20:58:35.423] [main/DEBUG] [mixin/]: Registering mixin config: puzzlesaccessapi.forge.mixins.json
[07Jan2026 20:58:35.425] [main/DEBUG] [mixin/]: Adding mixin platform agents for container SecureJarResource(cloth_config)
[07Jan2026 20:58:35.425] [main/DEBUG] [mixin/]: Instancing new MixinPlatformAgentMinecraftForge for SecureJarResource(cloth_config)
[07Jan2026 20:58:35.425] [main/DEBUG] [mixin/]: MixinPlatformAgentMinecraftForge rejected container SecureJarResource(cloth_config)
[07Jan2026 20:58:35.425] [main/DEBUG] [mixin/]: Instancing new MixinPlatformAgentDefault for SecureJarResource(cloth_config)
[07Jan2026 20:58:35.426] [main/DEBUG] [mixin/]: MixinPlatformAgentDefault accepted container SecureJarResource(cloth_config)
[07Jan2026 20:58:35.426] [main/DEBUG] [mixin/]: Processing prepare() for PlatformAgent[MixinPlatformAgentDefault:SecureJarResource(cloth_config)]
[07Jan2026 20:58:35.426] [main/DEBUG] [mixin/]: Adding mixin platform agents for container SecureJarResource(forge)
[07Jan2026 20:58:35.426] [main/DEBUG] [mixin/]: Instancing new MixinPlatformAgentMinecraftForge for SecureJarResource(forge)
[07Jan2026 20:58:35.426] [main/DEBUG] [mixin/]: MixinPlatformAgentMinecraftForge rejected container SecureJarResource(forge)
[07Jan2026 20:58:35.426] [main/DEBUG] [mixin/]: Instancing new MixinPlatformAgentDefault for SecureJarResource(forge)
[07Jan2026 20:58:35.426] [main/DEBUG] [mixin/]: MixinPlatformAgentDefault accepted container SecureJarResource(forge)
[07Jan2026 20:58:35.426] [main/DEBUG] [mixin/]: Processing prepare() for PlatformAgent[MixinPlatformAgentDefault:SecureJarResource(forge)]
[07Jan2026 20:58:35.426] [main/DEBUG] [mixin/]: Adding mixin platform agents for container SecureJarResource(twilightforest)
[07Jan2026 20:58:35.427] [main/DEBUG] [mixin/]: Instancing new MixinPlatformAgentMinecraftForge for SecureJarResource(twilightforest)
[07Jan2026 20:58:35.427] [main/DEBUG] [mixin/]: MixinPlatformAgentMinecraftForge rejected container SecureJarResource(twilightforest)
[07Jan2026 20:58:35.427] [main/DEBUG] [mixin/]: Instancing new MixinPlatformAgentDefault for SecureJarResource(twilightforest)
[07Jan2026 20:58:35.427] [main/DEBUG] [mixin/]: MixinPlatformAgentDefault accepted container SecureJarResource(twilightforest)
[07Jan2026 20:58:35.427] [main/DEBUG] [mixin/]: Processing prepare() for PlatformAgent[MixinPlatformAgentDefault:SecureJarResource(twilightforest)]
[07Jan2026 20:58:35.427] [main/DEBUG] [mixin/]: Adding mixin platform agents for container SecureJarResource(tlskincape)
[07Jan2026 20:58:35.427] [main/DEBUG] [mixin/]: Instancing new MixinPlatformAgentMinecraftForge for SecureJarResource(tlskincape)
[07Jan2026 20:58:35.427] [main/DEBUG] [mixin/]: MixinPlatformAgentMinecraftForge rejected container SecureJarResource(tlskincape)
[07Jan2026 20:58:35.427] [main/DEBUG] [mixin/]: Instancing new MixinPlatformAgentDefault for SecureJarResource(tlskincape)
[07Jan2026 20:58:35.427] [main/DEBUG] [mixin/]: MixinPlatformAgentDefault accepted container SecureJarResource(tlskincape)
[07Jan2026 20:58:35.428] [main/DEBUG] [mixin/]: Processing prepare() for PlatformAgent[MixinPlatformAgentDefault:SecureJarResource(tlskincape)]
[07Jan2026 20:58:35.428] [main/DEBUG] [mixin/]: Adding mixin platform agents for container SecureJarResource(embeddium)
[07Jan2026 20:58:35.428] [main/DEBUG] [mixin/]: Instancing new MixinPlatformAgentMinecraftForge for SecureJarResource(embeddium)
[07Jan2026 20:58:35.428] [main/DEBUG] [mixin/]: MixinPlatformAgentMinecraftForge rejected container SecureJarResource(embeddium)
[07Jan2026 20:58:35.428] [main/DEBUG] [mixin/]: Instancing new MixinPlatformAgentDefault for SecureJarResource(embeddium)
[07Jan2026 20:58:35.428] [main/DEBUG] [mixin/]: MixinPlatformAgentDefault accepted container SecureJarResource(embeddium)
[07Jan2026 20:58:35.428] [main/DEBUG] [mixin/]: Processing prepare() for PlatformAgent[MixinPlatformAgentDefault:SecureJarResource(embeddium)]
[07Jan2026 20:58:35.428] [main/DEBUG] [mixin/]: Registering mixin config: embeddium.mixins.json
[07Jan2026 20:58:35.430] [main/DEBUG] [mixin/]: Adding mixin platform agents for container SecureJarResource(betterpingdisplay)
[07Jan2026 20:58:35.430] [main/DEBUG] [mixin/]: Instancing new MixinPlatformAgentMinecraftForge for SecureJarResource(betterpingdisplay)
[07Jan2026 20:58:35.430] [main/DEBUG] [mixin/]: MixinPlatformAgentMinecraftForge rejected container SecureJarResource(betterpingdisplay)
[07Jan2026 20:58:35.430] [main/DEBUG] [mixin/]: Instancing new MixinPlatformAgentDefault for SecureJarResource(betterpingdisplay)
[07Jan2026 20:58:35.430] [main/DEBUG] [mixin/]: MixinPlatformAgentDefault accepted container SecureJarResource(betterpingdisplay)
[07Jan2026 20:58:35.430] [main/DEBUG] [mixin/]: Processing prepare() for PlatformAgent[MixinPlatformAgentDefault:SecureJarResource(betterpingdisplay)]
[07Jan2026 20:58:35.430] [main/DEBUG] [mixin/]: Registering mixin config: betterpingdisplay.mixins.json
[07Jan2026 20:58:35.431] [main/DEBUG] [mixin/]: Compatibility level JAVA_8 specified by betterpingdisplay.mixins.json is lower than the default level supported by the current mixin service (JAVA_16).
[07Jan2026 20:58:35.432] [main/DEBUG] [mixin/]: Adding mixin platform agents for container SecureJarResource(minecraft)
[07Jan2026 20:58:35.432] [main/DEBUG] [mixin/]: Instancing new MixinPlatformAgentMinecraftForge for SecureJarResource(minecraft)
[07Jan2026 20:58:35.432] [main/DEBUG] [mixin/]: MixinPlatformAgentMinecraftForge rejected container SecureJarResource(minecraft)
[07Jan2026 20:58:35.432] [main/DEBUG] [mixin/]: Instancing new MixinPlatformAgentDefault for SecureJarResource(minecraft)
[07Jan2026 20:58:35.432] [main/DEBUG] [mixin/]: MixinPlatformAgentDefault accepted container SecureJarResource(minecraft)
[07Jan2026 20:58:35.432] [main/DEBUG] [mixin/]: Processing prepare() for PlatformAgent[MixinPlatformAgentDefault:SecureJarResource(minecraft)]
[07Jan2026 20:58:35.432] [main/DEBUG] [mixin/]: Adding mixin platform agents for container SecureJarResource(tconstruct)
[07Jan2026 20:58:35.432] [main/DEBUG] [mixin/]: Instancing new MixinPlatformAgentMinecraftForge for SecureJarResource(tconstruct)
[07Jan2026 20:58:35.432] [main/DEBUG] [mixin/]: MixinPlatformAgentMinecraftForge rejected container SecureJarResource(tconstruct)
[07Jan2026 20:58:35.432] [main/DEBUG] [mixin/]: Instancing new MixinPlatformAgentDefault for SecureJarResource(tconstruct)
[07Jan2026 20:58:35.432] [main/DEBUG] [mixin/]: MixinPlatformAgentDefault accepted container SecureJarResource(tconstruct)
[07Jan2026 20:58:35.432] [main/DEBUG] [mixin/]: Processing prepare() for PlatformAgent[MixinPlatformAgentDefault:SecureJarResource(tconstruct)]
[07Jan2026 20:58:35.432] [main/DEBUG] [mixin/]: Adding mixin platform agents for container SecureJarResource(borninconfiguration)
[07Jan2026 20:58:35.432] [main/DEBUG] [mixin/]: Instancing new MixinPlatformAgentMinecraftForge for SecureJarResource(borninconfiguration)
[07Jan2026 20:58:35.432] [main/DEBUG] [mixin/]: MixinPlatformAgentMinecraftForge rejected container SecureJarResource(borninconfiguration)
[07Jan2026 20:58:35.432] [main/DEBUG] [mixin/]: Instancing new MixinPlatformAgentDefault for SecureJarResource(borninconfiguration)
[07Jan2026 20:58:35.432] [main/DEBUG] [mixin/]: MixinPlatformAgentDefault accepted container SecureJarResource(borninconfiguration)
[07Jan2026 20:58:35.432] [main/DEBUG] [mixin/]: Processing prepare() for PlatformAgent[MixinPlatformAgentDefault:SecureJarResource(borninconfiguration)]
[07Jan2026 20:58:35.432] [main/DEBUG] [mixin/]: Registering mixin config: borninconfiguration.mixins.json
[07Jan2026 20:58:35.434] [main/DEBUG] [mixin/]: Compatibility level JAVA_8 specified by borninconfiguration.mixins.json is lower than the default level supported by the current mixin service (JAVA_16).
[07Jan2026 20:58:35.434] [main/DEBUG] [mixin/]: Adding mixin platform agents for container SecureJarResource(terrablender)
[07Jan2026 20:58:35.434] [main/DEBUG] [mixin/]: Instancing new MixinPlatformAgentMinecraftForge for SecureJarResource(terrablender)
[07Jan2026 20:58:35.434] [main/DEBUG] [mixin/]: MixinPlatformAgentMinecraftForge rejected container SecureJarResource(terrablender)
[07Jan2026 20:58:35.434] [main/DEBUG] [mixin/]: Instancing new MixinPlatformAgentDefault for SecureJarResource(terrablender)
[07Jan2026 20:58:35.434] [main/DEBUG] [mixin/]: MixinPlatformAgentDefault accepted container SecureJarResource(terrablender)
[07Jan2026 20:58:35.434] [main/DEBUG] [mixin/]: Processing prepare() for PlatformAgent[MixinPlatformAgentDefault:SecureJarResource(terrablender)]
[07Jan2026 20:58:35.434] [main/DEBUG] [mixin/]: Registering mixin config: terrablender.mixins.json
[07Jan2026 20:58:35.435] [main/DEBUG] [mixin/]: Registering mixin config: terrablender_forge.mixins.json
[07Jan2026 20:58:35.436] [main/DEBUG] [mixin/]: Adding mixin platform agents for container SecureJarResource(mousetweaks)
[07Jan2026 20:58:35.436] [main/DEBUG] [mixin/]: Instancing new MixinPlatformAgentMinecraftForge for SecureJarResource(mousetweaks)
[07Jan2026 20:58:35.436] [main/DEBUG] [mixin/]: MixinPlatformAgentMinecraftForge rejected container SecureJarResource(mousetweaks)
[07Jan2026 20:58:35.436] [main/DEBUG] [mixin/]: Instancing new MixinPlatformAgentDefault for SecureJarResource(mousetweaks)
[07Jan2026 20:58:35.436] [main/DEBUG] [mixin/]: MixinPlatformAgentDefault accepted container SecureJarResource(mousetweaks)
[07Jan2026 20:58:35.436] [main/DEBUG] [mixin/]: Processing prepare() for PlatformAgent[MixinPlatformAgentDefault:SecureJarResource(mousetweaks)]
[07Jan2026 20:58:35.436] [main/DEBUG] [mixin/]: Registering mixin config: mousetweaks.mixins.json
[07Jan2026 20:58:35.438] [main/DEBUG] [mixin/]: Adding mixin platform agents for container SecureJarResource(jade)
[07Jan2026 20:58:35.438] [main/DEBUG] [mixin/]: Instancing new MixinPlatformAgentMinecraftForge for SecureJarResource(jade)
[07Jan2026 20:58:35.438] [main/DEBUG] [mixin/]: MixinPlatformAgentMinecraftForge rejected container SecureJarResource(jade)
[07Jan2026 20:58:35.438] [main/DEBUG] [mixin/]: Instancing new MixinPlatformAgentDefault for SecureJarResource(jade)
[07Jan2026 20:58:35.438] [main/DEBUG] [mixin/]: MixinPlatformAgentDefault accepted container SecureJarResource(jade)
[07Jan2026 20:58:35.438] [main/DEBUG] [mixin/]: Processing prepare() for PlatformAgent[MixinPlatformAgentDefault:SecureJarResource(jade)]
[07Jan2026 20:58:35.438] [main/DEBUG] [mixin/]: Registering mixin config: jade.mixins.json
[07Jan2026 20:58:35.439] [main/DEBUG] [mixin/]: Compatibility level JAVA_16 specified by jade.mixins.json is higher than the maximum level supported by this version of mixin (JAVA_13).
[07Jan2026 20:58:35.440] [main/DEBUG] [mixin/]: Adding mixin platform agents for container SecureJarResource(tbsfbsp)
[07Jan2026 20:58:35.440] [main/DEBUG] [mixin/]: Instancing new MixinPlatformAgentMinecraftForge for SecureJarResource(tbsfbsp)
[07Jan2026 20:58:35.440] [main/DEBUG] [mixin/]: MixinPlatformAgentMinecraftForge rejected container SecureJarResource(tbsfbsp)
[07Jan2026 20:58:35.440] [main/DEBUG] [mixin/]: Instancing new MixinPlatformAgentDefault for SecureJarResource(tbsfbsp)
[07Jan2026 20:58:35.440] [main/DEBUG] [mixin/]: MixinPlatformAgentDefault accepted container SecureJarResource(tbsfbsp)
[07Jan2026 20:58:35.440] [main/DEBUG] [mixin/]: Processing prepare() for PlatformAgent[MixinPlatformAgentDefault:SecureJarResource(tbsfbsp)]
[07Jan2026 20:58:35.440] [main/DEBUG] [mixin/]: Registering mixin config: tbsfbsp.mixin.json
[07Jan2026 20:58:35.441] [main/DEBUG] [mixin/]: Adding mixin platform agents for container SecureJarResource(creativecore)
[07Jan2026 20:58:35.441] [main/DEBUG] [mixin/]: Instancing new MixinPlatformAgentMinecraftForge for SecureJarResource(creativecore)
[07Jan2026 20:58:35.441] [main/DEBUG] [mixin/]: MixinPlatformAgentMinecraftForge rejected container SecureJarResource(creativecore)
[07Jan2026 20:58:35.441] [main/DEBUG] [mixin/]: Instancing new MixinPlatformAgentDefault for SecureJarResource(creativecore)
[07Jan2026 20:58:35.441] [main/DEBUG] [mixin/]: MixinPlatformAgentDefault accepted container SecureJarResource(creativecore)
[07Jan2026 20:58:35.441] [main/DEBUG] [mixin/]: Processing prepare() for PlatformAgent[MixinPlatformAgentDefault:SecureJarResource(creativecore)]
[07Jan2026 20:58:35.441] [main/DEBUG] [mixin/]: Registering mixin config: creativecore.mixins.json
[07Jan2026 20:58:35.443] [main/DEBUG] [mixin/]: Registering mixin config: creativecore.forge.mixins.json
[07Jan2026 20:58:35.444] [main/DEBUG] [mixin/]: Adding mixin platform agents for container SecureJarResource(chunky)
[07Jan2026 20:58:35.444] [main/DEBUG] [mixin/]: Instancing new MixinPlatformAgentMinecraftForge for SecureJarResource(chunky)
[07Jan2026 20:58:35.444] [main/DEBUG] [mixin/]: MixinPlatformAgentMinecraftForge rejected container SecureJarResource(chunky)
[07Jan2026 20:58:35.444] [main/DEBUG] [mixin/]: Instancing new MixinPlatformAgentDefault for SecureJarResource(chunky)
[07Jan2026 20:58:35.444] [main/DEBUG] [mixin/]: MixinPlatformAgentDefault accepted container SecureJarResource(chunky)
[07Jan2026 20:58:35.444] [main/DEBUG] [mixin/]: Processing prepare() for PlatformAgent[MixinPlatformAgentDefault:SecureJarResource(chunky)]
[07Jan2026 20:58:35.444] [main/DEBUG] [mixin/]: Adding mixin platform agents for container SecureJarResource(born_in_chaos_v1)
[07Jan2026 20:58:35.444] [main/DEBUG] [mixin/]: Instancing new MixinPlatformAgentMinecraftForge for SecureJarResource(born_in_chaos_v1)
[07Jan2026 20:58:35.444] [main/DEBUG] [mixin/]: MixinPlatformAgentMinecraftForge rejected container SecureJarResource(born_in_chaos_v1)
[07Jan2026 20:58:35.444] [main/DEBUG] [mixin/]: Instancing new MixinPlatformAgentDefault for SecureJarResource(born_in_chaos_v1)
[07Jan2026 20:58:35.444] [main/DEBUG] [mixin/]: MixinPlatformAgentDefault accepted container SecureJarResource(born_in_chaos_v1)
[07Jan2026 20:58:35.444] [main/DEBUG] [mixin/]: Processing prepare() for PlatformAgent[MixinPlatformAgentDefault:SecureJarResource(born_in_chaos_v1)]
[07Jan2026 20:58:35.444] [main/DEBUG] [mixin/]: Adding mixin platform agents for container SecureJarResource(spark)
[07Jan2026 20:58:35.444] [main/DEBUG] [mixin/]: Instancing new MixinPlatformAgentMinecraftForge for SecureJarResource(spark)
[07Jan2026 20:58:35.444] [main/DEBUG] [mixin/]: MixinPlatformAgentMinecraftForge rejected container SecureJarResource(spark)
[07Jan2026 20:58:35.444] [main/DEBUG] [mixin/]: Instancing new MixinPlatformAgentDefault for SecureJarResource(spark)
[07Jan2026 20:58:35.444] [main/DEBUG] [mixin/]: MixinPlatformAgentDefault accepted container SecureJarResource(spark)
[07Jan2026 20:58:35.445] [main/DEBUG] [mixin/]: Processing prepare() for PlatformAgent[MixinPlatformAgentDefault:SecureJarResource(spark)]
[07Jan2026 20:58:35.445] [main/DEBUG] [mixin/]: Adding mixin platform agents for container SecureJarResource(kotlinforforge)
[07Jan2026 20:58:35.445] [main/DEBUG] [mixin/]: Instancing new MixinPlatformAgentMinecraftForge for SecureJarResource(kotlinforforge)
[07Jan2026 20:58:35.445] [main/DEBUG] [mixin/]: MixinPlatformAgentMinecraftForge rejected container SecureJarResource(kotlinforforge)
[07Jan2026 20:58:35.445] [main/DEBUG] [mixin/]: Instancing new MixinPlatformAgentDefault for SecureJarResource(kotlinforforge)
[07Jan2026 20:58:35.445] [main/DEBUG] [mixin/]: MixinPlatformAgentDefault accepted container SecureJarResource(kotlinforforge)
[07Jan2026 20:58:35.445] [main/DEBUG] [mixin/]: Processing prepare() for PlatformAgent[MixinPlatformAgentDefault:SecureJarResource(kotlinforforge)]
[07Jan2026 20:58:35.445] [main/DEBUG] [mixin/]: Adding mixin platform agents for container SecureJarResource(curios)
[07Jan2026 20:58:35.445] [main/DEBUG] [mixin/]: Instancing new MixinPlatformAgentMinecraftForge for SecureJarResource(curios)
[07Jan2026 20:58:35.445] [main/DEBUG] [mixin/]: MixinPlatformAgentMinecraftForge rejected container SecureJarResource(curios)
[07Jan2026 20:58:35.445] [main/DEBUG] [mixin/]: Instancing new MixinPlatformAgentDefault for SecureJarResource(curios)
[07Jan2026 20:58:35.445] [main/DEBUG] [mixin/]: MixinPlatformAgentDefault accepted container SecureJarResource(curios)
[07Jan2026 20:58:35.445] [main/DEBUG] [mixin/]: Processing prepare() for PlatformAgent[MixinPlatformAgentDefault:SecureJarResource(curios)]
[07Jan2026 20:58:35.445] [main/DEBUG] [mixin/]: Registering mixin config: curios.mixins.json
[07Jan2026 20:58:35.447] [main/DEBUG] [mixin/]: Adding mixin platform agents for container SecureJarResource(mantle)
[07Jan2026 20:58:35.447] [main/DEBUG] [mixin/]: Instancing new MixinPlatformAgentMinecraftForge for SecureJarResource(mantle)
[07Jan2026 20:58:35.447] [main/DEBUG] [mixin/]: MixinPlatformAgentMinecraftForge rejected container SecureJarResource(mantle)
[07Jan2026 20:58:35.447] [main/DEBUG] [mixin/]: Instancing new MixinPlatformAgentDefault for SecureJarResource(mantle)
[07Jan2026 20:58:35.447] [main/DEBUG] [mixin/]: MixinPlatformAgentDefault accepted container SecureJarResource(mantle)
[07Jan2026 20:58:35.447] [main/DEBUG] [mixin/]: Processing prepare() for PlatformAgent[MixinPlatformAgentDefault:SecureJarResource(mantle)]
[07Jan2026 20:58:35.447] [main/DEBUG] [mixin/]: Adding mixin platform agents for container SecureJarResource(xaerominimap)
[07Jan2026 20:58:35.447] [main/DEBUG] [mixin/]: Instancing new MixinPlatformAgentMinecraftForge for SecureJarResource(xaerominimap)
[07Jan2026 20:58:35.447] [main/DEBUG] [mixin/]: MixinPlatformAgentMinecraftForge rejected container SecureJarResource(xaerominimap)
[07Jan2026 20:58:35.447] [main/DEBUG] [mixin/]: Instancing new MixinPlatformAgentDefault for SecureJarResource(xaerominimap)
[07Jan2026 20:58:35.447] [main/DEBUG] [mixin/]: MixinPlatformAgentDefault accepted container SecureJarResource(xaerominimap)
[07Jan2026 20:58:35.447] [main/DEBUG] [mixin/]: Processing prepare() for PlatformAgent[MixinPlatformAgentDefault:SecureJarResource(xaerominimap)]
[07Jan2026 20:58:35.447] [main/DEBUG] [mixin/]: Registering mixin config: xaerohud.mixins.json
[07Jan2026 20:58:35.448] [main/DEBUG] [mixin/]: Registering mixin config: xaerohud.forge.mixins.json
[07Jan2026 20:58:35.449] [main/DEBUG] [mixin/]: Registering mixin config: xaerominimap.mixins.json
[07Jan2026 20:58:35.450] [main/DEBUG] [mixin/]: Registering mixin config: xaerominimap.forge.mixins.json
[07Jan2026 20:58:35.452] [main/DEBUG] [mixin/]: Adding mixin platform agents for container SecureJarResource(collective)
[07Jan2026 20:58:35.452] [main/DEBUG] [mixin/]: Instancing new MixinPlatformAgentMinecraftForge for SecureJarResource(collective)
[07Jan2026 20:58:35.452] [main/DEBUG] [mixin/]: MixinPlatformAgentMinecraftForge rejected container SecureJarResource(collective)
[07Jan2026 20:58:35.452] [main/DEBUG] [mixin/]: Instancing new MixinPlatformAgentDefault for SecureJarResource(collective)
[07Jan2026 20:58:35.452] [main/DEBUG] [mixin/]: MixinPlatformAgentDefault accepted container SecureJarResource(collective)
[07Jan2026 20:58:35.452] [main/DEBUG] [mixin/]: Processing prepare() for PlatformAgent[MixinPlatformAgentDefault:SecureJarResource(collective)]
[07Jan2026 20:58:35.452] [main/DEBUG] [mixin/]: Registering mixin config: collective_forge.mixins.json
[07Jan2026 20:58:35.453] [main/DEBUG] [mixin/]: Adding mixin platform agents for container SecureJarResource(securitycraft)
[07Jan2026 20:58:35.453] [main/DEBUG] [mixin/]: Instancing new MixinPlatformAgentMinecraftForge for SecureJarResource(securitycraft)
[07Jan2026 20:58:35.453] [main/DEBUG] [mixin/]: MixinPlatformAgentMinecraftForge rejected container SecureJarResource(securitycraft)
[07Jan2026 20:58:35.453] [main/DEBUG] [mixin/]: Instancing new MixinPlatformAgentDefault for SecureJarResource(securitycraft)
[07Jan2026 20:58:35.453] [main/DEBUG] [mixin/]: MixinPlatformAgentDefault accepted container SecureJarResource(securitycraft)
[07Jan2026 20:58:35.454] [main/DEBUG] [mixin/]: Processing prepare() for PlatformAgent[MixinPlatformAgentDefault:SecureJarResource(securitycraft)]
[07Jan2026 20:58:35.454] [main/DEBUG] [mixin/]: Registering mixin config: securitycraft.mixins.json
[07Jan2026 20:58:35.455] [main/DEBUG] [mixin/]: Adding mixin platform agents for container SecureJarResource(tombstone)
[07Jan2026 20:58:35.455] [main/DEBUG] [mixin/]: Instancing new MixinPlatformAgentMinecraftForge for SecureJarResource(tombstone)
[07Jan2026 20:58:35.455] [main/DEBUG] [mixin/]: MixinPlatformAgentMinecraftForge rejected container SecureJarResource(tombstone)
[07Jan2026 20:58:35.455] [main/DEBUG] [mixin/]: Instancing new MixinPlatformAgentDefault for SecureJarResource(tombstone)
[07Jan2026 20:58:35.455] [main/DEBUG] [mixin/]: MixinPlatformAgentDefault accepted container SecureJarResource(tombstone)
[07Jan2026 20:58:35.455] [main/DEBUG] [mixin/]: Processing prepare() for PlatformAgent[MixinPlatformAgentDefault:SecureJarResource(tombstone)]
[07Jan2026 20:58:35.455] [main/DEBUG] [mixin/]: Registering mixin config: tombstone.mixins.json
[07Jan2026 20:58:35.457] [main/DEBUG] [mixin/]: Adding mixin platform agents for container SecureJarResource(architectury)
[07Jan2026 20:58:35.457] [main/DEBUG] [mixin/]: Instancing new MixinPlatformAgentMinecraftForge for SecureJarResource(architectury)
[07Jan2026 20:58:35.457] [main/DEBUG] [mixin/]: MixinPlatformAgentMinecraftForge rejected container SecureJarResource(architectury)
[07Jan2026 20:58:35.457] [main/DEBUG] [mixin/]: Instancing new MixinPlatformAgentDefault for SecureJarResource(architectury)
[07Jan2026 20:58:35.457] [main/DEBUG] [mixin/]: MixinPlatformAgentDefault accepted container SecureJarResource(architectury)
[07Jan2026 20:58:35.457] [main/DEBUG] [mixin/]: Processing prepare() for PlatformAgent[MixinPlatformAgentDefault:SecureJarResource(architectury)]
[07Jan2026 20:58:35.457] [main/DEBUG] [mixin/]: Registering mixin config: architectury.mixins.json
[07Jan2026 20:58:35.458] [main/DEBUG] [mixin/]: Compatibility level JAVA_16 specified by architectury.mixins.json is higher than the maximum level supported by this version of mixin (JAVA_13).
[07Jan2026 20:58:35.458] [main/DEBUG] [mixin/]: Registering mixin config: architectury-common.mixins.json
[07Jan2026 20:58:35.460] [main/DEBUG] [mixin/]: Compatibility level JAVA_16 specified by architectury-common.mixins.json is higher than the maximum level supported by this version of mixin (JAVA_13).
[07Jan2026 20:58:35.460] [main/DEBUG] [mixin/]: Adding mixin platform agents for container SecureJarResource(fossil)
[07Jan2026 20:58:35.460] [main/DEBUG] [mixin/]: Instancing new MixinPlatformAgentMinecraftForge for SecureJarResource(fossil)
[07Jan2026 20:58:35.460] [main/DEBUG] [mixin/]: MixinPlatformAgentMinecraftForge rejected container SecureJarResource(fossil)
[07Jan2026 20:58:35.460] [main/DEBUG] [mixin/]: Instancing new MixinPlatformAgentDefault for SecureJarResource(fossil)
[07Jan2026 20:58:35.460] [main/DEBUG] [mixin/]: MixinPlatformAgentDefault accepted container SecureJarResource(fossil)
[07Jan2026 20:58:35.460] [main/DEBUG] [mixin/]: Processing prepare() for PlatformAgent[MixinPlatformAgentDefault:SecureJarResource(fossil)]
[07Jan2026 20:58:35.460] [main/DEBUG] [mixin/]: Registering mixin config: fossil_forge.mixins.json
[07Jan2026 20:58:35.462] [main/DEBUG] [mixin/]: Registering mixin config: fossil_common.mixins.json
[07Jan2026 20:58:35.463] [main/DEBUG] [mixin/]: Adding mixin platform agents for container SecureJarResource(ferritecore)
[07Jan2026 20:58:35.463] [main/DEBUG] [mixin/]: Instancing new MixinPlatformAgentMinecraftForge for SecureJarResource(ferritecore)
[07Jan2026 20:58:35.463] [main/DEBUG] [mixin/]: MixinPlatformAgentMinecraftForge rejected container SecureJarResource(ferritecore)
[07Jan2026 20:58:35.463] [main/DEBUG] [mixin/]: Instancing new MixinPlatformAgentDefault for SecureJarResource(ferritecore)
[07Jan2026 20:58:35.463] [main/DEBUG] [mixin/]: MixinPlatformAgentDefault accepted container SecureJarResource(ferritecore)
[07Jan2026 20:58:35.463] [main/DEBUG] [mixin/]: Processing prepare() for PlatformAgent[MixinPlatformAgentDefault:SecureJarResource(ferritecore)]
[07Jan2026 20:58:35.463] [main/DEBUG] [mixin/]: Registering mixin config: ferritecore.predicates.mixin.json
[07Jan2026 20:58:35.465] [main/DEBUG] [mixin/]: Registering mixin config: ferritecore.fastmap.mixin.json
[07Jan2026 20:58:35.466] [main/DEBUG] [mixin/]: Registering mixin config: ferritecore.mrl.mixin.json
[07Jan2026 20:58:35.467] [main/DEBUG] [mixin/]: Registering mixin config: ferritecore.dedupmultipart.mixin.json
[07Jan2026 20:58:35.468] [main/DEBUG] [mixin/]: Registering mixin config: ferritecore.blockstatecache.mixin.json
[07Jan2026 20:58:35.470] [main/DEBUG] [mixin/]: Registering mixin config: ferritecore.dedupbakedquad.mixin.json
[07Jan2026 20:58:35.471] [main/DEBUG] [mixin/]: Registering mixin config: ferritecore.threaddetec.mixin.json
[07Jan2026 20:58:35.473] [main/DEBUG] [mixin/]: Registering mixin config: ferritecore.modelsides.mixin.json
[07Jan2026 20:58:35.474] [main/DEBUG] [mixin/]: Adding mixin platform agents for container SecureJarResource(puzzleslib)
[07Jan2026 20:58:35.474] [main/DEBUG] [mixin/]: Instancing new MixinPlatformAgentMinecraftForge for SecureJarResource(puzzleslib)
[07Jan2026 20:58:35.474] [main/DEBUG] [mixin/]: MixinPlatformAgentMinecraftForge rejected container SecureJarResource(puzzleslib)
[07Jan2026 20:58:35.474] [main/DEBUG] [mixin/]: Instancing new MixinPlatformAgentDefault for SecureJarResource(puzzleslib)
[07Jan2026 20:58:35.474] [main/DEBUG] [mixin/]: MixinPlatformAgentDefault accepted container SecureJarResource(puzzleslib)
[07Jan2026 20:58:35.474] [main/DEBUG] [mixin/]: Processing prepare() for PlatformAgent[MixinPlatformAgentDefault:SecureJarResource(puzzleslib)]
[07Jan2026 20:58:35.474] [main/DEBUG] [mixin/]: Registering mixin config: puzzleslib.common.mixins.json
[07Jan2026 20:58:35.475] [main/DEBUG] [mixin/]: Registering mixin config: puzzleslib.forge.mixins.json
[07Jan2026 20:58:35.476] [main/DEBUG] [mixin/]: Adding mixin platform agents for container SecureJarResource(observable)
[07Jan2026 20:58:35.476] [main/DEBUG] [mixin/]: Instancing new MixinPlatformAgentMinecraftForge for SecureJarResource(observable)
[07Jan2026 20:58:35.476] [main/DEBUG] [mixin/]: MixinPlatformAgentMinecraftForge rejected container SecureJarResource(observable)
[07Jan2026 20:58:35.476] [main/DEBUG] [mixin/]: Instancing new MixinPlatformAgentDefault for SecureJarResource(observable)
[07Jan2026 20:58:35.476] [main/DEBUG] [mixin/]: MixinPlatformAgentDefault accepted container SecureJarResource(observable)
[07Jan2026 20:58:35.476] [main/DEBUG] [mixin/]: Processing prepare() for PlatformAgent[MixinPlatformAgentDefault:SecureJarResource(observable)]
[07Jan2026 20:58:35.476] [main/DEBUG] [mixin/]: Registering mixin config: observable.common.json
[07Jan2026 20:58:35.478] [main/DEBUG] [mixin/]: Compatibility level JAVA_8 specified by observable.common.json is lower than the default level supported by the current mixin service (JAVA_16).
[07Jan2026 20:58:35.478] [main/DEBUG] [mixin/]: Adding mixin platform agents for container SecureJarResource(expandability)
[07Jan2026 20:58:35.478] [main/DEBUG] [mixin/]: Instancing new MixinPlatformAgentMinecraftForge for SecureJarResource(expandability)
[07Jan2026 20:58:35.478] [main/DEBUG] [mixin/]: MixinPlatformAgentMinecraftForge rejected container SecureJarResource(expandability)
[07Jan2026 20:58:35.478] [main/DEBUG] [mixin/]: Instancing new MixinPlatformAgentDefault for SecureJarResource(expandability)
[07Jan2026 20:58:35.478] [main/DEBUG] [mixin/]: MixinPlatformAgentDefault accepted container SecureJarResource(expandability)
[07Jan2026 20:58:35.478] [main/DEBUG] [mixin/]: Processing prepare() for PlatformAgent[MixinPlatformAgentDefault:SecureJarResource(expandability)]
[07Jan2026 20:58:35.478] [main/DEBUG] [mixin/]: Registering mixin config: expandability.mixins.json
[07Jan2026 20:58:35.480] [main/DEBUG] [mixin/]: Registering mixin config: expandability-common.mixins.json
[07Jan2026 20:58:35.481] [main/DEBUG] [mixin/]: Adding mixin platform agents for container SecureJarResource(moblassos)
[07Jan2026 20:58:35.481] [main/DEBUG] [mixin/]: Instancing new MixinPlatformAgentMinecraftForge for SecureJarResource(moblassos)
[07Jan2026 20:58:35.481] [main/DEBUG] [mixin/]: MixinPlatformAgentMinecraftForge rejected container SecureJarResource(moblassos)
[07Jan2026 20:58:35.481] [main/DEBUG] [mixin/]: Instancing new MixinPlatformAgentDefault for SecureJarResource(moblassos)
[07Jan2026 20:58:35.481] [main/DEBUG] [mixin/]: MixinPlatformAgentDefault accepted container SecureJarResource(moblassos)
[07Jan2026 20:58:35.481] [main/DEBUG] [mixin/]: Processing prepare() for PlatformAgent[MixinPlatformAgentDefault:SecureJarResource(moblassos)]
[07Jan2026 20:58:35.481] [main/DEBUG] [mixin/]: Registering mixin config: moblassos.common.mixins.json
[07Jan2026 20:58:35.483] [main/DEBUG] [mixin/]: Adding mixin platform agents for container SecureJarResource(playerrevive)
[07Jan2026 20:58:35.483] [main/DEBUG] [mixin/]: Instancing new MixinPlatformAgentMinecraftForge for SecureJarResource(playerrevive)
[07Jan2026 20:58:35.483] [main/DEBUG] [mixin/]: MixinPlatformAgentMinecraftForge rejected container SecureJarResource(playerrevive)
[07Jan2026 20:58:35.483] [main/DEBUG] [mixin/]: Instancing new MixinPlatformAgentDefault for SecureJarResource(playerrevive)
[07Jan2026 20:58:35.483] [main/DEBUG] [mixin/]: MixinPlatformAgentDefault accepted container SecureJarResource(playerrevive)
[07Jan2026 20:58:35.483] [main/DEBUG] [mixin/]: Processing prepare() for PlatformAgent[MixinPlatformAgentDefault:SecureJarResource(playerrevive)]
[07Jan2026 20:58:35.483] [main/DEBUG] [mixin/]: Registering mixin config: playerrevive.mixins.json
[07Jan2026 20:58:35.484] [main/DEBUG] [mixin/]: Adding mixin platform agents for container SecureJarResource(mclib)
[07Jan2026 20:58:35.484] [main/DEBUG] [mixin/]: Instancing new MixinPlatformAgentMinecraftForge for SecureJarResource(mclib)
[07Jan2026 20:58:35.484] [main/DEBUG] [mixin/]: MixinPlatformAgentMinecraftForge rejected container SecureJarResource(mclib)
[07Jan2026 20:58:35.484] [main/DEBUG] [mixin/]: Instancing new MixinPlatformAgentDefault for SecureJarResource(mclib)
[07Jan2026 20:58:35.484] [main/DEBUG] [mixin/]: MixinPlatformAgentDefault accepted container SecureJarResource(mclib)
[07Jan2026 20:58:35.484] [main/DEBUG] [mixin/]: Processing prepare() for PlatformAgent[MixinPlatformAgentDefault:SecureJarResource(mclib)]
[07Jan2026 20:58:35.484] [main/DEBUG] [mixin/]: Adding mixin platform agents for container SecureJarResource(MixinExtras.beta._5)
[07Jan2026 20:58:35.484] [main/DEBUG] [mixin/]: Instancing new MixinPlatformAgentMinecraftForge for SecureJarResource(MixinExtras.beta._5)
[07Jan2026 20:58:35.484] [main/DEBUG] [mixin/]: MixinPlatformAgentMinecraftForge rejected container SecureJarResource(MixinExtras.beta._5)
[07Jan2026 20:58:35.484] [main/DEBUG] [mixin/]: Instancing new MixinPlatformAgentDefault for SecureJarResource(MixinExtras.beta._5)
[07Jan2026 20:58:35.484] [main/DEBUG] [mixin/]: MixinPlatformAgentDefault accepted container SecureJarResource(MixinExtras.beta._5)
[07Jan2026 20:58:35.484] [main/DEBUG] [mixin/]: Processing prepare() for PlatformAgent[MixinPlatformAgentDefault:SecureJarResource(MixinExtras.beta._5)]
[07Jan2026 20:58:35.484] [main/DEBUG] [mixin/]: Adding mixin platform agents for container SecureJarResource(thedarkcolour.kotlinforforge.kfflib)
[07Jan2026 20:58:35.484] [main/DEBUG] [mixin/]: Instancing new MixinPlatformAgentMinecraftForge for SecureJarResource(thedarkcolour.kotlinforforge.kfflib)
[07Jan2026 20:58:35.484] [main/DEBUG] [mixin/]: MixinPlatformAgentMinecraftForge rejected container SecureJarResource(thedarkcolour.kotlinforforge.kfflib)
[07Jan2026 20:58:35.484] [main/DEBUG] [mixin/]: Instancing new MixinPlatformAgentDefault for SecureJarResource(thedarkcolour.kotlinforforge.kfflib)
[07Jan2026 20:58:35.485] [main/DEBUG] [mixin/]: MixinPlatformAgentDefault accepted container SecureJarResource(thedarkcolour.kotlinforforge.kfflib)
[07Jan2026 20:58:35.485] [main/DEBUG] [mixin/]: Processing prepare() for PlatformAgent[MixinPlatformAgentDefault:SecureJarResource(thedarkcolour.kotlinforforge.kfflib)]
[07Jan2026 20:58:35.485] [main/DEBUG] [mixin/]: inject() running with 60 agents
[07Jan2026 20:58:35.485] [main/DEBUG] [mixin/]: Processing inject() for PlatformAgent[MixinPlatformAgentDefault:ModLauncher Root Container(ModLauncher:4f56a0a2)]
[07Jan2026 20:58:35.485] [main/DEBUG] [mixin/]: Processing inject() for PlatformAgent[MixinPlatformAgentDefault:SecureJarResource(uniquedungeons)]
[07Jan2026 20:58:35.485] [main/DEBUG] [mixin/]: Processing inject() for PlatformAgent[MixinPlatformAgentDefault:SecureJarResource(treechop)]
[07Jan2026 20:58:35.485] [main/DEBUG] [mixin/]: Processing inject() for PlatformAgent[MixinPlatformAgentDefault:SecureJarResource(kuma_api)]
[07Jan2026 20:58:35.485] [main/DEBUG] [mixin/]: Processing inject() for PlatformAgent[MixinPlatformAgentDefault:SecureJarResource(geckolib)]
[07Jan2026 20:58:35.485] [main/DEBUG] [mixin/]: Processing inject() for PlatformAgent[MixinPlatformAgentDefault:SecureJarResource(jei)]
[07Jan2026 20:58:35.485] [main/DEBUG] [mixin/]: Processing inject() for PlatformAgent[MixinPlatformAgentDefault:SecureJarResource(graveyard)]
[07Jan2026 20:58:35.485] [main/DEBUG] [mixin/]: Processing inject() for PlatformAgent[MixinPlatformAgentDefault:SecureJarResource(uppers)]
[07Jan2026 20:58:35.485] [main/DEBUG] [mixin/]: Processing inject() for PlatformAgent[MixinPlatformAgentDefault:SecureJarResource(reap)]
[07Jan2026 20:58:35.485] [main/DEBUG] [mixin/]: Processing inject() for PlatformAgent[MixinPlatformAgentDefault:SecureJarResource(waystones)]
[07Jan2026 20:58:35.485] [main/DEBUG] [mixin/]: Processing inject() for PlatformAgent[MixinPlatformAgentDefault:SecureJarResource(clumps)]
[07Jan2026 20:58:35.485] [main/DEBUG] [mixin/]: Processing inject() for PlatformAgent[MixinPlatformAgentDefault:SecureJarResource(xaeroworldmap)]
[07Jan2026 20:58:35.485] [main/DEBUG] [mixin/]: Processing inject() for PlatformAgent[MixinPlatformAgentDefault:SecureJarResource(modernfix)]
[07Jan2026 20:58:35.485] [main/DEBUG] [mixin/]: Processing inject() for PlatformAgent[MixinPlatformAgentDefault:SecureJarResource(citadel)]
[07Jan2026 20:58:35.485] [main/DEBUG] [mixin/]: Processing inject() for PlatformAgent[MixinPlatformAgentDefault:SecureJarResource(alexsmobs)]
[07Jan2026 20:58:35.485] [main/DEBUG] [mixin/]: Processing inject() for PlatformAgent[MixinPlatformAgentDefault:SecureJarResource(travelersbackpack)]
[07Jan2026 20:58:35.485] [main/DEBUG] [mixin/]: Processing inject() for PlatformAgent[MixinPlatformAgentDefault:SecureJarResource(artifacts)]
[07Jan2026 20:58:35.485] [main/DEBUG] [mixin/]: Processing inject() for PlatformAgent[MixinPlatformAgentDefault:SecureJarResource(mixinextras)]
[07Jan2026 20:58:35.485] [main/DEBUG] [mixin/]: Processing inject() for PlatformAgent[MixinPlatformAgentDefault:SecureJarResource(beautifiedchatserver)]
[07Jan2026 20:58:35.485] [main/DEBUG] [mixin/]: Processing inject() for PlatformAgent[MixinPlatformAgentDefault:SecureJarResource(pickupnotifier)]
[07Jan2026 20:58:35.485] [main/DEBUG] [mixin/]: Processing inject() for PlatformAgent[MixinPlatformAgentDefault:SecureJarResource(morehitboxes)]
[07Jan2026 20:58:35.485] [main/DEBUG] [mixin/]: Processing inject() for PlatformAgent[MixinPlatformAgentDefault:SecureJarResource(balm)]
[07Jan2026 20:58:35.485] [main/DEBUG] [mixin/]: Processing inject() for PlatformAgent[MixinPlatformAgentDefault:SecureJarResource(interaction_boxes)]
[07Jan2026 20:58:35.485] [main/DEBUG] [mixin/]: Processing inject() for PlatformAgent[MixinPlatformAgentDefault:SecureJarResource(crafttweaker)]
[07Jan2026 20:58:35.485] [main/DEBUG] [mixin/]: Processing inject() for PlatformAgent[MixinPlatformAgentDefault:SecureJarResource(puzzlesaccessapi)]
[07Jan2026 20:58:35.485] [main/DEBUG] [mixin/]: Processing inject() for PlatformAgent[MixinPlatformAgentDefault:SecureJarResource(cloth_config)]
[07Jan2026 20:58:35.486] [main/DEBUG] [mixin/]: Processing inject() for PlatformAgent[MixinPlatformAgentDefault:SecureJarResource(forge)]
[07Jan2026 20:58:35.486] [main/DEBUG] [mixin/]: Processing inject() for PlatformAgent[MixinPlatformAgentDefault:SecureJarResource(twilightforest)]
[07Jan2026 20:58:35.486] [main/DEBUG] [mixin/]: Processing inject() for PlatformAgent[MixinPlatformAgentDefault:SecureJarResource(tlskincape)]
[07Jan2026 20:58:35.486] [main/DEBUG] [mixin/]: Processing inject() for PlatformAgent[MixinPlatformAgentDefault:SecureJarResource(embeddium)]
[07Jan2026 20:58:35.486] [main/DEBUG] [mixin/]: Processing inject() for PlatformAgent[MixinPlatformAgentDefault:SecureJarResource(betterpingdisplay)]
[07Jan2026 20:58:35.486] [main/DEBUG] [mixin/]: Processing inject() for PlatformAgent[MixinPlatformAgentDefault:SecureJarResource(minecraft)]
[07Jan2026 20:58:35.486] [main/DEBUG] [mixin/]: Processing inject() for PlatformAgent[MixinPlatformAgentDefault:SecureJarResource(tconstruct)]
[07Jan2026 20:58:35.486] [main/DEBUG] [mixin/]: Processing inject() for PlatformAgent[MixinPlatformAgentDefault:SecureJarResource(borninconfiguration)]
[07Jan2026 20:58:35.486] [main/DEBUG] [mixin/]: Processing inject() for PlatformAgent[MixinPlatformAgentDefault:SecureJarResource(terrablender)]
[07Jan2026 20:58:35.486] [main/DEBUG] [mixin/]: Processing inject() for PlatformAgent[MixinPlatformAgentDefault:SecureJarResource(mousetweaks)]
[07Jan2026 20:58:35.486] [main/DEBUG] [mixin/]: Processing inject() for PlatformAgent[MixinPlatformAgentDefault:SecureJarResource(jade)]
[07Jan2026 20:58:35.486] [main/DEBUG] [mixin/]: Processing inject() for PlatformAgent[MixinPlatformAgentDefault:SecureJarResource(tbsfbsp)]
[07Jan2026 20:58:35.486] [main/DEBUG] [mixin/]: Processing inject() for PlatformAgent[MixinPlatformAgentDefault:SecureJarResource(creativecore)]
[07Jan2026 20:58:35.486] [main/DEBUG] [mixin/]: Processing inject() for PlatformAgent[MixinPlatformAgentDefault:SecureJarResource(chunky)]
[07Jan2026 20:58:35.486] [main/DEBUG] [mixin/]: Processing inject() for PlatformAgent[MixinPlatformAgentDefault:SecureJarResource(born_in_chaos_v1)]
[07Jan2026 20:58:35.486] [main/DEBUG] [mixin/]: Processing inject() for PlatformAgent[MixinPlatformAgentDefault:SecureJarResource(spark)]
[07Jan2026 20:58:35.486] [main/DEBUG] [mixin/]: Processing inject() for PlatformAgent[MixinPlatformAgentDefault:SecureJarResource(kotlinforforge)]
[07Jan2026 20:58:35.486] [main/DEBUG] [mixin/]: Processing inject() for PlatformAgent[MixinPlatformAgentDefault:SecureJarResource(curios)]
[07Jan2026 20:58:35.486] [main/DEBUG] [mixin/]: Processing inject() for PlatformAgent[MixinPlatformAgentDefault:SecureJarResource(mantle)]
[07Jan2026 20:58:35.486] [main/DEBUG] [mixin/]: Processing inject() for PlatformAgent[MixinPlatformAgentDefault:SecureJarResource(xaerominimap)]
[07Jan2026 20:58:35.486] [main/DEBUG] [mixin/]: Processing inject() for PlatformAgent[MixinPlatformAgentDefault:SecureJarResource(collective)]
[07Jan2026 20:58:35.486] [main/DEBUG] [mixin/]: Processing inject() for PlatformAgent[MixinPlatformAgentDefault:SecureJarResource(securitycraft)]
[07Jan2026 20:58:35.486] [main/DEBUG] [mixin/]: Processing inject() for PlatformAgent[MixinPlatformAgentDefault:SecureJarResource(tombstone)]
[07Jan2026 20:58:35.486] [main/DEBUG] [mixin/]: Processing inject() for PlatformAgent[MixinPlatformAgentDefault:SecureJarResource(architectury)]
[07Jan2026 20:58:35.486] [main/DEBUG] [mixin/]: Processing inject() for PlatformAgent[MixinPlatformAgentDefault:SecureJarResource(fossil)]
[07Jan2026 20:58:35.486] [main/DEBUG] [mixin/]: Processing inject() for PlatformAgent[MixinPlatformAgentDefault:SecureJarResource(ferritecore)]
[07Jan2026 20:58:35.486] [main/DEBUG] [mixin/]: Processing inject() for PlatformAgent[MixinPlatformAgentDefault:SecureJarResource(puzzleslib)]
[07Jan2026 20:58:35.486] [main/DEBUG] [mixin/]: Processing inject() for PlatformAgent[MixinPlatformAgentDefault:SecureJarResource(observable)]
[07Jan2026 20:58:35.486] [main/DEBUG] [mixin/]: Processing inject() for PlatformAgent[MixinPlatformAgentDefault:SecureJarResource(expandability)]
[07Jan2026 20:58:35.486] [main/DEBUG] [mixin/]: Processing inject() for PlatformAgent[MixinPlatformAgentDefault:SecureJarResource(moblassos)]
[07Jan2026 20:58:35.487] [main/DEBUG] [mixin/]: Processing inject() for PlatformAgent[MixinPlatformAgentDefault:SecureJarResource(playerrevive)]
[07Jan2026 20:58:35.487] [main/DEBUG] [mixin/]: Processing inject() for PlatformAgent[MixinPlatformAgentDefault:SecureJarResource(mclib)]
[07Jan2026 20:58:35.487] [main/DEBUG] [mixin/]: Processing inject() for PlatformAgent[MixinPlatformAgentDefault:SecureJarResource(MixinExtras.beta._5)]
[07Jan2026 20:58:35.487] [main/DEBUG] [mixin/]: Processing inject() for PlatformAgent[MixinPlatformAgentDefault:SecureJarResource(thedarkcolour.kotlinforforge.kfflib)]
[07Jan2026 20:58:35.520] [main/DEBUG] [mixin/]: Preparing mixins for MixinEnvironment[PREINIT]
[07Jan2026 20:58:35.527] [main/INFO] [mixin/]: Successfully loaded Mixin Connector [org.tlauncher.MixinConnector]
[07Jan2026 20:58:35.530] [main/DEBUG] [mixin/]: Compatibility level JAVA_16 specified by tlskincape-mixins.json is higher than the maximum level supported by this version of mixin (JAVA_13).
[07Jan2026 20:58:35.530] [main/INFO] [cpw.mods.modlauncher.LaunchServiceHandler/MODLAUNCHER]: Launching target 'forgeserver' with arguments [nogui]
[07Jan2026 20:58:35.534] [main/DEBUG] [mixin/]: Preparing mixins for MixinEnvironment[DEFAULT]
[07Jan2026 20:58:35.534] [main/DEBUG] [mixin/]: Selecting config uniquedungeons.mixin.json
[07Jan2026 20:58:35.538] [main/DEBUG] [mixin/]: Selecting config treechop.mixins.json
[07Jan2026 20:58:35.539] [main/DEBUG] [mixin/]: Selecting config kuma_api.mixins.json
[07Jan2026 20:58:35.540] [main/DEBUG] [mixin/]: Selecting config kuma_api.forge.mixins.json
[07Jan2026 20:58:35.542] [main/DEBUG] [mixin/]: Selecting config geckolib.mixins.json
[07Jan2026 20:58:35.543] [main/DEBUG] [mixin/]: Selecting config graveyard-common.mixins.json
[07Jan2026 20:58:35.545] [main/DEBUG] [mixin/]: Selecting config graveyard-forge.mixins.json
[07Jan2026 20:58:35.547] [main/WARN] [mixin/]: Reference map 'graveyard-FORGE-forge-refmap.json' for graveyard-forge.mixins.json could not be read. If this is a development environment you can ignore this message
[07Jan2026 20:58:35.547] [main/DEBUG] [mixin/]: Selecting config waystones.mixins.json
[07Jan2026 20:58:35.549] [main/DEBUG] [mixin/]: Selecting config clumps.mixins.json
[07Jan2026 20:58:35.550] [main/DEBUG] [mixin/]: Selecting config xaeroworldmap.mixins.json
[07Jan2026 20:58:35.553] [main/DEBUG] [mixin/]: Selecting config xaeroworldmap.forge.mixins.json
[07Jan2026 20:58:35.554] [main/DEBUG] [mixin/]: Selecting config modernfix-common.mixins.json
[07Jan2026 20:58:35.646] [main/INFO] [ModernFix/]: Loaded configuration file for ModernFix 5.25.1+mc1.20.1: 98 options available, 1 override(s) found
[07Jan2026 20:58:35.647] [main/WARN] [ModernFix/]: Option 'mixin.perf.smart_ingredient_sync' overriden (by mods [crafttweaker]) to 'false'
[07Jan2026 20:58:35.648] [main/INFO] [ModernFix/]: Applying Nashorn fix
[07Jan2026 20:58:35.670] [main/INFO] [ModernFix/]: Applied Forge config corruption patch
[07Jan2026 20:58:35.676] [main/DEBUG] [mixin/]: Selecting config modernfix-forge.mixins.json
[07Jan2026 20:58:35.679] [main/DEBUG] [mixin/]: Selecting config citadel.mixins.json
[07Jan2026 20:58:35.680] [main/DEBUG] [mixin/]: Selecting config mixins.travelersbackpack.json
[07Jan2026 20:58:35.683] [main/DEBUG] [mixin/]: Selecting config mixins.artifacts.common.json
[07Jan2026 20:58:35.685] [main/DEBUG] [mixin/]: Selecting config mixins.artifacts.forge.json
[07Jan2026 20:58:35.686] [main/DEBUG] [mixin/]: Selecting config mixinextras.init.mixins.json
[07Jan2026 20:58:35.713] [main/DEBUG] [MixinExtras|Service/]: com.llamalad7.mixinextras.service.MixinExtrasServiceImpl(version=0.5.0-beta.5) is taking over from null
[07Jan2026 20:58:35.741] [main/DEBUG] [mixin/]: Registering new injector for @Inject with org.spongepowered.asm.mixin.injection.struct.CallbackInjectionInfo
[07Jan2026 20:58:35.742] [main/DEBUG] [mixin/]: Registering new injector for @ModifyArg with org.spongepowered.asm.mixin.injection.struct.ModifyArgInjectionInfo
[07Jan2026 20:58:35.743] [main/DEBUG] [mixin/]: Registering new injector for @ModifyArgs with org.spongepowered.asm.mixin.injection.struct.ModifyArgsInjectionInfo
[07Jan2026 20:58:35.745] [main/DEBUG] [mixin/]: Registering new injector for @Redirect with org.spongepowered.asm.mixin.injection.struct.RedirectInjectionInfo
[07Jan2026 20:58:35.746] [main/DEBUG] [mixin/]: Registering new injector for @ModifyVariable with org.spongepowered.asm.mixin.injection.struct.ModifyVariableInjectionInfo
[07Jan2026 20:58:35.747] [main/DEBUG] [mixin/]: Registering new injector for @ModifyConstant with org.spongepowered.asm.mixin.injection.struct.ModifyConstantInjectionInfo
[07Jan2026 20:58:35.755] [main/DEBUG] [mixin/]: Selecting config beautifiedchatserver_forge.mixins.json
[07Jan2026 20:58:35.758] [main/DEBUG] [mixin/]: Selecting config pickupnotifier.common.mixins.json
[07Jan2026 20:58:35.760] [main/DEBUG] [mixin/]: Selecting config morehitboxes.mixins.json
[07Jan2026 20:58:35.761] [main/DEBUG] [mixin/]: Selecting config balm.mixins.json
[07Jan2026 20:58:35.762] [main/DEBUG] [mixin/]: Selecting config interaction_boxes.mixin.json
[07Jan2026 20:58:35.764] [main/DEBUG] [mixin/]: Selecting config crafttweaker.mixins.json
[07Jan2026 20:58:35.765] [main/DEBUG] [mixin/]: Selecting config crafttweaker.forge.mixins.json
[07Jan2026 20:58:35.766] [main/DEBUG] [mixin/]: Selecting config puzzlesaccessapi.common.mixins.json
[07Jan2026 20:58:35.768] [main/WARN] [mixin/]: Reference map 'puzzlesaccessapi.common.refmap.json' for puzzlesaccessapi.common.mixins.json could not be read. If this is a development environment you can ignore this message
[07Jan2026 20:58:35.769] [main/DEBUG] [mixin/]: Selecting config puzzlesaccessapi.forge.mixins.json
[07Jan2026 20:58:35.770] [main/DEBUG] [mixin/]: Selecting config embeddium.mixins.json
[07Jan2026 20:58:35.775] [main/INFO] [Embeddium/]: Loaded configuration file for Embeddium: 101 options available, 0 override(s) found
[07Jan2026 20:58:35.781] [main/DEBUG] [mixin/]: Selecting config betterpingdisplay.mixins.json
[07Jan2026 20:58:35.782] [main/DEBUG] [mixin/]: Selecting config borninconfiguration.mixins.json
[07Jan2026 20:58:35.783] [main/DEBUG] [mixin/]: Selecting config terrablender.mixins.json
[07Jan2026 20:58:35.784] [main/DEBUG] [mixin/]: Selecting config terrablender_forge.mixins.json
[07Jan2026 20:58:35.785] [main/DEBUG] [mixin/]: Selecting config mousetweaks.mixins.json
[07Jan2026 20:58:35.786] [main/DEBUG] [mixin/]: Selecting config jade.mixins.json
[07Jan2026 20:58:35.788] [main/DEBUG] [mixin/]: Selecting config tbsfbsp.mixin.json
[07Jan2026 20:58:35.790] [main/WARN] [mixin/]: Reference map 'tbsfbsp.refmap.json' for tbsfbsp.mixin.json could not be read. If this is a development environment you can ignore this message
[07Jan2026 20:58:35.790] [main/DEBUG] [mixin/]: Selecting config creativecore.mixins.json
[07Jan2026 20:58:35.792] [main/DEBUG] [mixin/]: Selecting config creativecore.forge.mixins.json
[07Jan2026 20:58:35.794] [main/DEBUG] [mixin/]: Selecting config curios.mixins.json
[07Jan2026 20:58:35.796] [main/DEBUG] [mixin/]: Selecting config xaerohud.mixins.json
[07Jan2026 20:58:35.797] [main/DEBUG] [mixin/]: Selecting config xaerohud.forge.mixins.json
[07Jan2026 20:58:35.799] [main/DEBUG] [mixin/]: Selecting config xaerominimap.mixins.json
[07Jan2026 20:58:35.800] [main/DEBUG] [mixin/]: Selecting config xaerominimap.forge.mixins.json
[07Jan2026 20:58:35.802] [main/DEBUG] [mixin/]: Selecting config collective_forge.mixins.json
[07Jan2026 20:58:35.803] [main/DEBUG] [mixin/]: Selecting config securitycraft.mixins.json
[07Jan2026 20:58:35.805] [main/DEBUG] [mixin/]: Selecting config tombstone.mixins.json
[07Jan2026 20:58:35.806] [main/DEBUG] [mixin/]: Selecting config architectury.mixins.json
[07Jan2026 20:58:35.809] [main/DEBUG] [mixin/]: Selecting config architectury-common.mixins.json
[07Jan2026 20:58:35.810] [main/DEBUG] [mixin/]: Selecting config fossil_forge.mixins.json
[07Jan2026 20:58:35.811] [main/DEBUG] [mixin/]: Selecting config fossil_common.mixins.json
[07Jan2026 20:58:35.816] [main/DEBUG] [mixin/]: Selecting config ferritecore.predicates.mixin.json
[07Jan2026 20:58:35.828] [main/DEBUG] [mixin/]: Selecting config ferritecore.fastmap.mixin.json
[07Jan2026 20:58:35.830] [main/DEBUG] [mixin/]: Selecting config ferritecore.mrl.mixin.json
[07Jan2026 20:58:35.831] [main/DEBUG] [mixin/]: Selecting config ferritecore.dedupmultipart.mixin.json
[07Jan2026 20:58:35.833] [main/DEBUG] [mixin/]: Selecting config ferritecore.blockstatecache.mixin.json
[07Jan2026 20:58:35.836] [main/DEBUG] [mixin/]: Selecting config ferritecore.dedupbakedquad.mixin.json
[07Jan2026 20:58:35.837] [main/DEBUG] [mixin/]: Selecting config ferritecore.threaddetec.mixin.json
[07Jan2026 20:58:35.839] [main/DEBUG] [mixin/]: Selecting config ferritecore.modelsides.mixin.json
[07Jan2026 20:58:35.841] [main/DEBUG] [mixin/]: Selecting config puzzleslib.common.mixins.json
[07Jan2026 20:58:35.859] [main/INFO] [Puzzles Lib/]: Loading 56 mods:
	- alexsmobs 1.22.9
	- architectury 9.2.14
	- artifacts 9.5.16
		\-- expandability 9.0.4
	- balm 7.3.37
		\-- kuma_api 20.1.12
	- beautifiedchatserver 2.7
	- betterpingdisplay 1.1
	- born_in_chaos_v1 1.7.3
	- borninconfiguration 3.1.2
		\-- mixinextras 0.5.0-beta.5
	- chunky 1.3.146
	- citadel 2.6.2
	- cloth_config 11.1.136
	- clumps 12.0.0.4
	- collective 8.13
	- crafttweaker 14.0.59
	- creativecore 2.12.32
	- curios 5.14.1+1.20.1
	- embeddium 0.3.31+mc1.20.1
		\-- rubidium 0.7.1
	- ferritecore 6.0.1
	- forge 47.3.7
	- fossil 9.3.0.2
	- geckolib 4.8.2
	- graveyard 3.1
	- interaction_boxes 0.693
	- jade 11.13.2+forge
	- jei 15.20.0.112
	- kotlinforforge 4.11.0
	- mantle 1.11.79
	- minecraft 1.20.1
	- moblassos 8.0.1
	- modernfix 5.25.1+mc1.20.1
	- morehitboxes 1.9.2
	- mousetweaks 2.25.1
	- observable 4.4.1
	- pickupnotifier 8.0.0
	- playerrevive 2.0.31
	- puzzleslib 8.1.33
		\-- puzzlesaccessapi 20.1.1
	- reap 1.20.1-1.0.2
	- securitycraft 1.10.1
	- spark 1.10.53
	- tbsfbsp 0.74
	- tconstruct 3.10.2.92
	- terrablender 3.0.1.10
	- tlskincape 1.38
	- tombstone 9.0.9
	- travelersbackpack 9.1.46
	- treechop 0.19.0
	- twilightforest 4.3.2508
	- uniquedungeons 0.70.5
	- uppers 1.0.1
	- waystones 14.1.17
	- xaerominimap 25.2.10
	- xaeroworldmap 1.39.12
[07Jan2026 20:58:35.860] [main/DEBUG] [mixin/]: Selecting config puzzleslib.forge.mixins.json
[07Jan2026 20:58:35.862] [main/DEBUG] [mixin/]: Selecting config observable.common.json
[07Jan2026 20:58:35.864] [main/DEBUG] [mixin/]: Selecting config expandability.mixins.json
[07Jan2026 20:58:35.865] [main/DEBUG] [mixin/]: Selecting config expandability-common.mixins.json
[07Jan2026 20:58:35.867] [main/DEBUG] [mixin/]: Selecting config moblassos.common.mixins.json
[07Jan2026 20:58:35.869] [main/WARN] [mixin/]: Reference map 'moblassos.refmap.json' for moblassos.common.mixins.json could not be read. If this is a development environment you can ignore this message
[07Jan2026 20:58:35.870] [main/DEBUG] [mixin/]: Selecting config playerrevive.mixins.json
[07Jan2026 20:58:35.871] [main/DEBUG] [mixin/]: Selecting config tlskincape-mixins.json
[07Jan2026 20:58:35.872] [main/DEBUG] [mixin/]: Preparing uniquedungeons.mixin.json (7)
[07Jan2026 20:58:35.906] [main/DEBUG] [net.minecraftforge.coremod.transformer.CoreModBaseTransformer/COREMOD]: Transforming net/minecraft/world/item/ItemStack
[07Jan2026 20:58:36.013] [main/DEBUG] [mixin/]: Preparing treechop.mixins.json (3)
[07Jan2026 20:58:36.036] [main/DEBUG] [mixin/]: Preparing kuma_api.mixins.json (1)
[07Jan2026 20:58:36.036] [main/DEBUG] [mixin/]: Preparing kuma_api.forge.mixins.json (0)
[07Jan2026 20:58:36.036] [main/DEBUG] [mixin/]: Preparing geckolib.mixins.json (1)
[07Jan2026 20:58:36.036] [main/DEBUG] [mixin/]: Preparing graveyard-common.mixins.json (11)
[07Jan2026 20:58:36.065] [main/DEBUG] [net.minecraftforge.coremod.transformer.CoreModBaseTransformer/COREMOD]: Transforming net/minecraft/world/entity/npc/Villager
[07Jan2026 20:58:36.321] [main/DEBUG] [mixin/]: Preparing graveyard-forge.mixins.json (0)
[07Jan2026 20:58:36.322] [main/DEBUG] [mixin/]: Preparing waystones.mixins.json (3)
[07Jan2026 20:58:36.328] [main/DEBUG] [mixin/]: Preparing clumps.mixins.json (2)
[07Jan2026 20:58:36.331] [main/DEBUG] [mixin/]: Preparing xaeroworldmap.mixins.json (12)
[07Jan2026 20:58:36.349] [main/DEBUG] [mixin/]: Preparing xaeroworldmap.forge.mixins.json (2)
[07Jan2026 20:58:36.349] [main/DEBUG] [mixin/]: Preparing modernfix-common.mixins.json (110)
[07Jan2026 20:58:36.419] [main/DEBUG] [net.minecraftforge.coremod.transformer.CoreModBaseTransformer/COREMOD]: Transforming net/minecraft/world/level/biome/Biome
[07Jan2026 20:58:36.501] [main/DEBUG] [mixin/]: @Mixin target net/minecraft/world/level/levelgen/SurfaceRules$Context is public in modernfix-common.mixins.json:perf.worldgen_allocation.SurfaceRulesContextMixin and should be specified in value
[07Jan2026 20:58:36.505] [main/DEBUG] [mixin/]: Preparing modernfix-forge.mixins.json (61)
[07Jan2026 20:58:36.537] [main/DEBUG] [net.minecraftforge.coremod.transformer.CoreModBaseTransformer/COREMOD]: Transforming m_41435_ with desc (Lnet/minecraft/world/level/Level;Lnet/minecraft/world/entity/player/Player;Lnet/minecraft/world/level/ClipContext$Fluid;)Lnet/minecraft/world/phys/BlockHitResult;
[07Jan2026 20:58:36.560] [main/DEBUG] [mixin/]: Preparing citadel.mixins.json (16)
[07Jan2026 20:58:36.568] [main/DEBUG] [net.minecraftforge.coremod.transformer.CoreModBaseTransformer/COREMOD]: Transforming m_46758_ with desc (Lnet/minecraft/core/BlockPos;)Z
[07Jan2026 20:58:36.600] [main/DEBUG] [mixin/]: Preparing mixins.travelersbackpack.json (1)
[07Jan2026 20:58:36.600] [main/DEBUG] [mixin/]: Preparing mixins.artifacts.common.json (21)
[07Jan2026 20:58:36.613] [main/DEBUG] [net.minecraftforge.coremod.transformer.CoreModBaseTransformer/COREMOD]: Transforming net/minecraft/world/level/NaturalSpawner
[07Jan2026 20:58:36.710] [main/DEBUG] [mixin/]: Preparing mixins.artifacts.forge.json (3)
[07Jan2026 20:58:36.712] [main/DEBUG] [mixin/]: Preparing mixinextras.init.mixins.json (0)
[07Jan2026 20:58:36.712] [main/DEBUG] [mixin/]: Preparing beautifiedchatserver_forge.mixins.json (0)
[07Jan2026 20:58:36.712] [main/DEBUG] [mixin/]: Preparing pickupnotifier.common.mixins.json (3)
[07Jan2026 20:58:36.712] [main/DEBUG] [mixin/]: Preparing morehitboxes.mixins.json (14)
[07Jan2026 20:58:36.719] [main/DEBUG] [mixin/]: Preparing balm.mixins.json (16)
[07Jan2026 20:58:36.731] [main/DEBUG] [mixin/]: Preparing interaction_boxes.mixin.json (1)
[07Jan2026 20:58:36.732] [main/DEBUG] [mixin/]: Preparing crafttweaker.mixins.json (34)
[07Jan2026 20:58:36.772] [main/DEBUG] [mixin/]: Preparing crafttweaker.forge.mixins.json (7)
[07Jan2026 20:58:36.777] [main/DEBUG] [mixin/]: Preparing puzzlesaccessapi.common.mixins.json (0)
[07Jan2026 20:58:36.777] [main/DEBUG] [mixin/]: Preparing puzzlesaccessapi.forge.mixins.json (0)
[07Jan2026 20:58:36.777] [main/DEBUG] [mixin/]: Preparing embeddium.mixins.json (0)
[07Jan2026 20:58:36.777] [main/DEBUG] [mixin/]: Preparing betterpingdisplay.mixins.json (2)
[07Jan2026 20:58:36.777] [main/DEBUG] [mixin/]: Preparing borninconfiguration.mixins.json (21)
[07Jan2026 20:58:36.804] [main/DEBUG] [mixin/]: Preparing terrablender.mixins.json (7)
[07Jan2026 20:58:36.816] [main/DEBUG] [mixin/]: Preparing terrablender_forge.mixins.json (0)
[07Jan2026 20:58:36.816] [main/DEBUG] [mixin/]: Preparing mousetweaks.mixins.json (1)
[07Jan2026 20:58:36.816] [main/DEBUG] [mixin/]: Preparing jade.mixins.json (2)
[07Jan2026 20:58:36.816] [main/DEBUG] [mixin/]: Preparing tbsfbsp.mixin.json (0)
[07Jan2026 20:58:36.816] [main/DEBUG] [mixin/]: Preparing creativecore.mixins.json (8)
[07Jan2026 20:58:36.826] [main/DEBUG] [mixin/]: Preparing creativecore.forge.mixins.json (3)
[07Jan2026 20:58:36.827] [main/DEBUG] [mixin/]: Preparing curios.mixins.json (13)
[07Jan2026 20:58:36.851] [main/DEBUG] [mixin/]: Preparing xaerohud.mixins.json (22)
[07Jan2026 20:58:36.852] [main/DEBUG] [mixin/]: Preparing xaerohud.forge.mixins.json (0)
[07Jan2026 20:58:36.852] [main/DEBUG] [mixin/]: Preparing xaerominimap.mixins.json (0)
[07Jan2026 20:58:36.852] [main/DEBUG] [mixin/]: Preparing xaerominimap.forge.mixins.json (0)
[07Jan2026 20:58:36.852] [main/DEBUG] [mixin/]: Preparing collective_forge.mixins.json (5)
[07Jan2026 20:58:36.859] [main/DEBUG] [mixin/]: Preparing securitycraft.mixins.json (24)
[07Jan2026 20:58:36.899] [main/DEBUG] [net.minecraftforge.coremod.transformer.CoreModBaseTransformer/COREMOD]: Transforming net/minecraft/world/level/levelgen/structure/templatesystem/StructureTemplate
[07Jan2026 20:58:37.076] [main/DEBUG] [net.minecraftforge.coremod.transformer.CoreModBaseTransformer/COREMOD]: Transforming m_7626_ with desc (Lnet/minecraft/world/item/ItemStack;)Lnet/minecraft/network/chat/Component;
[07Jan2026 20:58:37.084] [main/DEBUG] [mixin/]: Preparing tombstone.mixins.json (28)
[07Jan2026 20:58:37.120] [main/DEBUG] [mixin/]: Preparing architectury.mixins.json (9)
[07Jan2026 20:58:37.128] [main/DEBUG] [mixin/]: Preparing architectury-common.mixins.json (10)
[07Jan2026 20:58:37.131] [main/DEBUG] [net.minecraftforge.coremod.transformer.CoreModBaseTransformer/COREMOD]: Transforming net/minecraft/world/item/BucketItem
[07Jan2026 20:58:37.139] [main/DEBUG] [net.minecraftforge.coremod.transformer.CoreModBaseTransformer/COREMOD]: Transforming net/minecraft/world/entity/EntityType
[07Jan2026 20:58:37.220] [main/DEBUG] [net.minecraftforge.coremod.transformer.CoreModBaseTransformer/COREMOD]: Transforming net/minecraft/world/level/block/LiquidBlock
[07Jan2026 20:58:37.224] [main/DEBUG] [mixin/]: Preparing fossil_forge.mixins.json (5)
[07Jan2026 20:58:37.237] [main/WARN] [mixin/]: Error loading class: tschipp/carryon/common/carry/PickupHandler (java.lang.ClassNotFoundException: tschipp.carryon.common.carry.PickupHandler)
[07Jan2026 20:58:37.239] [main/WARN] [mixin/]: @Mixin target tschipp.carryon.common.carry.PickupHandler was not found fossil_forge.mixins.json:PickupHandlerMixin
[07Jan2026 20:58:37.243] [main/DEBUG] [mixin/]: Preparing fossil_common.mixins.json (23)
[07Jan2026 20:58:37.279] [main/DEBUG] [net.minecraftforge.coremod.transformer.CoreModBaseTransformer/COREMOD]: Transforming m_8543_ with desc ()V
[07Jan2026 20:58:37.295] [main/DEBUG] [mixin/]: Preparing ferritecore.predicates.mixin.json (3)
[07Jan2026 20:58:37.296] [main/DEBUG] [mixin/]: Preparing ferritecore.fastmap.mixin.json (1)
[07Jan2026 20:58:37.300] [main/DEBUG] [mixin/]: Preparing ferritecore.mrl.mixin.json (2)
[07Jan2026 20:58:37.300] [main/DEBUG] [mixin/]: Preparing ferritecore.dedupmultipart.mixin.json (2)
[07Jan2026 20:58:37.300] [main/DEBUG] [mixin/]: Preparing ferritecore.blockstatecache.mixin.json (8)
[07Jan2026 20:58:37.305] [main/DEBUG] [mixin/]: @Mixin target net/minecraft/world/level/block/state/BlockBehaviour$BlockStateBase$Cache is public in ferritecore.blockstatecache.mixin.json:BlockStateCacheMixin and should be specified in value
[07Jan2026 20:58:37.308] [main/DEBUG] [mixin/]: Preparing ferritecore.dedupbakedquad.mixin.json (2)
[07Jan2026 20:58:37.308] [main/DEBUG] [mixin/]: Preparing ferritecore.threaddetec.mixin.json (1)
[07Jan2026 20:58:37.309] [main/DEBUG] [mixin/]: Preparing ferritecore.modelsides.mixin.json (1)
[07Jan2026 20:58:37.309] [main/DEBUG] [mixin/]: Preparing puzzleslib.common.mixins.json (7)
[07Jan2026 20:58:37.320] [main/DEBUG] [mixin/]: Preparing puzzleslib.forge.mixins.json (13)
[07Jan2026 20:58:37.333] [main/DEBUG] [mixin/]: Preparing observable.common.json (2)
[07Jan2026 20:58:37.334] [main/DEBUG] [mixin/]: Preparing expandability.mixins.json (4)
[07Jan2026 20:58:37.335] [main/DEBUG] [mixin/]: Preparing expandability-common.mixins.json (9)
[07Jan2026 20:58:37.339] [main/DEBUG] [mixin/]: Preparing moblassos.common.mixins.json (0)
[07Jan2026 20:58:37.339] [main/DEBUG] [mixin/]: Preparing playerrevive.mixins.json (5)
[07Jan2026 20:58:37.342] [main/DEBUG] [mixin/]: Preparing tlskincape-mixins.json (4)
[07Jan2026 20:58:37.344] [main/ERROR] [net.minecraftforge.fml.loading.RuntimeDistCleaner/DISTXFORM]: Attempted to load class net/minecraft/client/player/AbstractClientPlayer for invalid dist DEDICATED_SERVER
[07Jan2026 20:58:37.345] [main/WARN] [mixin/]: Error loading class: net/minecraft/client/player/AbstractClientPlayer (java.lang.RuntimeException: Attempted to load class net/minecraft/client/player/AbstractClientPlayer for invalid dist DEDICATED_SERVER)
[07Jan2026 20:58:37.345] [main/WARN] [mixin/]: @Mixin target net.minecraft.client.player.AbstractClientPlayer was not found tlskincape-mixins.json:MixinAbstractPlayer
[07Jan2026 20:58:37.347] [main/ERROR] [net.minecraftforge.fml.loading.RuntimeDistCleaner/DISTXFORM]: Attempted to load class net/minecraft/client/gui/screens/TitleScreen for invalid dist DEDICATED_SERVER
[07Jan2026 20:58:37.347] [main/WARN] [mixin/]: Error loading class: net/minecraft/client/gui/screens/TitleScreen (java.lang.RuntimeException: Attempted to load class net/minecraft/client/gui/screens/TitleScreen for invalid dist DEDICATED_SERVER)
[07Jan2026 20:58:37.347] [main/WARN] [mixin/]: @Mixin target net.minecraft.client.gui.screens.TitleScreen was not found tlskincape-mixins.json:MixinMainMenu
[07Jan2026 20:58:37.349] [main/WARN] [mixin/]: Error loading class: net/minecraft/client/model/PlayerModel (java.lang.ClassNotFoundException: net.minecraft.client.model.PlayerModel)
[07Jan2026 20:58:37.349] [main/WARN] [mixin/]: @Mixin target net.minecraft.client.model.PlayerModel was not found tlskincape-mixins.json:MixinPlayerModel
[07Jan2026 20:58:37.444] [main/DEBUG] [mixin/]: Inner class com/github/darkpred/morehitboxes/mixin/TransientEntitySectionManagerMixin$1 in com/github/darkpred/morehitboxes/mixin/TransientEntitySectionManagerMixin on net/minecraft/world/level/entity/TransientEntitySectionManager gets unique name net/minecraft/world/level/entity/TransientEntitySectionManager$Anonymous$30050eec4bed4886b998fb848f2d1bdf
[07Jan2026 20:58:37.528] [main/DEBUG] [mixin/]: Prepared 342 mixins in 1.993 sec (5.8ms avg) (0ms load, 0ms transform, 0ms plugin)
[07Jan2026 20:58:37.541] [main/INFO] [MixinExtras|Service/]: Initializing MixinExtras via com.llamalad7.mixinextras.service.MixinExtrasServiceImpl(version=0.5.0-beta.5).
[07Jan2026 20:58:37.542] [main/DEBUG] [mixin/]: Registering new injector for @SugarWrapper with com.llamalad7.mixinextras.sugar.impl.SugarWrapperInjectionInfo
[07Jan2026 20:58:37.543] [main/DEBUG] [mixin/]: Registering new injector for @FactoryRedirectWrapper with com.llamalad7.mixinextras.wrapper.factory.FactoryRedirectWrapperInjectionInfo
[07Jan2026 20:58:37.543] [main/DEBUG] [mixin/]: Registering new injector for @ExpressionInjectorWrapper with com.llamalad7.mixinextras.expression.impl.wrapper.ExpressionInjectorWrapperInjectionInfo
[07Jan2026 20:58:37.556] [main/DEBUG] [mixin/]: Mixing perf.fix_loop_spin_waiting.MinecraftServerMixin from modernfix-common.mixins.json into net.minecraft.server.MinecraftServer
[07Jan2026 20:58:37.566] [main/DEBUG] [mixin/]: Mixing MixinMinecraftServer from xaeroworldmap.mixins.json into net.minecraft.server.MinecraftServer
[07Jan2026 20:58:37.568] [main/DEBUG] [mixin/]: Mixing core.MinecraftServerMixin from modernfix-common.mixins.json into net.minecraft.server.MinecraftServer
[07Jan2026 20:58:37.569] [main/DEBUG] [mixin/]: Mixing perf.dedicated_reload_executor.MinecraftServerMixin from modernfix-common.mixins.json into net.minecraft.server.MinecraftServer
[07Jan2026 20:58:37.570] [main/DEBUG] [mixin/]: Mixing core.MinecraftServerMixin from modernfix-forge.mixins.json into net.minecraft.server.MinecraftServer
[07Jan2026 20:58:37.570] [main/DEBUG] [mixin/]: Renaming synthetic method lambda$mfix$endReloadTrack$0(Ljava/lang/Void;)V to md227283$lambda$mfix$endReloadTrack$0$0 in modernfix-forge.mixins.json:core.MinecraftServerMixin
[07Jan2026 20:58:37.577] [main/DEBUG] [mixin/]: Mixing MinecraftServerMixin from citadel.mixins.json into net.minecraft.server.MinecraftServer
[07Jan2026 20:58:37.582] [main/DEBUG] [mixin/]: Mixing MinecraftServerMixin from balm.mixins.json into net.minecraft.server.MinecraftServer
[07Jan2026 20:58:37.582] [main/DEBUG] [mixin/]: Renaming synthetic method lambda$reloadResources$0(Ljava/lang/Void;)V to md227283$lambda$reloadResources$0$1 in balm.mixins.json:MinecraftServerMixin
[07Jan2026 20:58:37.586] [main/DEBUG] [mixin/]: Mixing common.access.server.AccessMinecraftServer from crafttweaker.mixins.json into net.minecraft.server.MinecraftServer
[07Jan2026 20:58:37.597] [main/DEBUG] [mixin/]: Mixing MixinMinecraftServer from xaerohud.mixins.json into net.minecraft.server.MinecraftServer
[07Jan2026 20:58:37.712] [main/DEBUG] [mixin/]: Mixing DedicatedServerMixin from tombstone.mixins.json into net.minecraft.server.dedicated.DedicatedServer
[07Jan2026 20:58:37.745] [main/DEBUG] [io.netty.util.internal.logging.InternalLoggerFactory/]: Using SLF4J as the default logging framework
[07Jan2026 20:58:37.750] [main/DEBUG] [io.netty.util.ResourceLeakDetector/]: -Dio.netty.leakDetection.level: simple
[07Jan2026 20:58:37.751] [main/DEBUG] [io.netty.util.ResourceLeakDetector/]: -Dio.netty.leakDetection.targetRecords: 4
[07Jan2026 20:58:37.842] [main/DEBUG] [mixin/]: Mixing perf.tag_id_caching.TagOrElementLocationMixin from modernfix-forge.mixins.json into net.minecraft.util.ExtraCodecs$TagOrElementLocation
[07Jan2026 20:58:37.913] [main/WARN] [net.minecraft.SystemReport/]: Failed retrieving info for group hardware
java.lang.NoClassDefFoundError: com/sun/jna/Platform
	at oshi.SystemInfo.<clinit>(SystemInfo.java:60) ~[oshi-core-6.2.2.jar%2369!/:6.2.2]
	at net.minecraft.SystemReport.m_143564_(SystemReport.java:52) ~[server-1.20.1-20230612.114412-srg.jar%23199!/:?]
	at net.minecraft.SystemReport.m_143516_(SystemReport.java:82) ~[server-1.20.1-20230612.114412-srg.jar%23199!/:?]
	at net.minecraft.SystemReport.<init>(SystemReport.java:52) ~[server-1.20.1-20230612.114412-srg.jar%23199!/:?]
	at net.minecraft.CrashReport.<init>(CrashReport.java:31) ~[server-1.20.1-20230612.114412-srg.jar%23199!/:?]
	at net.minecraft.CrashReport.m_127529_(CrashReport.java:216) ~[server-1.20.1-20230612.114412-srg.jar%23199!/:?]
	at net.minecraft.server.Main.main(Main.java:116) ~[server-1.20.1-20230612.114412-srg.jar%23199!/:?]
	at jdk.internal.reflect.NativeMethodAccessorImpl.invoke0(Native Method) ~[?:?]
	at jdk.internal.reflect.NativeMethodAccessorImpl.invoke(NativeMethodAccessorImpl.java:77) ~[?:?]
	at jdk.internal.reflect.DelegatingMethodAccessorImpl.invoke(DelegatingMethodAccessorImpl.java:43) ~[?:?]
	at java.lang.reflect.Method.invoke(Method.java:569) ~[?:?]
	at net.minecraftforge.fml.loading.targets.CommonLaunchHandler.runTarget(CommonLaunchHandler.java:111) ~[fmlloader-1.20.1-47.3.7.jar%2367!/:?]
	at net.minecraftforge.fml.loading.targets.CommonLaunchHandler.serverService(CommonLaunchHandler.java:103) ~[fmlloader-1.20.1-47.3.7.jar%2367!/:?]
	at net.minecraftforge.fml.loading.targets.CommonServerLaunchHandler.lambda$makeService$0(CommonServerLaunchHandler.java:27) ~[fmlloader-1.20.1-47.3.7.jar%2367!/:?]
	at cpw.mods.modlauncher.LaunchServiceHandlerDecorator.launch(LaunchServiceHandlerDecorator.java:30) ~[modlauncher-10.0.9.jar%2353!/:?]
	at cpw.mods.modlauncher.LaunchServiceHandler.launch(LaunchServiceHandler.java:53) ~[modlauncher-10.0.9.jar%2353!/:?]
	at cpw.mods.modlauncher.LaunchServiceHandler.launch(LaunchServiceHandler.java:71) ~[modlauncher-10.0.9.jar%2353!/:?]
	at cpw.mods.modlauncher.Launcher.run(Launcher.java:108) ~[modlauncher-10.0.9.jar%2353!/:?]
	at cpw.mods.modlauncher.Launcher.main(Launcher.java:78) ~[modlauncher-10.0.9.jar%2353!/:?]
	at cpw.mods.modlauncher.BootstrapLaunchConsumer.accept(BootstrapLaunchConsumer.java:26) ~[modlauncher-10.0.9.jar%2353!/:?]
	at cpw.mods.modlauncher.BootstrapLaunchConsumer.accept(BootstrapLaunchConsumer.java:23) ~[modlauncher-10.0.9.jar%2353!/:?]
	at cpw.mods.bootstraplauncher.BootstrapLauncher.main(BootstrapLauncher.java:141) ~[bootstraplauncher-1.1.2.jar:?]
Caused by: java.lang.ClassNotFoundException: com.sun.jna.Platform
	at jdk.internal.loader.BuiltinClassLoader.loadClass(BuiltinClassLoader.java:641) ~[?:?]
	at java.lang.ClassLoader.loadClass(ClassLoader.java:525) ~[?:?]
	at cpw.mods.cl.ModuleClassLoader.loadClass(ModuleClassLoader.java:137) ~[securejarhandler-2.1.10.jar:?]
	at java.lang.ClassLoader.loadClass(ClassLoader.java:525) ~[?:?]
	... 22 more
[07Jan2026 20:58:37.928] [main/DEBUG] [mixin/]: Mixing perf.thread_priorities.UtilMixin from modernfix-common.mixins.json into net.minecraft.Util
[07Jan2026 20:58:37.928] [main/DEBUG] [mixin/]: Renaming synthetic method lambda$adjustPriorityOfThreadFactory$0(Ljava/util/concurrent/ForkJoinPool$ForkJoinWorkerThreadFactory;Ljava/util/concurrent/ForkJoinPool;)Ljava/util/concurrent/ForkJoinWorkerThread; to md227283$lambda$adjustPriorityOfThreadFactory$0$0 in modernfix-common.mixins.json:perf.thread_priorities.UtilMixin
[07Jan2026 20:58:37.976] [main/DEBUG] [mixin/]: Mixing feature.measure_time.BootstrapMixin from modernfix-common.mixins.json into net.minecraft.server.Bootstrap
[07Jan2026 20:58:37.981] [main/DEBUG] [mixin/]: Mixing core.BootstrapMixin from modernfix-forge.mixins.json into net.minecraft.server.Bootstrap
[07Jan2026 20:58:38.001] [main/INFO] [net.minecraft.server.Bootstrap/]: ModernFix reached bootstrap stage (10.39 s after launch)
[07Jan2026 20:58:38.005] [main/DEBUG] [mixin/]: Mixing MixinBuiltInRegistries from terrablender.mixins.json into net.minecraft.core.registries.BuiltInRegistries
[07Jan2026 20:58:38.005] [main/DEBUG] [mixin/]: Renaming synthetic method lambda$registerSimple$0(Lnet/minecraft/core/registries/BuiltInRegistries$RegistryBootstrap;Lnet/minecraft/core/Registry;)Ljava/lang/Object; to md227283$lambda$registerSimple$0$0 in terrablender.mixins.json:MixinBuiltInRegistries
[07Jan2026 20:58:38.023] [main/DEBUG] [mixin/]: Mixing bugfix.concurrency.MappedRegistryMixin from modernfix-common.mixins.json into net.minecraft.core.MappedRegistry
[07Jan2026 20:58:38.029] [main/DEBUG] [mixin/]: Mixing perf.compact_mojang_registries.MappedRegistryMixin from modernfix-common.mixins.json into net.minecraft.core.MappedRegistry
[07Jan2026 20:58:38.040] [main/DEBUG] [mixin/]: Mixing perf.mojang_registry_size.MappedRegistryMixin from modernfix-common.mixins.json into net.minecraft.core.MappedRegistry
[07Jan2026 20:58:38.049] [main/DEBUG] [mixin/]: Mixing common.access.registry.AccessMappedRegistry from crafttweaker.mixins.json into net.minecraft.core.MappedRegistry
[07Jan2026 20:58:38.067] [main/DEBUG] [mixin/]: Mixing perf.mojang_registry_size.ResourceKeyMixin from modernfix-common.mixins.json into net.minecraft.resources.ResourceKey
[07Jan2026 20:58:38.067] [main/DEBUG] [mixin/]: Renaming synthetic method lambda$createEfficient$0(Lnet/minecraft/resources/ResourceLocation;)Ljava/util/Map; to md227283$lambda$createEfficient$0$0 in modernfix-common.mixins.json:perf.mojang_registry_size.ResourceKeyMixin
[07Jan2026 20:58:38.113] [main/DEBUG] [mixin/]: Mixing inject.MixinGameEvent from architectury-common.mixins.json into net.minecraft.world.level.gameevent.GameEvent
[07Jan2026 20:58:38.127] [main/DEBUG] [mixin/]: Mixing perf.reduce_blockstate_cache_rebuilds.GameDataMixin from modernfix-forge.mixins.json into net.minecraftforge.registries.GameData
[07Jan2026 20:58:38.179] [main/DEBUG] [mixin/]: Mixing perf.fast_registry_validation.ForgeRegistryMixin from modernfix-forge.mixins.json into net.minecraftforge.registries.ForgeRegistry
[07Jan2026 20:58:38.204] [main/DEBUG] [mixin/]: Mixing perf.forge_registry_alloc.ForgeRegistryMixin from modernfix-forge.mixins.json into net.minecraftforge.registries.ForgeRegistry
[07Jan2026 20:58:38.261] [main/DEBUG] [mixin/]: Mixing accessor.ForgeRegistryForgeAccessor from puzzleslib.forge.mixins.json into net.minecraftforge.registries.ForgeRegistry
[07Jan2026 20:58:38.294] [main/WARN] [mixin/]: @Final field delegatesByName:Ljava/util/Map; in modernfix-forge.mixins.json:perf.forge_registry_alloc.ForgeRegistryMixin should be final
[07Jan2026 20:58:38.295] [main/WARN] [mixin/]: @Final field delegatesByValue:Ljava/util/Map; in modernfix-forge.mixins.json:perf.forge_registry_alloc.ForgeRegistryMixin should be final
[07Jan2026 20:58:38.339] [main/DEBUG] [mixin/]: Mixing perf.reduce_blockstate_cache_rebuilds.BlockCallbacksMixin from modernfix-forge.mixins.json into net.minecraftforge.registries.GameData$BlockCallbacks
[07Jan2026 20:58:38.348] [main/DEBUG] [mixin/]: Mixing perf.forge_registry_alloc.DelegateHolderMixin from modernfix-forge.mixins.json into net.minecraft.world.level.block.Block
[07Jan2026 20:58:38.350] [main/DEBUG] [mixin/]: Mixing inject.MixinBlock from architectury-common.mixins.json into net.minecraft.world.level.block.Block
[07Jan2026 20:58:38.351] [main/DEBUG] [mixin/]: Mixing accessor.BlockAccessor from puzzleslib.common.mixins.json into net.minecraft.world.level.block.Block
[07Jan2026 20:58:38.365] [main/DEBUG] [mixin/]: Mixing common.access.block.AccessBlockBehaviour from crafttweaker.mixins.json into net.minecraft.world.level.block.state.BlockBehaviour
[07Jan2026 20:58:38.373] [main/DEBUG] [mixin/]: Mixing bugfix.chunk_deadlock.BlockStateBaseMixin from modernfix-common.mixins.json into net.minecraft.world.level.block.state.BlockBehaviour$BlockStateBase
[07Jan2026 20:58:38.375] [main/DEBUG] [mixin/]: Mixing perf.reduce_blockstate_cache_rebuilds.BlockStateBaseMixin from modernfix-common.mixins.json into net.minecraft.world.level.block.state.BlockBehaviour$BlockStateBase
[07Jan2026 20:58:38.383] [main/DEBUG] [mixin/]: Mixing common.access.block.AccessBlockStateBase from crafttweaker.mixins.json into net.minecraft.world.level.block.state.BlockBehaviour$BlockStateBase
[07Jan2026 20:58:38.383] [main/DEBUG] [mixin/]: Mixing BlockStateBaseMixin from ferritecore.blockstatecache.mixin.json into net.minecraft.world.level.block.state.BlockBehaviour$BlockStateBase
[07Jan2026 20:58:38.385] [main/DEBUG] [mixin/]: Mixing fluidcollision.BlockStateBaseMixin from expandability-common.mixins.json into net.minecraft.world.level.block.state.BlockBehaviour$BlockStateBase
[07Jan2026 20:58:38.426] [main/DEBUG] [mixin/]: Mixing FastMapStateHolderMixin from ferritecore.fastmap.mixin.json into net.minecraft.world.level.block.state.StateHolder
[07Jan2026 20:58:38.444] [main/DEBUG] [mixin/]: Mixing perf.model_optimizations.PropertyMixin from modernfix-common.mixins.json into net.minecraft.world.level.block.state.properties.Property
[07Jan2026 20:58:38.470] [main/DEBUG] [mixin/]: Mixing EntityChopSettingsMixin from treechop.mixins.json into net.minecraft.world.entity.Entity
[07Jan2026 20:58:38.480] [main/DEBUG] [mixin/]: Mixing bugfix.chunk_deadlock.EntityMixin from modernfix-common.mixins.json into net.minecraft.world.entity.Entity
[07Jan2026 20:58:38.484] [main/DEBUG] [mixin/]: Mixing item.umbrella.EntityMixin from mixins.artifacts.common.json into net.minecraft.world.entity.Entity
[07Jan2026 20:58:38.488] [main/DEBUG] [mixin/]: Mixing item.wearable.aquadashers.EntityMixin from mixins.artifacts.common.json into net.minecraft.world.entity.Entity
[07Jan2026 20:58:38.519] [main/DEBUG] [mixin/]: Mixing EntityMixin from morehitboxes.mixins.json into net.minecraft.world.entity.Entity
[07Jan2026 20:58:38.534] [main/DEBUG] [mixin/]: Mixing EntityMixin from balm.mixins.json into net.minecraft.world.entity.Entity
[07Jan2026 20:58:38.538] [main/DEBUG] [mixin/]: Mixing AccessorEntity from curios.mixins.json into net.minecraft.world.entity.Entity
[07Jan2026 20:58:38.539] [main/DEBUG] [mixin/]: Mixing EntityMixin from tombstone.mixins.json into net.minecraft.world.entity.Entity
[07Jan2026 20:58:38.553] [main/DEBUG] [mixin/]: Mixing swimming.EntityMixin from expandability.mixins.json into net.minecraft.world.entity.Entity
[07Jan2026 20:58:38.560] [main/DEBUG] [mixin/]: Mixing swimming.EntityMixin from expandability-common.mixins.json into net.minecraft.world.entity.Entity
[07Jan2026 20:58:38.747] [main/DEBUG] [mixin/]: Mixing LivingEntityMixin from uniquedungeons.mixin.json into net.minecraft.world.entity.LivingEntity
[07Jan2026 20:58:38.756] [main/DEBUG] [mixin/]: Mixing perf.forge_cap_retrieval.LivingEntityMixin from modernfix-forge.mixins.json into net.minecraft.world.entity.LivingEntity
[07Jan2026 20:58:38.757] [main/DEBUG] [mixin/]: Mixing LivingEntityMixin from citadel.mixins.json into net.minecraft.world.entity.LivingEntity
[07Jan2026 20:58:38.763] [main/DEBUG] [mixin/]: Mixing accessors.LivingEntityAccessor from mixins.artifacts.common.json into net.minecraft.world.entity.LivingEntity
[07Jan2026 20:58:38.764] [main/DEBUG] [mixin/]: Mixing item.hurtsound.LivingEntityMixin from mixins.artifacts.common.json into net.minecraft.world.entity.LivingEntity
[07Jan2026 20:58:38.766] [main/DEBUG] [mixin/]: Mixing item.wearable.chorustotem.LivingEntityMixin from mixins.artifacts.common.json into net.minecraft.world.entity.LivingEntity
[07Jan2026 20:58:38.795] [main/DEBUG] [mixin/]: Mixing item.wearable.snowshoes.LivingEntityMixin from mixins.artifacts.forge.json into net.minecraft.world.entity.LivingEntity
[07Jan2026 20:58:38.800] [main/DEBUG] [mixin/]: Mixing MixinLivingEntity from curios.mixins.json into net.minecraft.world.entity.LivingEntity
[07Jan2026 20:58:38.802] [main/DEBUG] [mixin/]: Mixing LivingEntityMixin from tombstone.mixins.json into net.minecraft.world.entity.LivingEntity
[07Jan2026 20:58:38.815] [main/DEBUG] [mixin/]: Mixing swimming.LivingEntityMixin from expandability.mixins.json into net.minecraft.world.entity.LivingEntity
[07Jan2026 20:58:38.818] [main/DEBUG] [mixin/]: Mixing swimming.LivingEntityMixin from expandability-common.mixins.json into net.minecraft.world.entity.LivingEntity
[07Jan2026 20:58:38.936] [main/DEBUG] [net.minecraftforge.coremod.transformer.CoreModBaseTransformer/COREMOD]: Transforming m_46758_ with desc (Lnet/minecraft/core/BlockPos;)Z
[07Jan2026 20:58:38.957] [main/DEBUG] [mixin/]: Mixing perf.model_optimizations.BooleanPropertyMixin from modernfix-common.mixins.json into net.minecraft.world.level.block.state.properties.BooleanProperty
[07Jan2026 20:58:38.966] [main/DEBUG] [net.minecraftforge.coremod.transformer.CoreModBaseTransformer/COREMOD]: Transforming m_46758_ with desc (Lnet/minecraft/core/BlockPos;)Z
[07Jan2026 20:58:38.969] [main/DEBUG] [mixin/]: Mixing LevelMixin from citadel.mixins.json into net.minecraft.world.level.Level
[07Jan2026 20:58:38.972] [main/DEBUG] [mixin/]: Mixing LevelMixin from morehitboxes.mixins.json into net.minecraft.world.level.Level
[07Jan2026 20:58:38.984] [main/DEBUG] [mixin/]: Mixing LevelMixin from observable.common.json into net.minecraft.world.level.Level
[07Jan2026 20:58:38.984] [main/DEBUG] [mixin/]: observable.common.json:LevelMixin: Class version 61 required is higher than the class version supported by the current version of Mixin (JAVA_8 supports class version 52)
[07Jan2026 20:58:39.051] [main/DEBUG] [mixin/]: Mixing bugfix.chunk_deadlock.ServerLevelMixin from modernfix-common.mixins.json into net.minecraft.server.level.ServerLevel
[07Jan2026 20:58:39.053] [main/DEBUG] [mixin/]: Mixing perf.cache_strongholds.ServerLevelMixin from modernfix-common.mixins.json into net.minecraft.server.level.ServerLevel
[07Jan2026 20:58:39.058] [main/DEBUG] [mixin/]: Mixing perf.faster_structure_location.ServerLevelMixin from modernfix-common.mixins.json into net.minecraft.server.level.ServerLevel
[07Jan2026 20:58:39.059] [main/DEBUG] [mixin/]: Mixing ServerLevelMixin from citadel.mixins.json into net.minecraft.server.level.ServerLevel
[07Jan2026 20:58:39.061] [main/DEBUG] [mixin/]: Mixing common.transform.world.level.MixinServerLevel from crafttweaker.mixins.json into net.minecraft.server.level.ServerLevel
[07Jan2026 20:58:39.064] [main/DEBUG] [mixin/]: Mixing ServerLevelMixin from observable.common.json into net.minecraft.server.level.ServerLevel
[07Jan2026 20:58:39.064] [main/DEBUG] [mixin/]: observable.common.json:ServerLevelMixin: Class version 61 required is higher than the class version supported by the current version of Mixin (JAVA_8 supports class version 52)
[07Jan2026 20:58:39.141] [main/DEBUG] [mixin/]: Mixing PlayerMixin from uniquedungeons.mixin.json into net.minecraft.world.entity.player.Player
[07Jan2026 20:58:39.143] [main/DEBUG] [mixin/]: Mixing PlayerMixin from mixins.travelersbackpack.json into net.minecraft.world.entity.player.Player
[07Jan2026 20:58:39.149] [main/DEBUG] [mixin/]: Mixing PlayerMixin from morehitboxes.mixins.json into net.minecraft.world.entity.player.Player
[07Jan2026 20:58:39.151] [main/DEBUG] [mixin/]: Mixing swimming.PlayerMixin from expandability-common.mixins.json into net.minecraft.world.entity.player.Player
[07Jan2026 20:58:39.152] [main/DEBUG] [mixin/]: Mixing PlayerMixin from playerrevive.mixins.json into net.minecraft.world.entity.player.Player
[07Jan2026 20:58:39.157] [main/DEBUG] [mixin/]: Mixing MixinPlayer from tlskincape-mixins.json into net.minecraft.world.entity.player.Player
[07Jan2026 20:58:39.157] [main/DEBUG] [mixin/]: tlskincape-mixins.json:MixinPlayer: Class version 61 required is higher than the class version supported by the current version of Mixin (JAVA_16 supports class version 60)
[07Jan2026 20:58:39.206] [main/DEBUG] [mixin/]: Mixing bugfix.concurrency.ForgeRegistryTagManagerMixin from modernfix-forge.mixins.json into net.minecraftforge.registries.ForgeRegistryTagManager
[07Jan2026 20:58:39.218] [main/DEBUG] [mixin/]: Mixing bugfix.concurrency.NamespacedWrapperMixin from modernfix-forge.mixins.json into net.minecraftforge.registries.NamespacedWrapper
[07Jan2026 20:58:39.220] [main/DEBUG] [mixin/]: Mixing perf.fast_forge_dummies.NamespacedHolderHelperMixin from modernfix-forge.mixins.json into net.minecraftforge.registries.NamespacedWrapper
[07Jan2026 20:58:39.231] [main/DEBUG] [mixin/]: Mixing inject.MixinFluid from architectury-common.mixins.json into net.minecraft.world.level.material.Fluid
[07Jan2026 20:58:39.235] [main/DEBUG] [net.minecraftforge.coremod.transformer.CoreModBaseTransformer/COREMOD]: Transforming m_41435_ with desc (Lnet/minecraft/world/level/Level;Lnet/minecraft/world/entity/player/Player;Lnet/minecraft/world/level/ClipContext$Fluid;)Lnet/minecraft/world/phys/BlockHitResult;
[07Jan2026 20:58:39.236] [main/DEBUG] [mixin/]: Mixing perf.forge_registry_alloc.DelegateHolderMixin from modernfix-forge.mixins.json into net.minecraft.world.item.Item
[07Jan2026 20:58:39.238] [main/DEBUG] [mixin/]: Mixing common.access.item.AccessItem from crafttweaker.mixins.json into net.minecraft.world.item.Item
[07Jan2026 20:58:39.238] [main/DEBUG] [mixin/]: Renaming @Accessor method crafttweaker$getBASE_ATTACK_DAMAGE_UUID()Ljava/util/UUID; to crafttweaker$getBASE_ATTACK_DAMAGE_UUID_$md$227283$0 in crafttweaker.mixins.json:common.access.item.AccessItem
[07Jan2026 20:58:39.238] [main/DEBUG] [mixin/]: Renaming @Accessor method crafttweaker$getBASE_ATTACK_SPEED_UUID()Ljava/util/UUID; to crafttweaker$getBASE_ATTACK_SPEED_UUID_$md$227283$1 in crafttweaker.mixins.json:common.access.item.AccessItem
[07Jan2026 20:58:39.238] [main/DEBUG] [mixin/]: Mixing ItemMixin from tombstone.mixins.json into net.minecraft.world.item.Item
[07Jan2026 20:58:39.239] [main/DEBUG] [mixin/]: Renaming synthetic method lambda$methodIsFoil$1(Lnet/minecraft/world/item/ItemStack;Lovh/corail/tombstone/api/capability/ISoulConsumer;)Ljava/lang/Boolean; to md227283$lambda$methodIsFoil$1$2 in tombstone.mixins.json:ItemMixin
[07Jan2026 20:58:39.239] [main/DEBUG] [mixin/]: Renaming synthetic method lambda$methodGetName$0(Lnet/minecraft/world/item/ItemStack;Lovh/corail/tombstone/api/capability/ISoulConsumer;)Ljava/lang/Boolean; to md227283$lambda$methodGetName$0$3 in tombstone.mixins.json:ItemMixin
[07Jan2026 20:58:39.254] [main/DEBUG] [net.minecraftforge.coremod.transformer.CoreModBaseTransformer/COREMOD]: Transforming net/minecraft/world/effect/MobEffectInstance
[07Jan2026 20:58:39.264] [main/DEBUG] [mixin/]: Mixing inject.MixinItem from architectury-common.mixins.json into net.minecraft.world.item.Item
[07Jan2026 20:58:39.283] [main/DEBUG] [net.minecraftforge.coremod.transformer.CoreModBaseTransformer/COREMOD]: Transforming net/minecraft/world/entity/EntityType
[07Jan2026 20:58:39.355] [main/DEBUG] [mixin/]: Mixing inject.MixinEntityType from architectury-common.mixins.json into net.minecraft.world.entity.EntityType
[07Jan2026 20:58:39.376] [main/DEBUG] [mixin/]: Mixing perf.dynamic_dfu.BlockEntityTypeMixin from modernfix-common.mixins.json into net.minecraft.world.level.block.entity.BlockEntityType
[07Jan2026 20:58:39.383] [main/DEBUG] [mixin/]: Mixing ChunkStatusMixin from fossil_common.mixins.json into net.minecraft.world.level.chunk.ChunkStatus
[07Jan2026 20:58:39.386] [main/DEBUG] [net.minecraftforge.coremod.transformer.CoreModBaseTransformer/COREMOD]: Transforming <init> with desc (JZZLjava/util/Optional;)V
[07Jan2026 20:58:39.434] [main/DEBUG] [mixin/]: Mixing TrunkPlacerTypeInvoker from graveyard-common.mixins.json into net.minecraft.world.level.levelgen.feature.trunkplacers.TrunkPlacerType
[07Jan2026 20:58:39.434] [main/DEBUG] [mixin/]: Renaming @Invoker method callRegister(Ljava/lang/String;Lcom/mojang/serialization/Codec;)Lnet/minecraft/world/level/levelgen/feature/trunkplacers/TrunkPlacerType; to callRegister_$md$227283$0 in graveyard-common.mixins.json:TrunkPlacerTypeInvoker
[07Jan2026 20:58:39.462] [main/DEBUG] [mixin/]: Mixing perf.memoize_creative_tab_build.CreativeModeTabMixin from modernfix-common.mixins.json into net.minecraft.world.item.CreativeModeTab
[07Jan2026 20:58:39.475] [main/DEBUG] [mixin/]: Mixing accessor.FireBlockForgeAccessor from puzzleslib.forge.mixins.json into net.minecraft.world.level.block.FireBlock
[07Jan2026 20:58:39.503] [main/DEBUG] [mixin/]: Mixing ShapesMixin from creativecore.mixins.json into net.minecraft.world.phys.shapes.Shapes
[07Jan2026 20:58:39.606] [main/DEBUG] [mixin/]: Mixing DiscreteVSAccess from ferritecore.blockstatecache.mixin.json into net.minecraft.world.phys.shapes.DiscreteVoxelShape
[07Jan2026 20:58:39.609] [main/DEBUG] [mixin/]: Mixing BitSetDVSAccess from ferritecore.blockstatecache.mixin.json into net.minecraft.world.phys.shapes.BitSetDiscreteVoxelShape
[07Jan2026 20:58:39.612] [main/DEBUG] [mixin/]: Mixing VoxelShapeAccessor from creativecore.mixins.json into net.minecraft.world.phys.shapes.VoxelShape
[07Jan2026 20:58:39.613] [main/DEBUG] [mixin/]: Mixing VoxelShapeAccess from ferritecore.blockstatecache.mixin.json into net.minecraft.world.phys.shapes.VoxelShape
[07Jan2026 20:58:39.614] [main/DEBUG] [mixin/]: Unexpected: Registered method setShape(Lnet/minecraft/world/phys/shapes/DiscreteVoxelShape;)V in net.minecraft.world.phys.shapes.VoxelShape was not merged
[07Jan2026 20:58:39.616] [main/DEBUG] [mixin/]: Mixing ArrayVSAccess from ferritecore.blockstatecache.mixin.json into net.minecraft.world.phys.shapes.ArrayVoxelShape
[07Jan2026 20:58:39.618] [main/DEBUG] [mixin/]: Mixing SliceShapeAccess from ferritecore.blockstatecache.mixin.json into net.minecraft.world.phys.shapes.SliceShape
[07Jan2026 20:58:39.728] [main/DEBUG] [mixin/]: Mixing perf.reduce_blockstate_cache_rebuilds.BlocksMixin from modernfix-common.mixins.json into net.minecraft.world.level.block.Blocks
[07Jan2026 20:58:39.729] [main/DEBUG] [mixin/]: Renaming synthetic method lambda$getEmptyConsumer$0(Ljava/lang/Object;)V to md227283$lambda$getEmptyConsumer$0$0 in modernfix-common.mixins.json:perf.reduce_blockstate_cache_rebuilds.BlocksMixin
[07Jan2026 20:58:39.759] [main/DEBUG] [mixin/]: Mixing PlantBlockMixin from graveyard-common.mixins.json into net.minecraft.world.level.block.BushBlock
[07Jan2026 20:58:39.769] [main/DEBUG] [net.minecraftforge.coremod.transformer.CoreModBaseTransformer/COREMOD]: Transforming net/minecraft/world/level/block/LiquidBlock
[07Jan2026 20:58:39.770] [main/DEBUG] [mixin/]: Mixing inject.MixinLiquidBlock from architectury-common.mixins.json into net.minecraft.world.level.block.LiquidBlock
[07Jan2026 20:58:39.801] [main/DEBUG] [net.minecraftforge.coremod.transformer.CoreModBaseTransformer/COREMOD]: Transforming m_7898_ with desc (Lnet/minecraft/world/level/block/state/BlockState;Lnet/minecraft/world/level/LevelReader;Lnet/minecraft/core/BlockPos;)Z
[07Jan2026 20:58:39.820] [main/DEBUG] [net.minecraftforge.coremod.transformer.CoreModBaseTransformer/COREMOD]: Transforming net/minecraft/world/level/block/StairBlock
[07Jan2026 20:58:39.826] [main/DEBUG] [mixin/]: Mixing ChestBlockMixin from tombstone.mixins.json into net.minecraft.world.level.block.ChestBlock
[07Jan2026 20:58:39.839] [main/DEBUG] [mixin/]: Mixing CropBlockMixin from balm.mixins.json into net.minecraft.world.level.block.CropBlock
[07Jan2026 20:58:39.886] [main/DEBUG] [mixin/]: Mixing StemBlockMixin from balm.mixins.json into net.minecraft.world.level.block.StemBlock
[07Jan2026 20:58:39.901] [main/DEBUG] [mixin/]: Mixing common.access.block.AccessAbstractCauldronBlock from crafttweaker.mixins.json into net.minecraft.world.level.block.AbstractCauldronBlock
[07Jan2026 20:58:39.913] [main/DEBUG] [mixin/]: Mixing perf.deduplicate_wall_shapes.WallBlockMixin from modernfix-common.mixins.json into net.minecraft.world.level.block.WallBlock
[07Jan2026 20:58:39.942] [main/DEBUG] [net.minecraftforge.coremod.transformer.CoreModBaseTransformer/COREMOD]: Transforming net/minecraft/world/level/block/FlowerPotBlock
[07Jan2026 20:58:39.992] [main/DEBUG] [mixin/]: Mixing reinforced.BubbleColumnBlockMixin from securitycraft.mixins.json into net.minecraft.world.level.block.BubbleColumnBlock
[07Jan2026 20:58:40.009] [main/DEBUG] [mixin/]: Mixing swimming.BubbleColumnBlockMixin from expandability-common.mixins.json into net.minecraft.world.level.block.BubbleColumnBlock
[07Jan2026 20:58:40.051] [main/DEBUG] [mixin/]: Mixing MixinPowderSnowBlock from curios.mixins.json into net.minecraft.world.level.block.PowderSnowBlock
[07Jan2026 20:58:40.098] [main/DEBUG] [mixin/]: Mixing perf.state_definition_construct.StateDefinitionMixin from modernfix-common.mixins.json into net.minecraft.world.level.block.state.StateDefinition
[07Jan2026 20:58:40.182] [main/INFO] [net.minecraft.server.Bootstrap/]: Vanilla bootstrap took 2178 milliseconds
[07Jan2026 20:58:40.197] [main/DEBUG] [io.netty.util.internal.PlatformDependent0/]: -Dio.netty.noUnsafe: false
[07Jan2026 20:58:40.198] [main/DEBUG] [io.netty.util.internal.PlatformDependent0/]: Java version: 17
[07Jan2026 20:58:40.198] [main/DEBUG] [io.netty.util.internal.PlatformDependent0/]: sun.misc.Unsafe.theUnsafe: available
[07Jan2026 20:58:40.199] [main/DEBUG] [io.netty.util.internal.PlatformDependent0/]: sun.misc.Unsafe.copyMemory: available
[07Jan2026 20:58:40.199] [main/DEBUG] [io.netty.util.internal.PlatformDependent0/]: sun.misc.Unsafe.storeFence: available
[07Jan2026 20:58:40.199] [main/DEBUG] [io.netty.util.internal.PlatformDependent0/]: java.nio.Buffer.address: available
[07Jan2026 20:58:40.200] [main/DEBUG] [io.netty.util.internal.PlatformDependent0/]: direct buffer constructor: unavailable
java.lang.UnsupportedOperationException: Reflective setAccessible(true) disabled
	at io.netty.util.internal.ReflectionUtil.trySetAccessible(ReflectionUtil.java:31) ~[netty-common-4.1.82.Final.jar%2380!/:4.1.82.Final]
	at io.netty.util.internal.PlatformDependent0$5.run(PlatformDependent0.java:288) ~[netty-common-4.1.82.Final.jar%2380!/:4.1.82.Final]
	at java.security.AccessController.doPrivileged(AccessController.java:318) ~[?:?]
	at io.netty.util.internal.PlatformDependent0.<clinit>(PlatformDependent0.java:282) ~[netty-common-4.1.82.Final.jar%2380!/:4.1.82.Final]
	at io.netty.util.internal.PlatformDependent.isAndroid(PlatformDependent.java:333) ~[netty-common-4.1.82.Final.jar%2380!/:4.1.82.Final]
	at io.netty.util.internal.PlatformDependent.<clinit>(PlatformDependent.java:88) ~[netty-common-4.1.82.Final.jar%2380!/:4.1.82.Final]
	at io.netty.util.ConstantPool.<init>(ConstantPool.java:34) ~[netty-common-4.1.82.Final.jar%2380!/:4.1.82.Final]
	at io.netty.util.AttributeKey$1.<init>(AttributeKey.java:27) ~[netty-common-4.1.82.Final.jar%2380!/:4.1.82.Final]
	at io.netty.util.AttributeKey.<clinit>(AttributeKey.java:27) ~[netty-common-4.1.82.Final.jar%2380!/:4.1.82.Final]
	at net.minecraftforge.network.NetworkConstants.<clinit>(NetworkConstants.java:34) ~[forge-1.20.1-47.3.7-universal.jar%23204!/:?]
	at net.minecraft.server.Bootstrap.handler$zdk000$doClassloadHack(Bootstrap.java:1034) ~[server-1.20.1-20230612.114412-srg.jar%23199!/:?]
	at net.minecraft.server.Bootstrap.m_135870_(Bootstrap.java:64) ~[server-1.20.1-20230612.114412-srg.jar%23199!/:?]
	at net.minecraftforge.registries.ForgeRegistries.init(ForgeRegistries.java:212) ~[forge-1.20.1-47.3.7-universal.jar%23204!/:?]
	at net.minecraftforge.registries.ForgeRegistries.<clinit>(ForgeRegistries.java:65) ~[forge-1.20.1-47.3.7-universal.jar%23204!/:?]
	at net.minecraft.world.level.block.LiquidBlock.<init>(LiquidBlock.java:53) ~[server-1.20.1-20230612.114412-srg.jar%23199!/:?]
	at net.minecraft.world.level.block.Blocks.<clinit>(Blocks.java:77) ~[server-1.20.1-20230612.114412-srg.jar%23199!/:?]
	at net.minecraft.world.level.block.FireBlock.m_53484_(FireBlock.java:301) ~[server-1.20.1-20230612.114412-srg.jar%23199!/:?]
	at net.minecraft.server.Bootstrap.m_135870_(Bootstrap.java:46) ~[server-1.20.1-20230612.114412-srg.jar%23199!/:?]
	at net.minecraft.server.Main.main(Main.java:121) ~[server-1.20.1-20230612.114412-srg.jar%23199!/:?]
	at jdk.internal.reflect.NativeMethodAccessorImpl.invoke0(Native Method) ~[?:?]
	at jdk.internal.reflect.NativeMethodAccessorImpl.invoke(NativeMethodAccessorImpl.java:77) ~[?:?]
	at jdk.internal.reflect.DelegatingMethodAccessorImpl.invoke(DelegatingMethodAccessorImpl.java:43) ~[?:?]
	at java.lang.reflect.Method.invoke(Method.java:569) ~[?:?]
	at net.minecraftforge.fml.loading.targets.CommonLaunchHandler.runTarget(CommonLaunchHandler.java:111) ~[fmlloader-1.20.1-47.3.7.jar%2367!/:?]
	at net.minecraftforge.fml.loading.targets.CommonLaunchHandler.serverService(CommonLaunchHandler.java:103) ~[fmlloader-1.20.1-47.3.7.jar%2367!/:?]
	at net.minecraftforge.fml.loading.targets.CommonServerLaunchHandler.lambda$makeService$0(CommonServerLaunchHandler.java:27) ~[fmlloader-1.20.1-47.3.7.jar%2367!/:?]
	at cpw.mods.modlauncher.LaunchServiceHandlerDecorator.launch(LaunchServiceHandlerDecorator.java:30) ~[modlauncher-10.0.9.jar%2353!/:?]
	at cpw.mods.modlauncher.LaunchServiceHandler.launch(LaunchServiceHandler.java:53) ~[modlauncher-10.0.9.jar%2353!/:?]
	at cpw.mods.modlauncher.LaunchServiceHandler.launch(LaunchServiceHandler.java:71) ~[modlauncher-10.0.9.jar%2353!/:?]
	at cpw.mods.modlauncher.Launcher.run(Launcher.java:108) ~[modlauncher-10.0.9.jar%2353!/:?]
	at cpw.mods.modlauncher.Launcher.main(Launcher.java:78) ~[modlauncher-10.0.9.jar%2353!/:?]
	at cpw.mods.modlauncher.BootstrapLaunchConsumer.accept(BootstrapLaunchConsumer.java:26) ~[modlauncher-10.0.9.jar%2353!/:?]
	at cpw.mods.modlauncher.BootstrapLaunchConsumer.accept(BootstrapLaunchConsumer.java:23) ~[modlauncher-10.0.9.jar%2353!/:?]
	at cpw.mods.bootstraplauncher.BootstrapLauncher.main(BootstrapLauncher.java:141) ~[bootstraplauncher-1.1.2.jar:?]
[07Jan2026 20:58:40.201] [main/DEBUG] [io.netty.util.internal.PlatformDependent0/]: java.nio.Bits.unaligned: available, true
[07Jan2026 20:58:40.201] [main/DEBUG] [io.netty.util.internal.PlatformDependent0/]: jdk.internal.misc.Unsafe.allocateUninitializedArray(int): unavailable
java.lang.IllegalAccessException: class io.netty.util.internal.PlatformDependent0$7 (in module io.netty.common) cannot access class jdk.internal.misc.Unsafe (in module java.base) because module java.base does not export jdk.internal.misc to module io.netty.common
	at jdk.internal.reflect.Reflection.newIllegalAccessException(Reflection.java:392) ~[?:?]
	at java.lang.reflect.AccessibleObject.checkAccess(AccessibleObject.java:674) ~[?:?]
	at java.lang.reflect.Method.invoke(Method.java:561) ~[?:?]
	at io.netty.util.internal.PlatformDependent0$7.run(PlatformDependent0.java:410) ~[netty-common-4.1.82.Final.jar%2380!/:4.1.82.Final]
	at java.security.AccessController.doPrivileged(AccessController.java:318) ~[?:?]
	at io.netty.util.internal.PlatformDependent0.<clinit>(PlatformDependent0.java:401) ~[netty-common-4.1.82.Final.jar%2380!/:4.1.82.Final]
	at io.netty.util.internal.PlatformDependent.isAndroid(PlatformDependent.java:333) ~[netty-common-4.1.82.Final.jar%2380!/:4.1.82.Final]
	at io.netty.util.internal.PlatformDependent.<clinit>(PlatformDependent.java:88) ~[netty-common-4.1.82.Final.jar%2380!/:4.1.82.Final]
	at io.netty.util.ConstantPool.<init>(ConstantPool.java:34) ~[netty-common-4.1.82.Final.jar%2380!/:4.1.82.Final]
	at io.netty.util.AttributeKey$1.<init>(AttributeKey.java:27) ~[netty-common-4.1.82.Final.jar%2380!/:4.1.82.Final]
	at io.netty.util.AttributeKey.<clinit>(AttributeKey.java:27) ~[netty-common-4.1.82.Final.jar%2380!/:4.1.82.Final]
	at net.minecraftforge.network.NetworkConstants.<clinit>(NetworkConstants.java:34) ~[forge-1.20.1-47.3.7-universal.jar%23204!/:?]
	at net.minecraft.server.Bootstrap.handler$zdk000$doClassloadHack(Bootstrap.java:1034) ~[server-1.20.1-20230612.114412-srg.jar%23199!/:?]
	at net.minecraft.server.Bootstrap.m_135870_(Bootstrap.java:64) ~[server-1.20.1-20230612.114412-srg.jar%23199!/:?]
	at net.minecraftforge.registries.ForgeRegistries.init(ForgeRegistries.java:212) ~[forge-1.20.1-47.3.7-universal.jar%23204!/:?]
	at net.minecraftforge.registries.ForgeRegistries.<clinit>(ForgeRegistries.java:65) ~[forge-1.20.1-47.3.7-universal.jar%23204!/:?]
	at net.minecraft.world.level.block.LiquidBlock.<init>(LiquidBlock.java:53) ~[server-1.20.1-20230612.114412-srg.jar%23199!/:?]
	at net.minecraft.world.level.block.Blocks.<clinit>(Blocks.java:77) ~[server-1.20.1-20230612.114412-srg.jar%23199!/:?]
	at net.minecraft.world.level.block.FireBlock.m_53484_(FireBlock.java:301) ~[server-1.20.1-20230612.114412-srg.jar%23199!/:?]
	at net.minecraft.server.Bootstrap.m_135870_(Bootstrap.java:46) ~[server-1.20.1-20230612.114412-srg.jar%23199!/:?]
	at net.minecraft.server.Main.main(Main.java:121) ~[server-1.20.1-20230612.114412-srg.jar%23199!/:?]
	at jdk.internal.reflect.NativeMethodAccessorImpl.invoke0(Native Method) ~[?:?]
	at jdk.internal.reflect.NativeMethodAccessorImpl.invoke(NativeMethodAccessorImpl.java:77) ~[?:?]
	at jdk.internal.reflect.DelegatingMethodAccessorImpl.invoke(DelegatingMethodAccessorImpl.java:43) ~[?:?]
	at java.lang.reflect.Method.invoke(Method.java:569) ~[?:?]
	at net.minecraftforge.fml.loading.targets.CommonLaunchHandler.runTarget(CommonLaunchHandler.java:111) ~[fmlloader-1.20.1-47.3.7.jar%2367!/:?]
	at net.minecraftforge.fml.loading.targets.CommonLaunchHandler.serverService(CommonLaunchHandler.java:103) ~[fmlloader-1.20.1-47.3.7.jar%2367!/:?]
	at net.minecraftforge.fml.loading.targets.CommonServerLaunchHandler.lambda$makeService$0(CommonServerLaunchHandler.java:27) ~[fmlloader-1.20.1-47.3.7.jar%2367!/:?]
	at cpw.mods.modlauncher.LaunchServiceHandlerDecorator.launch(LaunchServiceHandlerDecorator.java:30) ~[modlauncher-10.0.9.jar%2353!/:?]
	at cpw.mods.modlauncher.LaunchServiceHandler.launch(LaunchServiceHandler.java:53) ~[modlauncher-10.0.9.jar%2353!/:?]
	at cpw.mods.modlauncher.LaunchServiceHandler.launch(LaunchServiceHandler.java:71) ~[modlauncher-10.0.9.jar%2353!/:?]
	at cpw.mods.modlauncher.Launcher.run(Launcher.java:108) ~[modlauncher-10.0.9.jar%2353!/:?]
	at cpw.mods.modlauncher.Launcher.main(Launcher.java:78) ~[modlauncher-10.0.9.jar%2353!/:?]
	at cpw.mods.modlauncher.BootstrapLaunchConsumer.accept(BootstrapLaunchConsumer.java:26) ~[modlauncher-10.0.9.jar%2353!/:?]
	at cpw.mods.modlauncher.BootstrapLaunchConsumer.accept(BootstrapLaunchConsumer.java:23) ~[modlauncher-10.0.9.jar%2353!/:?]
	at cpw.mods.bootstraplauncher.BootstrapLauncher.main(BootstrapLauncher.java:141) ~[bootstraplauncher-1.1.2.jar:?]
[07Jan2026 20:58:40.206] [main/DEBUG] [io.netty.util.internal.PlatformDependent0/]: java.nio.DirectByteBuffer.<init>(long, int): unavailable
[07Jan2026 20:58:40.206] [main/DEBUG] [io.netty.util.internal.PlatformDependent/]: sun.misc.Unsafe: available
[07Jan2026 20:58:40.207] [main/DEBUG] [io.netty.util.internal.PlatformDependent/]: maxDirectMemory: 12884901888 bytes (maybe)
[07Jan2026 20:58:40.207] [main/DEBUG] [io.netty.util.internal.PlatformDependent/]: -Dio.netty.tmpdir: /tmp (java.io.tmpdir)
[07Jan2026 20:58:40.207] [main/DEBUG] [io.netty.util.internal.PlatformDependent/]: -Dio.netty.bitMode: 64 (sun.arch.data.model)
[07Jan2026 20:58:40.207] [main/DEBUG] [io.netty.util.internal.PlatformDependent/]: -Dio.netty.maxDirectMemory: -1 bytes
[07Jan2026 20:58:40.207] [main/DEBUG] [io.netty.util.internal.PlatformDependent/]: -Dio.netty.uninitializedArrayAllocationThreshold: -1
[07Jan2026 20:58:40.208] [main/DEBUG] [io.netty.util.internal.CleanerJava9/]: java.nio.ByteBuffer.cleaner(): available
[07Jan2026 20:58:40.208] [main/DEBUG] [io.netty.util.internal.PlatformDependent/]: -Dio.netty.noPreferDirect: false
[07Jan2026 20:58:40.306] [main/DEBUG] [mixin/]: Mixing BlockEntityMixin from collective_forge.mixins.json into net.minecraft.world.level.block.entity.BlockEntity
[07Jan2026 20:58:40.322] [main/DEBUG] [mixin/]: Mixing BrushableBlockEntityMixin from tombstone.mixins.json into net.minecraft.world.level.block.entity.BrushableBlockEntity
[07Jan2026 20:58:40.343] [main/DEBUG] [mixin/]: Mixing common.access.entity.AccessFallingBlockEntity from crafttweaker.mixins.json into net.minecraft.world.entity.item.FallingBlockEntity
[07Jan2026 20:58:40.343] [main/DEBUG] [mixin/]: Mixing MixinFallingBlockEntity from architectury.mixins.json into net.minecraft.world.entity.item.FallingBlockEntity
[07Jan2026 20:58:40.536] [main/DEBUG] [mixin/]: Mixing accessor.AbstractContainerMenuAccessor from puzzleslib.common.mixins.json into net.minecraft.world.inventory.AbstractContainerMenu
[07Jan2026 20:58:40.607] [main/DEBUG] [mixin/]: Mixing AbstractArrowMixin from uniquedungeons.mixin.json into net.minecraft.world.entity.projectile.AbstractArrow
[07Jan2026 20:58:40.644] [main/DEBUG] [mixin/]: Mixing accessors.MobAccessor from mixins.artifacts.common.json into net.minecraft.world.entity.Mob
[07Jan2026 20:58:40.644] [main/DEBUG] [mixin/]: Mixing MobMixin from morehitboxes.mixins.json into net.minecraft.world.entity.Mob
[07Jan2026 20:58:40.651] [main/DEBUG] [mixin/]: Mixing MobMixin from tombstone.mixins.json into net.minecraft.world.entity.Mob
[07Jan2026 20:58:40.653] [main/DEBUG] [mixin/]: Renaming synthetic method lambda$methodSetTarget$2(Lnet/minecraft/world/entity/LivingEntity;Ljava/util/UUID;)Ljava/lang/Boolean; to md227283$lambda$methodSetTarget$2$0 in tombstone.mixins.json:MobMixin
[07Jan2026 20:58:40.653] [main/DEBUG] [mixin/]: Renaming synthetic method lambda$methodCanBeLeashed$1(Lnet/minecraft/world/entity/player/Player;Ljava/util/UUID;)Ljava/lang/Boolean; to md227283$lambda$methodCanBeLeashed$1$1 in tombstone.mixins.json:MobMixin
[07Jan2026 20:58:40.653] [main/DEBUG] [mixin/]: Renaming synthetic method lambda$methodTick$0(Lnet/minecraft/world/entity/Mob;Lovh/corail/tombstone/api/capability/ISpellCaster;)V to md227283$lambda$methodTick$0$2 in tombstone.mixins.json:MobMixin
[07Jan2026 20:58:40.669] [main/DEBUG] [mixin/]: Mixing MobMixin from fossil_common.mixins.json into net.minecraft.world.entity.Mob
[07Jan2026 20:58:40.739] [main/DEBUG] [mixin/]: Mixing MonsterMixin from tombstone.mixins.json into net.minecraft.world.entity.monster.Monster
[07Jan2026 20:58:40.791] [main/DEBUG] [net.minecraftforge.coremod.transformer.CoreModBaseTransformer/COREMOD]: Transforming net/minecraft/world/item/ItemStack
[07Jan2026 20:58:40.792] [main/DEBUG] [mixin/]: Mixing ItemStackMixin from uniquedungeons.mixin.json into net.minecraft.world.item.ItemStack
[07Jan2026 20:58:40.801] [main/DEBUG] [net.minecraftforge.coremod.transformer.CoreModBaseTransformer/COREMOD]: Transforming m_7373_ with desc (Lnet/minecraft/world/item/ItemStack;Lnet/minecraft/world/level/Level;Ljava/util/List;Lnet/minecraft/world/item/TooltipFlag;)V
[07Jan2026 20:58:40.814] [main/DEBUG] [mixin/]: Mixing ItemStackMixin from tombstone.mixins.json into net.minecraft.world.item.ItemStack
[07Jan2026 20:58:41.096] [main/DEBUG] [mixin/]: Mixing SmithingMenuMixin from citadel.mixins.json into net.minecraft.world.inventory.SmithingMenu
[07Jan2026 20:58:41.195] [main/DEBUG] [mixin/]: Mixing common.access.entity.AccessLightningBolt from crafttweaker.mixins.json into net.minecraft.world.entity.LightningBolt
[07Jan2026 20:58:41.196] [main/DEBUG] [mixin/]: Mixing MixinLightningBolt from architectury-common.mixins.json into net.minecraft.world.entity.LightningBolt
[07Jan2026 20:58:41.247] [main/DEBUG] [net.minecraftforge.coremod.transformer.CoreModBaseTransformer/COREMOD]: Transforming net/minecraft/world/entity/animal/frog/Tadpole
[07Jan2026 20:58:41.268] [main/DEBUG] [mixin/]: Mixing AbstractFishMixin from fossil_common.mixins.json into net.minecraft.world.entity.animal.AbstractFish
[07Jan2026 20:58:41.280] [main/DEBUG] [mixin/]: Mixing accessor.BlockItemAccessor from puzzleslib.common.mixins.json into net.minecraft.world.item.BlockItem
[07Jan2026 20:58:41.286] [main/DEBUG] [mixin/]: Mixing boat.BoatItemMixin from securitycraft.mixins.json into net.minecraft.world.item.BoatItem
[07Jan2026 20:58:41.295] [main/DEBUG] [mixin/]: Mixing reinforced.SwordAndShearsItemMixin from securitycraft.mixins.json into net.minecraft.world.item.SwordItem
[07Jan2026 20:58:41.306] [main/DEBUG] [net.minecraftforge.coremod.transformer.CoreModBaseTransformer/COREMOD]: Transforming net/minecraft/world/item/BucketItem
[07Jan2026 20:58:41.306] [main/DEBUG] [mixin/]: Mixing inject.MixinBucketItem from architectury-common.mixins.json into net.minecraft.world.item.BucketItem
[07Jan2026 20:58:41.312] [main/DEBUG] [mixin/]: Mixing BundleItemMixin from tombstone.mixins.json into net.minecraft.world.item.BundleItem
[07Jan2026 20:58:41.312] [main/DEBUG] [mixin/]: Renaming synthetic method lambda$getEnchantmentLevel$0(Lnet/minecraft/world/item/ItemStack;Lovh/corail/tombstone/api/capability/ISoulConsumer;)Ljava/lang/Boolean; to md227283$lambda$getEnchantmentLevel$0$0 in tombstone.mixins.json:BundleItemMixin
[07Jan2026 20:58:41.315] [main/DEBUG] [mixin/]: Mixing item.wearable.anglershat.FishingRodItemMixin from mixins.artifacts.common.json into net.minecraft.world.item.FishingRodItem
[07Jan2026 20:58:41.319] [main/DEBUG] [mixin/]: Mixing BoneMealItemMixin from collective_forge.mixins.json into net.minecraft.world.item.BoneMealItem
[07Jan2026 20:58:41.323] [main/DEBUG] [net.minecraftforge.coremod.transformer.CoreModBaseTransformer/COREMOD]: Transforming m_7373_ with desc (Lnet/minecraft/world/item/ItemStack;Lnet/minecraft/world/level/Level;Ljava/util/List;Lnet/minecraft/world/item/TooltipFlag;)V
[07Jan2026 20:58:41.326] [main/DEBUG] [mixin/]: Mixing MixinShearsItem from curios.mixins.json into net.minecraft.world.item.ShearsItem
[07Jan2026 20:58:41.327] [main/DEBUG] [mixin/]: Mixing reinforced.SwordAndShearsItemMixin from securitycraft.mixins.json into net.minecraft.world.item.ShearsItem
[07Jan2026 20:58:41.330] [main/DEBUG] [mixin/]: Mixing PotionItemMixin from tombstone.mixins.json into net.minecraft.world.item.PotionItem
[07Jan2026 20:58:41.331] [main/DEBUG] [mixin/]: Renaming synthetic method lambda$methodFinishUsingItemReturn$1(Lnet/minecraft/world/entity/LivingEntity;Lovh/corail/tombstone/capability/ITBCapability;)V to md227283$lambda$methodFinishUsingItemReturn$1$0 in tombstone.mixins.json:PotionItemMixin
[07Jan2026 20:58:41.331] [main/DEBUG] [mixin/]: Renaming synthetic method lambda$effectList$0(Lnet/minecraft/world/effect/MobEffectInstance;)Ljava/lang/Integer; to md227283$lambda$effectList$0$1 in tombstone.mixins.json:PotionItemMixin
[07Jan2026 20:58:41.345] [main/DEBUG] [mixin/]: Mixing reinforced.WritableAndWrittenBookItemMixin from securitycraft.mixins.json into net.minecraft.world.item.WritableBookItem
[07Jan2026 20:58:41.352] [main/DEBUG] [net.minecraftforge.coremod.transformer.CoreModBaseTransformer/COREMOD]: Transforming m_7626_ with desc (Lnet/minecraft/world/item/ItemStack;)Lnet/minecraft/network/chat/Component;
[07Jan2026 20:58:41.352] [main/DEBUG] [mixin/]: Mixing reinforced.WritableAndWrittenBookItemMixin from securitycraft.mixins.json into net.minecraft.world.item.WrittenBookItem
[07Jan2026 20:58:41.370] [main/DEBUG] [mixin/]: Mixing suspiciousmines.BrushItemMixin from securitycraft.mixins.json into net.minecraft.world.item.BrushItem
[07Jan2026 20:58:41.370] [main/DEBUG] [mixin/]: Renaming synthetic method lambda$securitycraft$checkForSuspiciousMine$1(Lnet/minecraft/world/entity/player/Player;)V to md227283$lambda$securitycraft$checkForSuspiciousMine$1$0 in securitycraft.mixins.json:suspiciousmines.BrushItemMixin
[07Jan2026 20:58:41.370] [main/DEBUG] [mixin/]: Renaming synthetic method lambda$securitycraft$makeSuspiciousMinesBrushablePartTwo$0(Lnet/minecraft/world/entity/Entity;)Z to md227283$lambda$securitycraft$makeSuspiciousMinesBrushablePartTwo$0$1 in securitycraft.mixins.json:suspiciousmines.BrushItemMixin
[07Jan2026 20:58:41.385] [main/DEBUG] [mixin/]: Mixing inject.MixinItemProperties from architectury-common.mixins.json into net.minecraft.world.item.Item$Properties
[07Jan2026 20:58:41.452] [main/DEBUG] [mixin/]: Mixing ServerPlayerMixin from uniquedungeons.mixin.json into net.minecraft.server.level.ServerPlayer
[07Jan2026 20:58:41.452] [main/DEBUG] [mixin/]: Mixing MixinServerPlayer from xaeroworldmap.mixins.json into net.minecraft.server.level.ServerPlayer
[07Jan2026 20:58:41.453] [main/DEBUG] [mixin/]: Mixing MixinServerPlayer from xaerohud.mixins.json into net.minecraft.server.level.ServerPlayer
[07Jan2026 20:58:41.454] [main/DEBUG] [mixin/]: Mixing ServerPlayerMixin from playerrevive.mixins.json into net.minecraft.server.level.ServerPlayer
[07Jan2026 20:58:41.454] [main/DEBUG] [mixin/]: Mixing ServerPlayerMixin from tombstone.mixins.json into net.minecraft.server.level.ServerPlayer
[07Jan2026 20:58:41.455] [main/DEBUG] [mixin/]: Renaming synthetic method lambda$static$0()Ljava/lang/Boolean; to md227283$lambda$static$0$0 in tombstone.mixins.json:ServerPlayerMixin
[07Jan2026 20:58:41.457] [main/DEBUG] [mixin/]: Mixing camera.ServerPlayerMixin from securitycraft.mixins.json into net.minecraft.server.level.ServerPlayer
[07Jan2026 20:58:41.485] [main/DEBUG] [net.minecraftforge.coremod.transformer.CoreModBaseTransformer/COREMOD]: Transforming m_7088_ with desc ()Z
[07Jan2026 20:58:41.499] [main/DEBUG] [mixin/]: Mixing perf.dynamic_dfu.EntityTypeBuilderMixin from modernfix-common.mixins.json into net.minecraft.world.entity.EntityType$Builder
[07Jan2026 20:58:41.513] [main/DEBUG] [mixin/]: Mixing EntityHitResultMixin from morehitboxes.mixins.json into net.minecraft.world.phys.EntityHitResult
[07Jan2026 20:58:41.523] [main/DEBUG] [mixin/]: Mixing ExperienceOrbAccess from clumps.mixins.json into net.minecraft.world.entity.ExperienceOrb
[07Jan2026 20:58:41.524] [main/DEBUG] [mixin/]: Mixing MixinExperienceOrb from clumps.mixins.json into net.minecraft.world.entity.ExperienceOrb
[07Jan2026 20:58:41.525] [main/DEBUG] [mixin/]: Renaming synthetic method lambda$clumps$resolve$7(Ljava/util/Map$Entry;)Ljava/lang/Integer; to md227283$lambda$clumps$resolve$7$0 in clumps.mixins.json:MixinExperienceOrb
[07Jan2026 20:58:41.525] [main/DEBUG] [mixin/]: Renaming synthetic method lambda$addAdditionalSaveData$6(Lnet/minecraft/nbt/CompoundTag;Ljava/lang/Integer;Ljava/lang/Integer;)V to md227283$lambda$addAdditionalSaveData$6$1 in clumps.mixins.json:MixinExperienceOrb
[07Jan2026 20:58:41.525] [main/DEBUG] [mixin/]: Renaming synthetic method lambda$tryMergeToExisting$5(Ljava/util/Map;)Ljava/util/stream/Stream; to md227283$lambda$tryMergeToExisting$5$2 in clumps.mixins.json:MixinExperienceOrb
[07Jan2026 20:58:41.525] [main/DEBUG] [mixin/]: Renaming synthetic method lambda$tryMergeToExisting$4(IILnet/minecraft/world/entity/ExperienceOrb;)Z to md227283$lambda$tryMergeToExisting$4$3 in clumps.mixins.json:MixinExperienceOrb
[07Jan2026 20:58:41.526] [main/DEBUG] [mixin/]: Renaming synthetic method lambda$merge$3(Ljava/util/Map;)Ljava/util/stream/Stream; to md227283$lambda$merge$3$4 in clumps.mixins.json:MixinExperienceOrb
[07Jan2026 20:58:41.526] [main/DEBUG] [mixin/]: Renaming synthetic method lambda$clumps$repairPlayerItems$2(ILnet/minecraft/world/entity/player/Player;Lnet/minecraft/world/item/ItemStack;)Ljava/lang/Integer; to md227283$lambda$clumps$repairPlayerItems$2$5 in clumps.mixins.json:MixinExperienceOrb
[07Jan2026 20:58:41.526] [main/DEBUG] [mixin/]: Renaming synthetic method lambda$clumps$repairPlayerItems$1(Lnet/minecraft/world/item/ItemStack;Ljava/lang/Integer;)Ljava/lang/Float; to md227283$lambda$clumps$repairPlayerItems$1$6 in clumps.mixins.json:MixinExperienceOrb
[07Jan2026 20:58:41.527] [main/DEBUG] [mixin/]: Renaming synthetic method lambda$playerTouch$0(Lnet/minecraft/world/entity/player/Player;Ljava/util/concurrent/atomic/AtomicInteger;Ljava/lang/Integer;Ljava/lang/Integer;)V to md227283$lambda$playerTouch$0$7 in clumps.mixins.json:MixinExperienceOrb
[07Jan2026 20:58:41.559] [main/DEBUG] [mixin/]: Mixing perf.ticking_chunk_alloc.BatMixin from modernfix-common.mixins.json into net.minecraft.world.entity.ambient.Bat
[07Jan2026 20:58:41.580] [main/DEBUG] [mixin/]: Mixing HurtByTargetGoalMixin from tombstone.mixins.json into net.minecraft.world.entity.ai.goal.target.HurtByTargetGoal
[07Jan2026 20:58:41.583] [main/DEBUG] [mixin/]: Mixing accessor.TargetGoalAccessor from tombstone.mixins.json into net.minecraft.world.entity.ai.goal.target.TargetGoal
[07Jan2026 20:58:41.598] [main/DEBUG] [mixin/]: Mixing boat.BoatMixin from securitycraft.mixins.json into net.minecraft.world.entity.vehicle.Boat
[07Jan2026 20:58:41.620] [main/DEBUG] [mixin/]: Mixing CatMixin from fossil_common.mixins.json into net.minecraft.world.entity.animal.Cat
[07Jan2026 20:58:41.637] [main/DEBUG] [net.minecraftforge.coremod.transformer.CoreModBaseTransformer/COREMOD]: Transforming net/minecraft/world/entity/monster/Spider
[07Jan2026 20:58:41.689] [main/DEBUG] [mixin/]: Mixing CreeperEntityMixin from graveyard-common.mixins.json into net.minecraft.world.entity.monster.Creeper
[07Jan2026 20:58:41.715] [main/DEBUG] [net.minecraftforge.coremod.transformer.CoreModBaseTransformer/COREMOD]: Transforming net/minecraft/world/entity/monster/Zombie
[07Jan2026 20:58:41.798] [main/DEBUG] [net.minecraftforge.coremod.transformer.CoreModBaseTransformer/COREMOD]: Transforming net/minecraft/world/entity/monster/ZombieVillager
[07Jan2026 20:58:41.870] [main/DEBUG] [mixin/]: Mixing ThrowableProjectileMixin from tombstone.mixins.json into net.minecraft.world.entity.projectile.ThrowableProjectile
[07Jan2026 20:58:41.901] [main/DEBUG] [net.minecraftforge.coremod.transformer.CoreModBaseTransformer/COREMOD]: Transforming net/minecraft/world/entity/monster/Evoker$EvokerSummonSpellGoal
[07Jan2026 20:58:41.950] [main/DEBUG] [net.minecraftforge.coremod.transformer.CoreModBaseTransformer/COREMOD]: Transforming m_218868_ with desc ()Ljava/util/OptionalInt;
[07Jan2026 20:58:41.988] [main/DEBUG] [mixin/]: Mixing OcelotMixin from fossil_common.mixins.json into net.minecraft.world.entity.animal.Ocelot
[07Jan2026 20:58:42.039] [main/DEBUG] [net.minecraftforge.coremod.transformer.CoreModBaseTransformer/COREMOD]: Transforming net/minecraft/world/entity/animal/horse/SkeletonTrapGoal
[07Jan2026 20:58:42.067] [main/DEBUG] [net.minecraftforge.coremod.transformer.CoreModBaseTransformer/COREMOD]: Transforming net/minecraft/world/entity/monster/Strider
[07Jan2026 20:58:42.134] [main/DEBUG] [mixin/]: Mixing SyncedEntityDataMixin from fossil_common.mixins.json into net.minecraft.network.syncher.SynchedEntityData
[07Jan2026 20:58:42.164] [main/DEBUG] [mixin/]: Mixing perf.ticking_chunk_alloc.ChunkAccessMixin from modernfix-common.mixins.json into net.minecraft.world.level.chunk.ChunkAccess
[07Jan2026 20:58:42.187] [main/DEBUG] [net.minecraftforge.coremod.transformer.CoreModBaseTransformer/COREMOD]: Transforming net/minecraft/world/entity/npc/Villager
[07Jan2026 20:58:42.307] [main/DEBUG] [mixin/]: Mixing VillagerEntityMixin from graveyard-common.mixins.json into net.minecraft.world.entity.npc.Villager
[07Jan2026 20:58:42.309] [main/DEBUG] [mixin/]: Mixing item.wearable.villagerhat.VillagerMixin from mixins.artifacts.common.json into net.minecraft.world.entity.npc.Villager
[07Jan2026 20:58:42.309] [main/DEBUG] [mixin/]: Mixing accessor.VillagerAccessor from tombstone.mixins.json into net.minecraft.world.entity.npc.Villager
[07Jan2026 20:58:42.327] [main/DEBUG] [mixin/]: Mixing WanderingTraderEntityMixin from graveyard-common.mixins.json into net.minecraft.world.entity.npc.WanderingTrader
[07Jan2026 20:58:42.353] [main/DEBUG] [mixin/]: Mixing perf.faster_ingredients.IngredientMixin from modernfix-forge.mixins.json into net.minecraft.world.item.crafting.Ingredient
[07Jan2026 20:58:42.354] [main/DEBUG] [mixin/]: Renaming synthetic method lambda$computeItemsArray$1(I)[Lnet/minecraft/world/item/ItemStack; to md227283$lambda$computeItemsArray$1$0 in modernfix-forge.mixins.json:perf.faster_ingredients.IngredientMixin
[07Jan2026 20:58:42.354] [main/DEBUG] [mixin/]: Renaming synthetic method lambda$modernfix$fasterTagIngredientStacking$0(Lnet/minecraft/core/Holder;)I to md227283$lambda$modernfix$fasterTagIngredientStacking$0$1 in modernfix-forge.mixins.json:perf.faster_ingredients.IngredientMixin
[07Jan2026 20:58:42.366] [main/DEBUG] [mixin/]: Mixing common.access.item.AccessIngredient from crafttweaker.mixins.json into net.minecraft.world.item.crafting.Ingredient
[07Jan2026 20:58:42.367] [main/DEBUG] [mixin/]: Renaming @Invoker method crafttweaker$callFromValues(Ljava/util/stream/Stream;)Lnet/minecraft/world/item/crafting/Ingredient; to crafttweaker$callFromValues_$md$227283$2 in crafttweaker.mixins.json:common.access.item.AccessIngredient
[07Jan2026 20:58:42.367] [main/DEBUG] [mixin/]: Mixing common.transform.item.MixinIngredient from crafttweaker.mixins.json into net.minecraft.world.item.crafting.Ingredient
[07Jan2026 20:58:42.380] [main/DEBUG] [mixin/]: Mixing inject.MixinFoodPropertiesBuilder from architectury-common.mixins.json into net.minecraft.world.food.FoodProperties$Builder
[07Jan2026 20:58:42.381] [main/DEBUG] [mixin/]: Mixing common.access.food.AccessFoodProperties from crafttweaker.mixins.json into net.minecraft.world.food.FoodProperties
[07Jan2026 20:58:42.381] [main/DEBUG] [mixin/]: Renaming @Invoker method crafttweaker$createFoodProperties(IFZZZLjava/util/List;)Lnet/minecraft/world/food/FoodProperties; to crafttweaker$createFoodProperties_$md$227283$0 in crafttweaker.mixins.json:common.access.food.AccessFoodProperties
[07Jan2026 20:58:42.381] [main/DEBUG] [mixin/]: Mixing common.access.food.AccessFoodPropertiesForge from crafttweaker.forge.mixins.json into net.minecraft.world.food.FoodProperties
[07Jan2026 20:58:42.384] [main/DEBUG] [net.minecraftforge.coremod.transformer.CoreModBaseTransformer/COREMOD]: Transforming net/minecraft/world/effect/MobEffectInstance
[07Jan2026 20:58:42.417] [main/DEBUG] [mixin/]: Mixing ServerPlayNetworkHandlerMixin from graveyard-common.mixins.json into net.minecraft.server.network.ServerGamePacketListenerImpl
[07Jan2026 20:58:42.419] [main/DEBUG] [mixin/]: Mixing bugfix.forge_vehicle_packets.ServerGamePacketListenerImplMixin from modernfix-forge.mixins.json into net.minecraft.server.network.ServerGamePacketListenerImpl
[07Jan2026 20:58:42.421] [main/DEBUG] [mixin/]: Mixing item.umbrella.server.ServerGamePacketListenerImplMixin from mixins.artifacts.common.json into net.minecraft.server.network.ServerGamePacketListenerImpl
[07Jan2026 20:58:42.421] [main/DEBUG] [mixin/]: Mixing passcode.ServerGamePacketListenerImplMixin from securitycraft.mixins.json into net.minecraft.server.network.ServerGamePacketListenerImpl
[07Jan2026 20:58:42.422] [main/DEBUG] [mixin/]: Mixing swimming.server.ServerGamePacketListenerImplMixin from expandability-common.mixins.json into net.minecraft.server.network.ServerGamePacketListenerImpl
[07Jan2026 20:58:42.446] [main/DEBUG] [mixin/]: Mixing common.access.brewing.AccessPotionBrewing from crafttweaker.forge.mixins.json into net.minecraft.world.item.alchemy.PotionBrewing
[07Jan2026 20:58:42.446] [main/DEBUG] [mixin/]: Renaming @Accessor method crafttweaker$getPOTION_MIXES()Ljava/util/List; to crafttweaker$getPOTION_MIXES_$md$227283$0 in crafttweaker.forge.mixins.json:common.access.brewing.AccessPotionBrewing
[07Jan2026 20:58:42.446] [main/DEBUG] [mixin/]: Renaming @Accessor method crafttweaker$getCONTAINER_MIXES()Ljava/util/List; to crafttweaker$getCONTAINER_MIXES_$md$227283$1 in crafttweaker.forge.mixins.json:common.access.brewing.AccessPotionBrewing
[07Jan2026 20:58:42.446] [main/DEBUG] [mixin/]: Renaming @Invoker method crafttweaker$callAddMix(Lnet/minecraft/world/item/alchemy/Potion;Lnet/minecraft/world/item/Item;Lnet/minecraft/world/item/alchemy/Potion;)V to crafttweaker$callAddMix_$md$227283$2 in crafttweaker.forge.mixins.json:common.access.brewing.AccessPotionBrewing
[07Jan2026 20:58:42.446] [main/DEBUG] [mixin/]: Mixing accessor.PotionBrewingForgeAccessor from puzzleslib.forge.mixins.json into net.minecraft.world.item.alchemy.PotionBrewing
[07Jan2026 20:58:42.447] [main/DEBUG] [mixin/]: Renaming @Accessor method puzzleslib$getPotionMixes()Ljava/util/List; to puzzleslib$getPotionMixes_$md$227283$3 in puzzleslib.forge.mixins.json:accessor.PotionBrewingForgeAccessor
[07Jan2026 20:58:42.447] [main/DEBUG] [mixin/]: Renaming @Accessor method puzzleslib$getContainerMixes()Ljava/util/List; to puzzleslib$getContainerMixes_$md$227283$4 in puzzleslib.forge.mixins.json:accessor.PotionBrewingForgeAccessor
[07Jan2026 20:58:42.447] [main/DEBUG] [mixin/]: Renaming @Accessor method puzzleslib$getAllowedContainers()Ljava/util/List; to puzzleslib$getAllowedContainers_$md$227283$5 in puzzleslib.forge.mixins.json:accessor.PotionBrewingForgeAccessor
[07Jan2026 20:58:42.524] [main/DEBUG] [mixin/]: Mixing potion.BrewingStandMenuMixin from securitycraft.mixins.json into net.minecraft.world.inventory.BrewingStandMenu
[07Jan2026 20:58:42.558] [main/DEBUG] [mixin/]: Mixing perf.dynamic_structure_manager.StructureManagerMixin from modernfix-common.mixins.json into net.minecraft.world.level.levelgen.structure.templatesystem.StructureTemplateManager
[07Jan2026 20:58:42.560] [main/DEBUG] [mixin/]: Mixing perf.cache_upgraded_structures.StructureManagerMixin from modernfix-common.mixins.json into net.minecraft.world.level.levelgen.structure.templatesystem.StructureTemplateManager
[07Jan2026 20:58:42.570] [main/DEBUG] [mixin/]: Mixing ChunkGeneratorMixin from citadel.mixins.json into net.minecraft.world.level.chunk.ChunkGenerator
[07Jan2026 20:58:42.604] [main/DEBUG] [mixin/]: Mixing MixinInventory from curios.mixins.json into net.minecraft.world.entity.player.Inventory
[07Jan2026 20:58:42.611] [main/DEBUG] [mixin/]: Mixing accessor.SimpleContainerAccessor from puzzleslib.common.mixins.json into net.minecraft.world.SimpleContainer
[07Jan2026 20:58:42.613] [main/DEBUG] [mixin/]: Mixing SlotAccessor from balm.mixins.json into net.minecraft.world.inventory.Slot
[07Jan2026 20:58:42.635] [main/DEBUG] [mixin/]: Mixing accessor.ShapedRecipeAccessor from tombstone.mixins.json into net.minecraft.world.item.crafting.ShapedRecipe
[07Jan2026 20:58:42.703] [main/DEBUG] [mixin/]: Mixing common.access.loot.AccessLootContext from crafttweaker.mixins.json into net.minecraft.world.level.storage.loot.LootContext
[07Jan2026 20:58:42.718] [main/DEBUG] [mixin/]: Mixing MixinApplyBonusCount from curios.mixins.json into net.minecraft.world.level.storage.loot.functions.ApplyBonusCount
[07Jan2026 20:58:42.802] [main/DEBUG] [mixin/]: Mixing TreeFeatureMixin from graveyard-common.mixins.json into net.minecraft.world.level.levelgen.feature.TreeFeature
[07Jan2026 20:58:42.815] [main/DEBUG] [mixin/]: Mixing LakeFeatureMixin from graveyard-common.mixins.json into net.minecraft.world.level.levelgen.feature.LakeFeature
[07Jan2026 20:58:42.817] [main/DEBUG] [net.minecraftforge.coremod.transformer.CoreModBaseTransformer/COREMOD]: Transforming m_226857_ with desc (Lnet/minecraft/world/level/levelgen/structure/pieces/StructurePieceSerializationContext;Lnet/minecraft/nbt/CompoundTag;J)Lnet/minecraft/world/level/levelgen/structure/StructureStart;
[07Jan2026 20:58:42.822] [main/DEBUG] [net.minecraftforge.coremod.transformer.CoreModBaseTransformer/COREMOD]: Transforming net/minecraft/world/level/levelgen/structure/Structure
[07Jan2026 20:58:42.921] [main/DEBUG] [net.minecraftforge.coremod.transformer.CoreModBaseTransformer/COREMOD]: Transforming net/minecraft/world/level/levelgen/structure/Structure
[07Jan2026 20:58:42.953] [main/DEBUG] [net.minecraftforge.coremod.transformer.CoreModBaseTransformer/COREMOD]: Transforming net/minecraft/world/level/levelgen/structure/structures/OceanRuinPieces$OceanRuinPiece
[07Jan2026 20:58:42.965] [main/DEBUG] [net.minecraftforge.coremod.transformer.CoreModBaseTransformer/COREMOD]: Transforming net/minecraft/world/level/levelgen/structure/structures/SwampHutPiece
[07Jan2026 20:58:42.976] [main/DEBUG] [net.minecraftforge.coremod.transformer.CoreModBaseTransformer/COREMOD]: Transforming net/minecraft/world/level/levelgen/structure/structures/OceanMonumentPieces$OceanMonumentPiece
[07Jan2026 20:58:42.992] [main/DEBUG] [net.minecraftforge.coremod.transformer.CoreModBaseTransformer/COREMOD]: Transforming net/minecraft/world/level/levelgen/structure/structures/WoodlandMansionPieces$WoodlandMansionPiece
[07Jan2026 20:58:43.015] [main/DEBUG] [mixin/]: Mixing JigsawStructureMixin from fossil_common.mixins.json into net.minecraft.world.level.levelgen.structure.structures.JigsawStructure
[07Jan2026 20:58:43.019] [main/DEBUG] [mixin/]: Mixing StructureTemplatePoolAccessor from waystones.mixins.json into net.minecraft.world.level.levelgen.structure.pools.StructureTemplatePool
[07Jan2026 20:58:43.082] [main/DEBUG] [mixin/]: Mixing MixinBiomeSource from terrablender.mixins.json into net.minecraft.world.level.biome.BiomeSource
[07Jan2026 20:58:43.082] [main/DEBUG] [mixin/]: Renaming synthetic method lambda$appendDeferredBiomesList$0(Lcom/google/common/collect/ImmutableList;)Ljava/util/Set; to md227283$lambda$appendDeferredBiomesList$0$0 in terrablender.mixins.json:MixinBiomeSource
[07Jan2026 20:58:43.088] [main/DEBUG] [net.minecraftforge.coremod.transformer.CoreModBaseTransformer/COREMOD]: Transforming net/minecraft/world/level/biome/Biome
[07Jan2026 20:58:43.088] [main/DEBUG] [mixin/]: Mixing perf.remove_biome_temperature_cache.BiomeMixin from modernfix-common.mixins.json into net.minecraft.world.level.biome.Biome
[07Jan2026 20:58:43.088] [main/WARN] [mixin/]: Static binding violation: PRIVATE @Overwrite method m_47505_ in modernfix-common.mixins.json:perf.remove_biome_temperature_cache.BiomeMixin cannot reduce visibiliy of PUBLIC target method, visibility will be upgraded.
[07Jan2026 20:58:43.110] [main/DEBUG] [mixin/]: Mixing accessor.MobSpawnSettingsBuilderForgeAccessor from puzzleslib.forge.mixins.json into net.minecraft.world.level.biome.MobSpawnSettings$Builder
[07Jan2026 20:58:43.119] [main/DEBUG] [mixin/]: Mixing MixinMultiNoiseBiomeSource from terrablender.mixins.json into net.minecraft.world.level.biome.MultiNoiseBiomeSource
[07Jan2026 20:58:43.121] [main/DEBUG] [mixin/]: Mixing MixinParameterList from terrablender.mixins.json into net.minecraft.world.level.biome.Climate$ParameterList
[07Jan2026 20:58:43.121] [main/DEBUG] [mixin/]: Renaming synthetic method lambda$initializeForTerraBlender$0(Lnet/minecraft/core/Registry;Lcom/google/common/collect/ImmutableList$Builder;Lcom/mojang/datafixers/util/Pair;)V to md227283$lambda$initializeForTerraBlender$0$0 in terrablender.mixins.json:MixinParameterList
[07Jan2026 20:58:43.142] [main/DEBUG] [mixin/]: Mixing NoiseGeneratorSettingsMixin from citadel.mixins.json into net.minecraft.world.level.levelgen.NoiseGeneratorSettings
[07Jan2026 20:58:43.143] [main/DEBUG] [mixin/]: Mixing MixinNoiseGeneratorSettings from terrablender.mixins.json into net.minecraft.world.level.levelgen.NoiseGeneratorSettings
[07Jan2026 20:58:43.213] [main/DEBUG] [mixin/]: Mixing SinglePoolElementMixin from waystones.mixins.json into net.minecraft.world.level.levelgen.structure.pools.SinglePoolElement
[07Jan2026 20:58:43.214] [main/DEBUG] [mixin/]: Renaming synthetic method lambda$waystones$isWaystone$1(Lnet/minecraft/world/level/levelgen/structure/templatesystem/StructureTemplate;)V to md227283$lambda$waystones$isWaystone$1$0 in waystones.mixins.json:SinglePoolElementMixin
[07Jan2026 20:58:43.214] [main/DEBUG] [mixin/]: Renaming synthetic method lambda$waystones$isWaystone$0(Lnet/minecraft/resources/ResourceLocation;)V to md227283$lambda$waystones$isWaystone$0$1 in waystones.mixins.json:SinglePoolElementMixin
[07Jan2026 20:58:43.302] [main/DEBUG] [net.minecraftforge.common.ForgeI18n/CORE]: Loading I18N data entries: 6430
[07Jan2026 20:58:43.315] [main/DEBUG] [net.minecraftforge.fml.ModWorkManager/LOADING]: Using 4 threads for parallel mod-loading
[07Jan2026 20:58:43.319] [main/DEBUG] [net.minecraftforge.fml.javafmlmod.FMLJavaModLanguageProvider/LOADING]: Loading FMLModContainer from classloader cpw.mods.modlauncher.TransformingClassLoader@250d440 - got cpw.mods.cl.ModuleClassLoader@4e628b52
[07Jan2026 20:58:43.320] [main/DEBUG] [net.minecraftforge.fml.javafmlmod.FMLModContainer/LOADING]: Creating FMLModContainer instance for com.becks.uniquedungeons.UniqueDungeons
[07Jan2026 20:58:43.322] [main/DEBUG] [net.minecraftforge.fml.javafmlmod.FMLJavaModLanguageProvider/LOADING]: Loading FMLModContainer from classloader cpw.mods.modlauncher.TransformingClassLoader@250d440 - got cpw.mods.cl.ModuleClassLoader@4e628b52
[07Jan2026 20:58:43.322] [main/DEBUG] [net.minecraftforge.fml.javafmlmod.FMLModContainer/LOADING]: Creating FMLModContainer instance for ht.treechop.TreeChopForge
[07Jan2026 20:58:43.323] [main/DEBUG] [net.minecraftforge.fml.javafmlmod.FMLJavaModLanguageProvider/LOADING]: Loading FMLModContainer from classloader cpw.mods.modlauncher.TransformingClassLoader@250d440 - got cpw.mods.cl.ModuleClassLoader@4e628b52
[07Jan2026 20:58:43.323] [main/DEBUG] [net.minecraftforge.fml.javafmlmod.FMLModContainer/LOADING]: Creating FMLModContainer instance for net.blay09.mods.kuma.forge.ForgeKumaAPI
[07Jan2026 20:58:43.323] [main/DEBUG] [net.minecraftforge.fml.javafmlmod.FMLJavaModLanguageProvider/LOADING]: Loading FMLModContainer from classloader cpw.mods.modlauncher.TransformingClassLoader@250d440 - got cpw.mods.cl.ModuleClassLoader@4e628b52
[07Jan2026 20:58:43.323] [main/DEBUG] [net.minecraftforge.fml.javafmlmod.FMLModContainer/LOADING]: Creating FMLModContainer instance for software.bernie.example.GeckoLibMod
[07Jan2026 20:58:43.324] [main/DEBUG] [net.minecraftforge.fml.javafmlmod.FMLJavaModLanguageProvider/LOADING]: Loading FMLModContainer from classloader cpw.mods.modlauncher.TransformingClassLoader@250d440 - got cpw.mods.cl.ModuleClassLoader@4e628b52
[07Jan2026 20:58:43.324] [main/DEBUG] [net.minecraftforge.fml.javafmlmod.FMLModContainer/LOADING]: Creating FMLModContainer instance for mezz.jei.forge.JustEnoughItems
[07Jan2026 20:58:43.324] [main/DEBUG] [net.minecraftforge.fml.javafmlmod.FMLJavaModLanguageProvider/LOADING]: Loading FMLModContainer from classloader cpw.mods.modlauncher.TransformingClassLoader@250d440 - got cpw.mods.cl.ModuleClassLoader@4e628b52
[07Jan2026 20:58:43.324] [main/DEBUG] [net.minecraftforge.fml.javafmlmod.FMLModContainer/LOADING]: Creating FMLModContainer instance for com.lion.graveyard.forge.GraveyardForge
[07Jan2026 20:58:43.325] [main/DEBUG] [net.minecraftforge.fml.javafmlmod.FMLJavaModLanguageProvider/LOADING]: Loading FMLModContainer from classloader cpw.mods.modlauncher.TransformingClassLoader@250d440 - got cpw.mods.cl.ModuleClassLoader@4e628b52
[07Jan2026 20:58:43.325] [main/DEBUG] [net.minecraftforge.fml.javafmlmod.FMLModContainer/LOADING]: Creating FMLModContainer instance for uppers.Uppers
[07Jan2026 20:58:43.325] [main/DEBUG] [net.minecraftforge.fml.javafmlmod.FMLJavaModLanguageProvider/LOADING]: Loading FMLModContainer from classloader cpw.mods.modlauncher.TransformingClassLoader@250d440 - got cpw.mods.cl.ModuleClassLoader@4e628b52
[07Jan2026 20:58:43.325] [main/DEBUG] [net.minecraftforge.fml.javafmlmod.FMLModContainer/LOADING]: Creating FMLModContainer instance for de.maxhenkel.reap.Main
[07Jan2026 20:58:43.326] [main/DEBUG] [net.minecraftforge.fml.javafmlmod.FMLJavaModLanguageProvider/LOADING]: Loading FMLModContainer from classloader cpw.mods.modlauncher.TransformingClassLoader@250d440 - got cpw.mods.cl.ModuleClassLoader@4e628b52
[07Jan2026 20:58:43.326] [main/DEBUG] [net.minecraftforge.fml.javafmlmod.FMLModContainer/LOADING]: Creating FMLModContainer instance for net.blay09.mods.waystones.ForgeWaystones
[07Jan2026 20:58:43.326] [main/DEBUG] [net.minecraftforge.fml.javafmlmod.FMLJavaModLanguageProvider/LOADING]: Loading FMLModContainer from classloader cpw.mods.modlauncher.TransformingClassLoader@250d440 - got cpw.mods.cl.ModuleClassLoader@4e628b52
[07Jan2026 20:58:43.326] [main/DEBUG] [net.minecraftforge.fml.javafmlmod.FMLModContainer/LOADING]: Creating FMLModContainer instance for com.blamejared.clumps.Clumps
[07Jan2026 20:58:43.326] [main/DEBUG] [net.minecraftforge.fml.javafmlmod.FMLJavaModLanguageProvider/LOADING]: Loading FMLModContainer from classloader cpw.mods.modlauncher.TransformingClassLoader@250d440 - got cpw.mods.cl.ModuleClassLoader@4e628b52
[07Jan2026 20:58:43.327] [main/DEBUG] [net.minecraftforge.fml.javafmlmod.FMLModContainer/LOADING]: Creating FMLModContainer instance for xaero.map.WorldMapForge
[07Jan2026 20:58:43.328] [main/DEBUG] [net.minecraftforge.fml.javafmlmod.FMLJavaModLanguageProvider/LOADING]: Loading FMLModContainer from classloader cpw.mods.modlauncher.TransformingClassLoader@250d440 - got cpw.mods.cl.ModuleClassLoader@4e628b52
[07Jan2026 20:58:43.328] [main/DEBUG] [net.minecraftforge.fml.javafmlmod.FMLModContainer/LOADING]: Creating FMLModContainer instance for org.embeddedt.modernfix.forge.init.ModernFixForge
[07Jan2026 20:58:43.328] [main/DEBUG] [net.minecraftforge.fml.javafmlmod.FMLJavaModLanguageProvider/LOADING]: Loading FMLModContainer from classloader cpw.mods.modlauncher.TransformingClassLoader@250d440 - got cpw.mods.cl.ModuleClassLoader@4e628b52
[07Jan2026 20:58:43.329] [main/DEBUG] [net.minecraftforge.fml.javafmlmod.FMLModContainer/LOADING]: Creating FMLModContainer instance for com.github.alexthe666.citadel.Citadel
[07Jan2026 20:58:43.329] [main/DEBUG] [net.minecraftforge.fml.javafmlmod.FMLJavaModLanguageProvider/LOADING]: Loading FMLModContainer from classloader cpw.mods.modlauncher.TransformingClassLoader@250d440 - got cpw.mods.cl.ModuleClassLoader@4e628b52
[07Jan2026 20:58:43.329] [main/DEBUG] [net.minecraftforge.fml.javafmlmod.FMLModContainer/LOADING]: Creating FMLModContainer instance for com.github.alexthe666.alexsmobs.AlexsMobs
[07Jan2026 20:58:43.330] [main/DEBUG] [net.minecraftforge.fml.javafmlmod.FMLJavaModLanguageProvider/LOADING]: Loading FMLModContainer from classloader cpw.mods.modlauncher.TransformingClassLoader@250d440 - got cpw.mods.cl.ModuleClassLoader@4e628b52
[07Jan2026 20:58:43.330] [main/DEBUG] [net.minecraftforge.fml.javafmlmod.FMLModContainer/LOADING]: Creating FMLModContainer instance for com.tiviacz.travelersbackpack.TravelersBackpack
[07Jan2026 20:58:43.331] [main/DEBUG] [net.minecraftforge.fml.javafmlmod.FMLJavaModLanguageProvider/LOADING]: Loading FMLModContainer from classloader cpw.mods.modlauncher.TransformingClassLoader@250d440 - got cpw.mods.cl.ModuleClassLoader@4e628b52
[07Jan2026 20:58:43.331] [main/DEBUG] [net.minecraftforge.fml.javafmlmod.FMLModContainer/LOADING]: Creating FMLModContainer instance for artifacts.forge.ArtifactsForge
[07Jan2026 20:58:43.332] [main/DEBUG] [net.minecraftforge.fml.javafmlmod.FMLJavaModLanguageProvider/LOADING]: Loading FMLModContainer from classloader cpw.mods.modlauncher.TransformingClassLoader@250d440 - got cpw.mods.cl.ModuleClassLoader@4e628b52
[07Jan2026 20:58:43.332] [main/DEBUG] [net.minecraftforge.fml.javafmlmod.FMLModContainer/LOADING]: Creating FMLModContainer instance for com.llamalad7.mixinextras.platform.forge.MixinExtrasMod
[07Jan2026 20:58:43.332] [main/DEBUG] [net.minecraftforge.fml.javafmlmod.FMLJavaModLanguageProvider/LOADING]: Loading FMLModContainer from classloader cpw.mods.modlauncher.TransformingClassLoader@250d440 - got cpw.mods.cl.ModuleClassLoader@4e628b52
[07Jan2026 20:58:43.333] [main/DEBUG] [net.minecraftforge.fml.javafmlmod.FMLModContainer/LOADING]: Creating FMLModContainer instance for com.natamus.beautifiedchatserver.ModForge
[07Jan2026 20:58:43.333] [main/DEBUG] [net.minecraftforge.fml.javafmlmod.FMLJavaModLanguageProvider/LOADING]: Loading FMLModContainer from classloader cpw.mods.modlauncher.TransformingClassLoader@250d440 - got cpw.mods.cl.ModuleClassLoader@4e628b52
[07Jan2026 20:58:43.333] [main/DEBUG] [net.minecraftforge.fml.javafmlmod.FMLModContainer/LOADING]: Creating FMLModContainer instance for fuzs.pickupnotifier.PickUpNotifierForge
[07Jan2026 20:58:43.333] [main/DEBUG] [net.minecraftforge.fml.javafmlmod.FMLJavaModLanguageProvider/LOADING]: Loading FMLModContainer from classloader cpw.mods.modlauncher.TransformingClassLoader@250d440 - got cpw.mods.cl.ModuleClassLoader@4e628b52
[07Jan2026 20:58:43.333] [main/DEBUG] [net.minecraftforge.fml.javafmlmod.FMLModContainer/LOADING]: Creating FMLModContainer instance for com.github.darkpred.morehitboxes.ForgeMoreHitboxesMod
[07Jan2026 20:58:43.334] [main/DEBUG] [net.minecraftforge.fml.javafmlmod.FMLJavaModLanguageProvider/LOADING]: Loading FMLModContainer from classloader cpw.mods.modlauncher.TransformingClassLoader@250d440 - got cpw.mods.cl.ModuleClassLoader@4e628b52
[07Jan2026 20:58:43.334] [main/DEBUG] [net.minecraftforge.fml.javafmlmod.FMLModContainer/LOADING]: Creating FMLModContainer instance for net.blay09.mods.balm.forge.ForgeBalm
[07Jan2026 20:58:43.334] [main/DEBUG] [net.minecraftforge.fml.javafmlmod.FMLJavaModLanguageProvider/LOADING]: Loading FMLModContainer from classloader cpw.mods.modlauncher.TransformingClassLoader@250d440 - got cpw.mods.cl.ModuleClassLoader@4e628b52
[07Jan2026 20:58:43.334] [main/DEBUG] [net.minecraftforge.fml.javafmlmod.FMLModContainer/LOADING]: Creating FMLModContainer instance for com.becks.interaction_boxes.InteractionBoxes
[07Jan2026 20:58:43.335] [main/DEBUG] [net.minecraftforge.fml.javafmlmod.FMLJavaModLanguageProvider/LOADING]: Loading FMLModContainer from classloader cpw.mods.modlauncher.TransformingClassLoader@250d440 - got cpw.mods.cl.ModuleClassLoader@4e628b52
[07Jan2026 20:58:43.335] [main/DEBUG] [net.minecraftforge.fml.javafmlmod.FMLModContainer/LOADING]: Creating FMLModContainer instance for com.blamejared.crafttweaker.CraftTweakerForge
[07Jan2026 20:58:43.335] [main/DEBUG] [net.minecraftforge.fml.javafmlmod.FMLJavaModLanguageProvider/LOADING]: Loading FMLModContainer from classloader cpw.mods.modlauncher.TransformingClassLoader@250d440 - got cpw.mods.cl.ModuleClassLoader@4e628b52
[07Jan2026 20:58:43.335] [main/DEBUG] [net.minecraftforge.fml.javafmlmod.FMLModContainer/LOADING]: Creating FMLModContainer instance for fuzs.puzzlesaccessapi.forge.PuzzlesAccessApiForge
[07Jan2026 20:58:43.335] [main/DEBUG] [net.minecraftforge.fml.javafmlmod.FMLJavaModLanguageProvider/LOADING]: Loading FMLModContainer from classloader cpw.mods.modlauncher.TransformingClassLoader@250d440 - got cpw.mods.cl.ModuleClassLoader@4e628b52
[07Jan2026 20:58:43.336] [main/DEBUG] [net.minecraftforge.fml.javafmlmod.FMLModContainer/LOADING]: Creating FMLModContainer instance for me.shedaniel.clothconfig.ClothConfigForge
[07Jan2026 20:58:43.336] [main/DEBUG] [net.minecraftforge.fml.javafmlmod.FMLJavaModLanguageProvider/LOADING]: Loading FMLModContainer from classloader cpw.mods.modlauncher.TransformingClassLoader@250d440 - got cpw.mods.cl.ModuleClassLoader@4e628b52
[07Jan2026 20:58:43.336] [main/DEBUG] [net.minecraftforge.fml.javafmlmod.FMLModContainer/LOADING]: Creating FMLModContainer instance for net.minecraftforge.common.ForgeMod
[07Jan2026 20:58:43.338] [main/DEBUG] [net.minecraftforge.fml.javafmlmod.FMLJavaModLanguageProvider/LOADING]: Loading FMLModContainer from classloader cpw.mods.modlauncher.TransformingClassLoader@250d440 - got cpw.mods.cl.ModuleClassLoader@4e628b52
[07Jan2026 20:58:43.338] [main/DEBUG] [net.minecraftforge.fml.javafmlmod.FMLModContainer/LOADING]: Creating FMLModContainer instance for twilightforest.TwilightForestMod
[07Jan2026 20:58:43.339] [main/DEBUG] [net.minecraftforge.fml.javafmlmod.FMLJavaModLanguageProvider/LOADING]: Loading FMLModContainer from classloader cpw.mods.modlauncher.TransformingClassLoader@250d440 - got cpw.mods.cl.ModuleClassLoader@4e628b52
[07Jan2026 20:58:43.339] [main/DEBUG] [net.minecraftforge.fml.javafmlmod.FMLModContainer/LOADING]: Creating FMLModContainer instance for org.tlauncher.forge.ForgeMod
[07Jan2026 20:58:43.339] [main/DEBUG] [net.minecraftforge.fml.javafmlmod.FMLJavaModLanguageProvider/LOADING]: Loading FMLModContainer from classloader cpw.mods.modlauncher.TransformingClassLoader@250d440 - got cpw.mods.cl.ModuleClassLoader@4e628b52
[07Jan2026 20:58:43.339] [main/DEBUG] [net.minecraftforge.fml.javafmlmod.FMLModContainer/LOADING]: Creating FMLModContainer instance for me.jellysquid.mods.sodium.client.SodiumClientMod
[07Jan2026 20:58:43.340] [main/DEBUG] [net.minecraftforge.fml.javafmlmod.FMLJavaModLanguageProvider/LOADING]: Loading FMLModContainer from classloader cpw.mods.modlauncher.TransformingClassLoader@250d440 - got cpw.mods.cl.ModuleClassLoader@4e628b52
[07Jan2026 20:58:43.340] [main/DEBUG] [net.minecraftforge.fml.javafmlmod.FMLModContainer/LOADING]: Creating FMLModContainer instance for me.jellysquid.mods.sodium.client.RubidiumStub
[07Jan2026 20:58:43.340] [main/DEBUG] [net.minecraftforge.fml.javafmlmod.FMLJavaModLanguageProvider/LOADING]: Loading FMLModContainer from classloader cpw.mods.modlauncher.TransformingClassLoader@250d440 - got cpw.mods.cl.ModuleClassLoader@4e628b52
[07Jan2026 20:58:43.340] [main/DEBUG] [net.minecraftforge.fml.javafmlmod.FMLModContainer/LOADING]: Creating FMLModContainer instance for com.vladmarica.betterpingdisplay.BetterPingDisplayMod
[07Jan2026 20:58:43.341] [main/DEBUG] [net.minecraftforge.fml.javafmlmod.FMLJavaModLanguageProvider/LOADING]: Loading FMLModContainer from classloader cpw.mods.modlauncher.TransformingClassLoader@250d440 - got cpw.mods.cl.ModuleClassLoader@4e628b52
[07Jan2026 20:58:43.341] [main/DEBUG] [net.minecraftforge.fml.javafmlmod.FMLModContainer/LOADING]: Creating FMLModContainer instance for slimeknights.tconstruct.TConstruct
[07Jan2026 20:58:43.342] [main/DEBUG] [net.minecraftforge.fml.javafmlmod.FMLJavaModLanguageProvider/LOADING]: Loading FMLModContainer from classloader cpw.mods.modlauncher.TransformingClassLoader@250d440 - got cpw.mods.cl.ModuleClassLoader@4e628b52
[07Jan2026 20:58:43.342] [main/DEBUG] [net.minecraftforge.fml.javafmlmod.FMLModContainer/LOADING]: Creating FMLModContainer instance for com.crimsoncrips.borninconfiguration.BornInConfiguration
[07Jan2026 20:58:43.343] [main/DEBUG] [net.minecraftforge.fml.javafmlmod.FMLJavaModLanguageProvider/LOADING]: Loading FMLModContainer from classloader cpw.mods.modlauncher.TransformingClassLoader@250d440 - got cpw.mods.cl.ModuleClassLoader@4e628b52
[07Jan2026 20:58:43.343] [main/DEBUG] [net.minecraftforge.fml.javafmlmod.FMLModContainer/LOADING]: Creating FMLModContainer instance for terrablender.core.TerraBlenderForge
[07Jan2026 20:58:43.343] [main/DEBUG] [net.minecraftforge.fml.javafmlmod.FMLJavaModLanguageProvider/LOADING]: Loading FMLModContainer from classloader cpw.mods.modlauncher.TransformingClassLoader@250d440 - got cpw.mods.cl.ModuleClassLoader@4e628b52
[07Jan2026 20:58:43.343] [main/DEBUG] [net.minecraftforge.fml.javafmlmod.FMLModContainer/LOADING]: Creating FMLModContainer instance for yalter.mousetweaks.forge.MouseTweaksForge
[07Jan2026 20:58:43.344] [main/DEBUG] [net.minecraftforge.fml.javafmlmod.FMLJavaModLanguageProvider/LOADING]: Loading FMLModContainer from classloader cpw.mods.modlauncher.TransformingClassLoader@250d440 - got cpw.mods.cl.ModuleClassLoader@4e628b52
[07Jan2026 20:58:43.344] [main/DEBUG] [net.minecraftforge.fml.javafmlmod.FMLModContainer/LOADING]: Creating FMLModContainer instance for snownee.jade.util.CommonProxy
[07Jan2026 20:58:43.345] [main/DEBUG] [net.minecraftforge.fml.javafmlmod.FMLJavaModLanguageProvider/LOADING]: Loading FMLModContainer from classloader cpw.mods.modlauncher.TransformingClassLoader@250d440 - got cpw.mods.cl.ModuleClassLoader@4e628b52
[07Jan2026 20:58:43.345] [main/DEBUG] [net.minecraftforge.fml.javafmlmod.FMLModContainer/LOADING]: Creating FMLModContainer instance for com.becks.tbsfbsp.TBSfBSP
[07Jan2026 20:58:43.345] [main/DEBUG] [net.minecraftforge.fml.javafmlmod.FMLJavaModLanguageProvider/LOADING]: Loading FMLModContainer from classloader cpw.mods.modlauncher.TransformingClassLoader@250d440 - got cpw.mods.cl.ModuleClassLoader@4e628b52
[07Jan2026 20:58:43.346] [main/DEBUG] [net.minecraftforge.fml.javafmlmod.FMLModContainer/LOADING]: Creating FMLModContainer instance for team.creative.creativecore.CreativeCore
[07Jan2026 20:58:43.346] [main/DEBUG] [net.minecraftforge.fml.javafmlmod.FMLJavaModLanguageProvider/LOADING]: Loading FMLModContainer from classloader cpw.mods.modlauncher.TransformingClassLoader@250d440 - got cpw.mods.cl.ModuleClassLoader@4e628b52
[07Jan2026 20:58:43.346] [main/DEBUG] [net.minecraftforge.fml.javafmlmod.FMLModContainer/LOADING]: Creating FMLModContainer instance for org.popcraft.chunky.ChunkyForge
[07Jan2026 20:58:43.347] [main/DEBUG] [net.minecraftforge.fml.javafmlmod.FMLJavaModLanguageProvider/LOADING]: Loading FMLModContainer from classloader cpw.mods.modlauncher.TransformingClassLoader@250d440 - got cpw.mods.cl.ModuleClassLoader@4e628b52
[07Jan2026 20:58:43.347] [main/DEBUG] [net.minecraftforge.fml.javafmlmod.FMLModContainer/LOADING]: Creating FMLModContainer instance for net.mcreator.borninchaosv.BornInChaosV1Mod
[07Jan2026 20:58:43.347] [main/DEBUG] [net.minecraftforge.fml.javafmlmod.FMLJavaModLanguageProvider/LOADING]: Loading FMLModContainer from classloader cpw.mods.modlauncher.TransformingClassLoader@250d440 - got cpw.mods.cl.ModuleClassLoader@4e628b52
[07Jan2026 20:58:43.347] [main/DEBUG] [net.minecraftforge.fml.javafmlmod.FMLModContainer/LOADING]: Creating FMLModContainer instance for me.lucko.spark.forge.ForgeSparkMod
[07Jan2026 20:58:43.349] [main/DEBUG] [thedarkcolour.kotlinforforge.LoggerKt/LOADING]: Loading KotlinModContainer from classloader cpw.mods.modlauncher.TransformingClassLoader@250d440 - got cpw.mods.cl.ModuleClassLoader@4e628b52}
[07Jan2026 20:58:43.349] [main/DEBUG] [thedarkcolour.kotlinforforge.LoggerKt/LOADING]: Creating KotlinModContainer instance for thedarkcolour.kotlinforforge.test.KotlinForForge
[07Jan2026 20:58:43.351] [main/DEBUG] [net.minecraftforge.fml.javafmlmod.FMLJavaModLanguageProvider/LOADING]: Loading FMLModContainer from classloader cpw.mods.modlauncher.TransformingClassLoader@250d440 - got cpw.mods.cl.ModuleClassLoader@4e628b52
[07Jan2026 20:58:43.351] [main/DEBUG] [net.minecraftforge.fml.javafmlmod.FMLModContainer/LOADING]: Creating FMLModContainer instance for top.theillusivec4.curios.Curios
[07Jan2026 20:58:43.351] [main/DEBUG] [net.minecraftforge.fml.javafmlmod.FMLJavaModLanguageProvider/LOADING]: Loading FMLModContainer from classloader cpw.mods.modlauncher.TransformingClassLoader@250d440 - got cpw.mods.cl.ModuleClassLoader@4e628b52
[07Jan2026 20:58:43.351] [main/DEBUG] [net.minecraftforge.fml.javafmlmod.FMLModContainer/LOADING]: Creating FMLModContainer instance for slimeknights.mantle.Mantle
[07Jan2026 20:58:43.352] [main/DEBUG] [net.minecraftforge.fml.javafmlmod.FMLJavaModLanguageProvider/LOADING]: Loading FMLModContainer from classloader cpw.mods.modlauncher.TransformingClassLoader@250d440 - got cpw.mods.cl.ModuleClassLoader@4e628b52
[07Jan2026 20:58:43.352] [main/DEBUG] [net.minecraftforge.fml.javafmlmod.FMLModContainer/LOADING]: Creating FMLModContainer instance for xaero.minimap.XaeroMinimapForge
[07Jan2026 20:58:43.354] [main/DEBUG] [net.minecraftforge.fml.javafmlmod.FMLJavaModLanguageProvider/LOADING]: Loading FMLModContainer from classloader cpw.mods.modlauncher.TransformingClassLoader@250d440 - got cpw.mods.cl.ModuleClassLoader@4e628b52
[07Jan2026 20:58:43.354] [main/DEBUG] [net.minecraftforge.fml.javafmlmod.FMLModContainer/LOADING]: Creating FMLModContainer instance for com.natamus.collective.CollectiveForge
[07Jan2026 20:58:43.354] [main/DEBUG] [net.minecraftforge.fml.javafmlmod.FMLJavaModLanguageProvider/LOADING]: Loading FMLModContainer from classloader cpw.mods.modlauncher.TransformingClassLoader@250d440 - got cpw.mods.cl.ModuleClassLoader@4e628b52
[07Jan2026 20:58:43.354] [main/DEBUG] [net.minecraftforge.fml.javafmlmod.FMLModContainer/LOADING]: Creating FMLModContainer instance for net.geforcemods.securitycraft.SecurityCraft
[07Jan2026 20:58:43.355] [main/DEBUG] [net.minecraftforge.fml.javafmlmod.FMLJavaModLanguageProvider/LOADING]: Loading FMLModContainer from classloader cpw.mods.modlauncher.TransformingClassLoader@250d440 - got cpw.mods.cl.ModuleClassLoader@4e628b52
[07Jan2026 20:58:43.355] [main/DEBUG] [net.minecraftforge.fml.javafmlmod.FMLModContainer/LOADING]: Creating FMLModContainer instance for ovh.corail.tombstone.ModTombstone
[07Jan2026 20:58:43.356] [main/DEBUG] [net.minecraftforge.fml.javafmlmod.FMLJavaModLanguageProvider/LOADING]: Loading FMLModContainer from classloader cpw.mods.modlauncher.TransformingClassLoader@250d440 - got cpw.mods.cl.ModuleClassLoader@4e628b52
[07Jan2026 20:58:43.356] [main/DEBUG] [net.minecraftforge.fml.javafmlmod.FMLModContainer/LOADING]: Creating FMLModContainer instance for dev.architectury.forge.ArchitecturyForge
[07Jan2026 20:58:43.356] [main/DEBUG] [net.minecraftforge.fml.javafmlmod.FMLJavaModLanguageProvider/LOADING]: Loading FMLModContainer from classloader cpw.mods.modlauncher.TransformingClassLoader@250d440 - got cpw.mods.cl.ModuleClassLoader@4e628b52
[07Jan2026 20:58:43.356] [main/DEBUG] [net.minecraftforge.fml.javafmlmod.FMLModContainer/LOADING]: Creating FMLModContainer instance for com.github.teamfossilsarcheology.fossil.forge.ForgeFossilMod
[07Jan2026 20:58:43.357] [main/DEBUG] [net.minecraftforge.fml.javafmlmod.FMLJavaModLanguageProvider/LOADING]: Loading FMLModContainer from classloader cpw.mods.modlauncher.TransformingClassLoader@250d440 - got cpw.mods.cl.ModuleClassLoader@4e628b52
[07Jan2026 20:58:43.357] [main/DEBUG] [net.minecraftforge.fml.javafmlmod.FMLModContainer/LOADING]: Creating FMLModContainer instance for malte0811.ferritecore.ModMainForge
[07Jan2026 20:58:43.357] [main/DEBUG] [net.minecraftforge.fml.javafmlmod.FMLJavaModLanguageProvider/LOADING]: Loading FMLModContainer from classloader cpw.mods.modlauncher.TransformingClassLoader@250d440 - got cpw.mods.cl.ModuleClassLoader@4e628b52
[07Jan2026 20:58:43.357] [main/DEBUG] [net.minecraftforge.fml.javafmlmod.FMLModContainer/LOADING]: Creating FMLModContainer instance for fuzs.puzzleslib.impl.PuzzlesLibForge
[07Jan2026 20:58:43.357] [main/DEBUG] [net.minecraftforge.fml.javafmlmod.FMLJavaModLanguageProvider/LOADING]: Loading FMLModContainer from classloader cpw.mods.modlauncher.TransformingClassLoader@250d440 - got cpw.mods.cl.ModuleClassLoader@4e628b52
[07Jan2026 20:58:43.357] [main/DEBUG] [net.minecraftforge.fml.javafmlmod.FMLModContainer/LOADING]: Creating FMLModContainer instance for observable.forge.ObservableForge
[07Jan2026 20:58:43.358] [main/DEBUG] [net.minecraftforge.fml.javafmlmod.FMLJavaModLanguageProvider/LOADING]: Loading FMLModContainer from classloader cpw.mods.modlauncher.TransformingClassLoader@250d440 - got cpw.mods.cl.ModuleClassLoader@4e628b52
[07Jan2026 20:58:43.358] [main/DEBUG] [net.minecraftforge.fml.javafmlmod.FMLModContainer/LOADING]: Creating FMLModContainer instance for be.florens.expandability.forge.ExpandAbilityForge
[07Jan2026 20:58:43.358] [main/DEBUG] [net.minecraftforge.fml.javafmlmod.FMLJavaModLanguageProvider/LOADING]: Loading FMLModContainer from classloader cpw.mods.modlauncher.TransformingClassLoader@250d440 - got cpw.mods.cl.ModuleClassLoader@4e628b52
[07Jan2026 20:58:43.358] [main/DEBUG] [net.minecraftforge.fml.javafmlmod.FMLModContainer/LOADING]: Creating FMLModContainer instance for fuzs.moblassos.MobLassosForge
[07Jan2026 20:58:43.359] [main/DEBUG] [net.minecraftforge.fml.javafmlmod.FMLJavaModLanguageProvider/LOADING]: Loading FMLModContainer from classloader cpw.mods.modlauncher.TransformingClassLoader@250d440 - got cpw.mods.cl.ModuleClassLoader@4e628b52
[07Jan2026 20:58:43.359] [main/DEBUG] [net.minecraftforge.fml.javafmlmod.FMLModContainer/LOADING]: Creating FMLModContainer instance for team.creative.playerrevive.PlayerRevive
[07Jan2026 20:58:43.449] [modloading-worker-0/DEBUG] [net.minecraftforge.fml.javafmlmod.AutomaticEventSubscriber/LOADING]: Attempting to inject @EventBusSubscriber classes into the eventbus for kuma_api
[07Jan2026 20:58:43.460] [modloading-worker-0/DEBUG] [mixin/]: Mixing perf.forge_registry_lambda.RegistryObjectMixin from modernfix-forge.mixins.json into net.minecraftforge.registries.RegistryObject
[07Jan2026 20:58:43.476] [modloading-worker-0/DEBUG] [net.minecraftforge.fml.javafmlmod.AutomaticEventSubscriber/LOADING]: Attempting to inject @EventBusSubscriber classes into the eventbus for geckolib
[07Jan2026 20:58:43.480] [modloading-worker-0/DEBUG] [net.minecraftforge.fml.javafmlmod.AutomaticEventSubscriber/LOADING]: Auto-subscribing software.bernie.example.GeckoLibMod to FORGE
[07Jan2026 20:58:43.480] [modloading-worker-0/DEBUG] [net.minecraftforge.fml.config.ConfigTracker/CONFIG]: Config file jei-server.toml for jei tracking
[07Jan2026 20:58:43.481] [modloading-worker-0/DEBUG] [net.minecraftforge.fml.javafmlmod.AutomaticEventSubscriber/LOADING]: Auto-subscribing software.bernie.example.CommonListener to MOD
[07Jan2026 20:58:43.486] [modloading-worker-0/DEBUG] [net.minecraftforge.fml.javafmlmod.AutomaticEventSubscriber/LOADING]: Attempting to inject @EventBusSubscriber classes into the eventbus for jei
[07Jan2026 20:58:43.494] [modloading-worker-0/DEBUG] [net.minecraftforge.fml.javafmlmod.AutomaticEventSubscriber/LOADING]: Attempting to inject @EventBusSubscriber classes into the eventbus for uppers
[07Jan2026 20:58:43.503] [modloading-worker-0/DEBUG] [net.minecraftforge.fml.config.ConfigTracker/CONFIG]: Config file reap-server.toml for reap tracking
[07Jan2026 20:58:43.510] [modloading-worker-0/DEBUG] [net.minecraftforge.fml.javafmlmod.AutomaticEventSubscriber/LOADING]: Attempting to inject @EventBusSubscriber classes into the eventbus for reap
[07Jan2026 20:58:43.513] [modloading-worker-0/DEBUG] [net.minecraftforge.fml.config.ConfigTracker/CONFIG]: Config file treechop-common.toml for treechop tracking
[07Jan2026 20:58:43.513] [modloading-worker-0/DEBUG] [net.minecraftforge.fml.config.ConfigTracker/CONFIG]: Config file treechop-client.toml for treechop tracking
[07Jan2026 20:58:43.526] [modloading-worker-0/DEBUG] [net.minecraftforge.fml.javafmlmod.AutomaticEventSubscriber/LOADING]: Attempting to inject @EventBusSubscriber classes into the eventbus for treechop
[07Jan2026 20:58:43.526] [modloading-worker-0/DEBUG] [net.minecraftforge.fml.javafmlmod.AutomaticEventSubscriber/LOADING]: Auto-subscribing ht.treechop.server.ForgeServer to MOD
[07Jan2026 20:58:43.531] [modloading-worker-0/DEBUG] [net.minecraftforge.fml.javafmlmod.AutomaticEventSubscriber/LOADING]: Auto-subscribing ht.treechop.compat.TreeChopForgeAPITest to MOD
[07Jan2026 20:58:43.532] [modloading-worker-0/DEBUG] [net.minecraftforge.fml.javafmlmod.AutomaticEventSubscriber/LOADING]: Auto-subscribing ht.treechop.compat.TheOneProbe to MOD
[07Jan2026 20:58:43.533] [modloading-worker-0/DEBUG] [net.minecraftforge.fml.javafmlmod.AutomaticEventSubscriber/LOADING]: Auto-subscribing ht.treechop.compat.SilentGear to MOD
[07Jan2026 20:58:43.534] [modloading-worker-0/DEBUG] [net.minecraftforge.fml.javafmlmod.AutomaticEventSubscriber/LOADING]: Auto-subscribing ht.treechop.compat.ProjectMMO to MOD
[07Jan2026 20:58:43.535] [modloading-worker-0/DEBUG] [net.minecraftforge.fml.javafmlmod.AutomaticEventSubscriber/LOADING]: Auto-subscribing ht.treechop.compat.NoChopRecursion to MOD
[07Jan2026 20:58:43.536] [modloading-worker-0/DEBUG] [net.minecraftforge.fml.javafmlmod.AutomaticEventSubscriber/LOADING]: Auto-subscribing ht.treechop.compat.NoChopOnRightClick to MOD
[07Jan2026 20:58:43.537] [modloading-worker-0/DEBUG] [net.minecraftforge.fml.javafmlmod.AutomaticEventSubscriber/LOADING]: Auto-subscribing ht.treechop.compat.MultiMine to MOD
[07Jan2026 20:58:43.538] [modloading-worker-0/DEBUG] [net.minecraftforge.fml.javafmlmod.AutomaticEventSubscriber/LOADING]: Auto-subscribing ht.treechop.compat.CarryOn to MOD
[07Jan2026 20:58:43.539] [modloading-worker-0/DEBUG] [net.minecraftforge.fml.javafmlmod.AutomaticEventSubscriber/LOADING]: Auto-subscribing ht.treechop.compat.Apotheosis to MOD
[07Jan2026 20:58:43.539] [modloading-worker-0/DEBUG] [net.minecraftforge.fml.javafmlmod.AutomaticEventSubscriber/LOADING]: Auto-subscribing ht.treechop.common.ForgeCommon to FORGE
[07Jan2026 20:58:43.593] [modloading-worker-0/DEBUG] [net.minecraftforge.fml.javafmlmod.AutomaticEventSubscriber/LOADING]: Attempting to inject @EventBusSubscriber classes into the eventbus for clumps
[07Jan2026 20:58:43.619] [modloading-worker-0/DEBUG] [mixin/]: Mixing common.access.brewing.AccessBrewingRecipeRegistry from crafttweaker.forge.mixins.json into net.minecraftforge.common.brewing.BrewingRecipeRegistry
[07Jan2026 20:58:43.619] [modloading-worker-0/DEBUG] [mixin/]: Renaming @Accessor method crafttweaker$getRecipes()Ljava/util/List; to crafttweaker$getRecipes_$md$227283$0 in crafttweaker.forge.mixins.json:common.access.brewing.AccessBrewingRecipeRegistry
[07Jan2026 20:58:43.619] [modloading-worker-0/DEBUG] [xaero.map.WorldMap/]: Loaded xaero.map.platform.services.ForgePlatformHelper@60c50522 for service interface xaero.map.platform.services.IPlatformHelper
[07Jan2026 20:58:43.657] [modloading-worker-0/DEBUG] [net.minecraftforge.fml.javafmlmod.AutomaticEventSubscriber/LOADING]: Attempting to inject @EventBusSubscriber classes into the eventbus for xaeroworldmap
[07Jan2026 20:58:43.685] [modloading-worker-0/DEBUG] [mixin/]: Mixing MixinPlayerList from xaeroworldmap.mixins.json into net.minecraft.server.players.PlayerList
[07Jan2026 20:58:43.689] [modloading-worker-0/DEBUG] [mixin/]: Mixing PlayerListMixin from balm.mixins.json into net.minecraft.server.players.PlayerList
[07Jan2026 20:58:43.689] [modloading-worker-0/DEBUG] [mixin/]: Mixing MixinPlayerList from xaerohud.mixins.json into net.minecraft.server.players.PlayerList
[07Jan2026 20:58:43.690] [modloading-worker-0/DEBUG] [mixin/]: Mixing camera.PlayerListMixin from securitycraft.mixins.json into net.minecraft.server.players.PlayerList
[07Jan2026 20:58:43.712] [modloading-worker-0/DEBUG] [net.minecraftforge.fml.config.ConfigTracker/CONFIG]: Config file modernfix-common.toml for modernfix tracking
[07Jan2026 20:58:43.727] [modloading-worker-0/DEBUG] [net.minecraftforge.fml.javafmlmod.AutomaticEventSubscriber/LOADING]: Attempting to inject @EventBusSubscriber classes into the eventbus for modernfix
[07Jan2026 20:58:43.787] [modloading-worker-0/DEBUG] [net.minecraftforge.fml.config.ConfigTracker/CONFIG]: Config file citadel-common.toml for citadel tracking
[07Jan2026 20:58:43.799] [modloading-worker-0/DEBUG] [net.minecraftforge.fml.javafmlmod.AutomaticEventSubscriber/LOADING]: Attempting to inject @EventBusSubscriber classes into the eventbus for citadel
[07Jan2026 20:58:43.801] [modloading-worker-0/DEBUG] [net.minecraftforge.fml.javafmlmod.AutomaticEventSubscriber/LOADING]: Auto-subscribing com.github.alexthe666.citadel.ServerProxy to MOD
[07Jan2026 20:58:43.816] [modloading-worker-0/DEBUG] [net.minecraftforge.fml.config.ConfigTracker/CONFIG]: Config file waystones-common.toml for waystones tracking
[07Jan2026 20:58:43.903] [modloading-worker-0/DEBUG] [net.minecraftforge.fml.config.ConfigTracker/CONFIG]: Config file uniquedungeons-city_snow_config.toml for uniquedungeons tracking
[07Jan2026 20:58:43.903] [modloading-worker-0/DEBUG] [net.minecraftforge.fml.config.ConfigTracker/CONFIG]: Config file uniquedungeons-desert_dungeon_config.toml for uniquedungeons tracking
[07Jan2026 20:58:43.903] [modloading-worker-0/INFO] [graveyard/]: Registered JSON trade offer adapter.
[07Jan2026 20:58:43.907] [modloading-worker-0/DEBUG] [net.minecraftforge.fml.javafmlmod.AutomaticEventSubscriber/LOADING]: Attempting to inject @EventBusSubscriber classes into the eventbus for uniquedungeons
[07Jan2026 20:58:43.907] [modloading-worker-0/DEBUG] [net.minecraftforge.fml.javafmlmod.AutomaticEventSubscriber/LOADING]: Auto-subscribing com.becks.uniquedungeons.network.eventhandling.VillagerTradeEvents to FORGE
[07Jan2026 20:58:43.909] [modloading-worker-0/DEBUG] [net.minecraftforge.fml.javafmlmod.AutomaticEventSubscriber/LOADING]: Auto-subscribing com.becks.uniquedungeons.network.eventhandling.MobEvents to MOD
[07Jan2026 20:58:43.915] [modloading-worker-0/DEBUG] [net.minecraftforge.fml.javafmlmod.AutomaticEventSubscriber/LOADING]: Auto-subscribing com.becks.uniquedungeons.network.eventhandling.GeneralPlayerEventHandler to FORGE
[07Jan2026 20:58:43.921] [modloading-worker-0/DEBUG] [net.minecraftforge.fml.javafmlmod.AutomaticEventSubscriber/LOADING]: Auto-subscribing com.becks.uniquedungeons.common.structures.village.VillagePoolAdditionHelper to FORGE
[07Jan2026 20:58:43.926] [modloading-worker-0/DEBUG] [mixin/]: Mixing ReloadableServerResourcesMixin from balm.mixins.json into net.minecraft.server.ReloadableServerResources
[07Jan2026 20:58:43.928] [modloading-worker-0/DEBUG] [mixin/]: Renaming synthetic method lambda$loadResources$0(Lnet/minecraft/server/ReloadableServerResources;)V to md227283$lambda$loadResources$0$0 in balm.mixins.json:ReloadableServerResourcesMixin
[07Jan2026 20:58:43.930] [modloading-worker-0/DEBUG] [mixin/]: Mixing common.access.server.AccessReloadableServerResources from crafttweaker.mixins.json into net.minecraft.server.ReloadableServerResources
[07Jan2026 20:58:43.934] [modloading-worker-0/DEBUG] [net.minecraftforge.fml.javafmlmod.AutomaticEventSubscriber/LOADING]: Attempting to inject @EventBusSubscriber classes into the eventbus for graveyard
[07Jan2026 20:58:43.935] [modloading-worker-0/DEBUG] [net.minecraftforge.fml.javafmlmod.AutomaticEventSubscriber/LOADING]: Auto-subscribing com.lion.graveyard.platform.forge.HordeSpawner to FORGE
[07Jan2026 20:58:43.937] [modloading-worker-0/DEBUG] [mixin/]: Mixing MixinLevelEvent from architectury.mixins.json into net.minecraftforge.event.level.LevelEvent
[07Jan2026 20:58:43.953] [modloading-worker-0/DEBUG] [net.minecraftforge.fml.javafmlmod.AutomaticEventSubscriber/LOADING]: Attempting to inject @EventBusSubscriber classes into the eventbus for waystones
[07Jan2026 20:58:43.954] [modloading-worker-0/DEBUG] [net.minecraftforge.fml.javafmlmod.AutomaticEventSubscriber/LOADING]: Attempting to inject @EventBusSubscriber classes into the eventbus for mixinextras
[07Jan2026 20:58:43.966] [modloading-worker-0/DEBUG] [net.minecraftforge.fml.config.ConfigTracker/CONFIG]: Config file travelersbackpack-server.toml for travelersbackpack tracking
[07Jan2026 20:58:43.968] [modloading-worker-0/INFO] [STDOUT/]: [com.tiviacz.travelersbackpack.TravelersBackpack:readOldCommonConfig:180]: curiosIntegration not found in the [common.backpackSettings] section.
[07Jan2026 20:58:43.969] [modloading-worker-0/DEBUG] [net.minecraftforge.fml.config.ConfigTracker/CONFIG]: Config file travelersbackpack-common.toml for travelersbackpack tracking
[07Jan2026 20:58:43.969] [modloading-worker-0/DEBUG] [net.minecraftforge.fml.config.ConfigTracker/CONFIG]: Config file travelersbackpack-client.toml for travelersbackpack tracking
[07Jan2026 20:58:43.985] [modloading-worker-0/DEBUG] [net.minecraftforge.fml.javafmlmod.AutomaticEventSubscriber/LOADING]: Attempting to inject @EventBusSubscriber classes into the eventbus for beautifiedchatserver
[07Jan2026 20:58:43.986] [modloading-worker-0/DEBUG] [net.minecraftforge.fml.javafmlmod.AutomaticEventSubscriber/LOADING]: Attempting to inject @EventBusSubscriber classes into the eventbus for pickupnotifier
[07Jan2026 20:58:43.986] [modloading-worker-0/DEBUG] [net.minecraftforge.fml.javafmlmod.AutomaticEventSubscriber/LOADING]: Auto-subscribing fuzs.pickupnotifier.PickUpNotifierForge to MOD
[07Jan2026 20:58:44.008] [modloading-worker-0/INFO] [Puzzles Lib/]: Constructing common components for pickupnotifier:main
[07Jan2026 20:58:44.023] [modloading-worker-0/DEBUG] [net.minecraftforge.fml.config.ConfigTracker/CONFIG]: Config file pickupnotifier/pickupnotifier-server.toml for pickupnotifier tracking
[07Jan2026 20:58:44.053] [modloading-worker-0/DEBUG] [More Hitboxes/]: Loaded com.github.darkpred.morehitboxes.platform.ForgePlatformHelper@5ca615c9 for service interface com.github.darkpred.morehitboxes.platform.services.IPlatformHelper
[07Jan2026 20:58:44.055] [modloading-worker-0/DEBUG] [More Hitboxes/]: Loaded com.github.darkpred.morehitboxes.ForgeResourcePackRegistry@3e532ed for service interface com.github.darkpred.morehitboxes.ResourcePackRegistry
[07Jan2026 20:58:44.055] [modloading-worker-0/INFO] [dev.architectury.networking.forge.NetworkManagerImpl/]: Registering C2S receiver with id architectury:sync_ids
[07Jan2026 20:58:44.056] [modloading-worker-0/INFO] [dev.architectury.networking.forge.NetworkManagerImpl/]: Registering C2S receiver with id artifacts:networking_channel/42a7ad70b1cc371599a0eff744096b8a
[07Jan2026 20:58:44.057] [modloading-worker-0/DEBUG] [More Hitboxes/]: Loaded com.github.darkpred.morehitboxes.internal.ForgeMultiPart$ForgeMultiPartFactory@5ff0fe3e for service interface com.github.darkpred.morehitboxes.api.MultiPart$Factory
[07Jan2026 20:58:44.061] [modloading-worker-0/INFO] [dev.architectury.networking.forge.NetworkManagerImpl/]: Registering C2S receiver with id artifacts:networking_channel/74a5e841822a3a87854ae896a33430d6
[07Jan2026 20:58:44.062] [modloading-worker-0/DEBUG] [net.minecraftforge.fml.javafmlmod.AutomaticEventSubscriber/LOADING]: Attempting to inject @EventBusSubscriber classes into the eventbus for morehitboxes
[07Jan2026 20:58:44.062] [modloading-worker-0/DEBUG] [net.minecraftforge.fml.javafmlmod.AutomaticEventSubscriber/LOADING]: Auto-subscribing com.github.darkpred.morehitboxes.ForgeResourcePackRegistry to FORGE
[07Jan2026 20:58:44.062] [modloading-worker-0/INFO] [dev.architectury.networking.forge.NetworkManagerImpl/]: Registering C2S receiver with id artifacts:networking_channel/eb3d1e2748533430848cadf0f37c7e9c
[07Jan2026 20:58:44.064] [modloading-worker-0/INFO] [dev.architectury.networking.forge.NetworkManagerImpl/]: Registering C2S receiver with id artifacts:networking_channel/91c8520f19f93b3e8b6a727568e194ab
[07Jan2026 20:58:44.065] [modloading-worker-0/INFO] [dev.architectury.networking.forge.NetworkManagerImpl/]: Registering C2S receiver with id artifacts:networking_channel/8c2784d778293fd482ed84b8aa5fedb9
[07Jan2026 20:58:44.067] [modloading-worker-0/INFO] [dev.architectury.networking.forge.NetworkManagerImpl/]: Registering C2S receiver with id artifacts:networking_channel/ea038224ea783d40b2863f52239e2604
[07Jan2026 20:58:44.069] [modloading-worker-0/INFO] [dev.architectury.networking.forge.NetworkManagerImpl/]: Registering C2S receiver with id artifacts:networking_channel/97ad64b7ecaf33209991c4f031501a58
[07Jan2026 20:58:44.079] [modloading-worker-0/DEBUG] [net.minecraftforge.fml.config.ConfigTracker/CONFIG]: Config file alexsmobs.toml for alexsmobs tracking
[07Jan2026 20:58:44.095] [modloading-worker-0/DEBUG] [mixin/]: Mixing item.wearable.WearableArtifactItemMixin from mixins.artifacts.forge.json into artifacts.item.wearable.WearableArtifactItem
[07Jan2026 20:58:44.110] [modloading-worker-0/DEBUG] [mixin/]: Mixing item.umbrella.UmbrellaItemMixin from mixins.artifacts.forge.json into artifacts.item.UmbrellaItem
[07Jan2026 20:58:44.112] [modloading-worker-0/DEBUG] [net.minecraftforge.fml.javafmlmod.AutomaticEventSubscriber/LOADING]: Attempting to inject @EventBusSubscriber classes into the eventbus for balm
[07Jan2026 20:58:44.118] [modloading-worker-0/DEBUG] [net.minecraftforge.fml.javafmlmod.AutomaticEventSubscriber/LOADING]: Attempting to inject @EventBusSubscriber classes into the eventbus for interaction_boxes
[07Jan2026 20:58:44.125] [modloading-worker-0/DEBUG] [CraftTweaker-Services/]: Loaded com.blamejared.crafttweaker.impl.service.BridgeService@47fdd32c for service interface com.blamejared.crafttweaker.platform.services.IBridgeService
[07Jan2026 20:58:44.135] [modloading-worker-0/DEBUG] [CraftTweaker-Services/]: Loaded com.blamejared.crafttweaker.platform.ForgePlatformHelper@15156443 for service interface com.blamejared.crafttweaker.platform.services.IPlatformHelper
[07Jan2026 20:58:44.135] [modloading-worker-0/DEBUG] [CraftTweaker-Services/]: Loaded com.blamejared.crafttweaker.platform.ForgeDistributionHelper@62faf42d for service interface com.blamejared.crafttweaker.platform.services.IDistributionHelper
[07Jan2026 20:58:44.137] [modloading-worker-0/DEBUG] [CraftTweaker-Services/]: Loaded com.blamejared.crafttweaker.platform.client.ForgeClientHelper@7df91166 for service interface com.blamejared.crafttweaker.platform.services.IClientHelper
[07Jan2026 20:58:44.140] [modloading-worker-0/DEBUG] [CraftTweaker-Services/]: Loaded com.blamejared.crafttweaker.platform.event.ForgeEventHelper@20f325c9 for service interface com.blamejared.crafttweaker.platform.services.IEventHelper
[07Jan2026 20:58:44.140] [modloading-worker-0/DEBUG] [net.minecraftforge.fml.javafmlmod.AutomaticEventSubscriber/LOADING]: Attempting to inject @EventBusSubscriber classes into the eventbus for alexsmobs
[07Jan2026 20:58:44.141] [modloading-worker-0/DEBUG] [net.minecraftforge.fml.javafmlmod.AutomaticEventSubscriber/LOADING]: Auto-subscribing com.github.alexthe666.alexsmobs.world.AMWorldRegistry to MOD
[07Jan2026 20:58:44.141] [modloading-worker-0/DEBUG] [CraftTweaker-Services/]: Loaded com.blamejared.crafttweaker.platform.network.ForgeNetworkHelper@401fef39 for service interface com.blamejared.crafttweaker.platform.services.INetworkHelper
[07Jan2026 20:58:44.142] [modloading-worker-0/DEBUG] [net.minecraftforge.fml.javafmlmod.AutomaticEventSubscriber/LOADING]: Auto-subscribing com.github.alexthe666.alexsmobs.tileentity.AMTileEntityRegistry to MOD
[07Jan2026 20:58:44.142] [modloading-worker-0/DEBUG] [net.minecraftforge.fml.javafmlmod.AutomaticEventSubscriber/LOADING]: Auto-subscribing com.github.alexthe666.alexsmobs.event.ServerEvents to FORGE
[07Jan2026 20:58:44.147] [modloading-worker-0/DEBUG] [CraftTweaker-Services/]: Loaded com.blamejared.crafttweaker.platform.ForgeRegistryHelper@6a9862de for service interface com.blamejared.crafttweaker.platform.services.IRegistryHelper
[07Jan2026 20:58:44.148] [modloading-worker-0/DEBUG] [net.minecraftforge.fml.javafmlmod.AutomaticEventSubscriber/LOADING]: Auto-subscribing com.github.alexthe666.alexsmobs.entity.AMEntityRegistry to MOD
[07Jan2026 20:58:44.151] [modloading-worker-0/DEBUG] [net.minecraftforge.fml.javafmlmod.AutomaticEventSubscriber/LOADING]: Auto-subscribing com.github.alexthe666.alexsmobs.CommonProxy to MOD
[07Jan2026 20:58:44.151] [modloading-worker-0/DEBUG] [net.minecraftforge.fml.javafmlmod.AutomaticEventSubscriber/LOADING]: Auto-subscribing com.github.alexthe666.alexsmobs.AlexsMobs to FORGE
[07Jan2026 20:58:44.152] [modloading-worker-0/DEBUG] [net.minecraftforge.fml.javafmlmod.AutomaticEventSubscriber/LOADING]: Attempting to inject @EventBusSubscriber classes into the eventbus for puzzlesaccessapi
[07Jan2026 20:58:44.152] [modloading-worker-0/DEBUG] [net.minecraftforge.fml.javafmlmod.AutomaticEventSubscriber/LOADING]: Attempting to inject @EventBusSubscriber classes into the eventbus for cloth_config
[07Jan2026 20:58:44.156] [modloading-worker-0/DEBUG] [net.minecraftforge.versions.forge.ForgeVersion/CORE]: Forge Version package package net.minecraftforge.versions.forge, Forge, version 47.3 from cpw.mods.modlauncher.TransformingClassLoader@250d440
[07Jan2026 20:58:44.156] [modloading-worker-0/DEBUG] [net.minecraftforge.versions.forge.ForgeVersion/CORE]: Found Forge version 47.3.7
[07Jan2026 20:58:44.156] [modloading-worker-0/DEBUG] [net.minecraftforge.versions.forge.ForgeVersion/CORE]: Found Forge spec 47.3
[07Jan2026 20:58:44.156] [modloading-worker-0/DEBUG] [net.minecraftforge.versions.forge.ForgeVersion/CORE]: Found Forge group net.minecraftforge
[07Jan2026 20:58:44.157] [modloading-worker-0/DEBUG] [net.minecraftforge.versions.mcp.MCPVersion/CORE]: MCP Version package package net.minecraftforge.versions.mcp, Minecraft, version 1.20.1 from cpw.mods.modlauncher.TransformingClassLoader@250d440
[07Jan2026 20:58:44.157] [modloading-worker-0/DEBUG] [net.minecraftforge.versions.mcp.MCPVersion/CORE]: Found MC version information 1.20.1
[07Jan2026 20:58:44.157] [modloading-worker-0/DEBUG] [net.minecraftforge.versions.mcp.MCPVersion/CORE]: Found MCP version information 20230612.114412
[07Jan2026 20:58:44.157] [modloading-worker-0/INFO] [net.minecraftforge.common.ForgeMod/FORGEMOD]: Forge mod loading, version 47.3.7, for MC 1.20.1 with MCP 20230612.114412
[07Jan2026 20:58:44.158] [modloading-worker-0/INFO] [net.minecraftforge.common.MinecraftForge/FORGE]: MinecraftForge v47.3.7 Initialized
[07Jan2026 20:58:44.175] [modloading-worker-0/DEBUG] [net.minecraftforge.common.ForgeMod/FORGEMOD]: Loading Network data for FML net version: FML3
[07Jan2026 20:58:44.194] [modloading-worker-0/DEBUG] [net.minecraftforge.fml.config.ConfigTracker/CONFIG]: Config file forge-client.toml for forge tracking
[07Jan2026 20:58:44.194] [modloading-worker-0/DEBUG] [net.minecraftforge.fml.config.ConfigTracker/CONFIG]: Config file forge-server.toml for forge tracking
[07Jan2026 20:58:44.194] [modloading-worker-0/DEBUG] [net.minecraftforge.fml.ModLoadingContext/]: Attempted to register an empty config for type COMMON on mod forge
[07Jan2026 20:58:44.210] [modloading-worker-0/DEBUG] [net.minecraftforge.fml.javafmlmod.AutomaticEventSubscriber/LOADING]: Attempting to inject @EventBusSubscriber classes into the eventbus for forge
[07Jan2026 20:58:44.210] [modloading-worker-0/DEBUG] [net.minecraftforge.fml.javafmlmod.AutomaticEventSubscriber/LOADING]: Attempting to inject @EventBusSubscriber classes into the eventbus for artifacts
[07Jan2026 20:58:44.210] [modloading-worker-0/DEBUG] [net.minecraftforge.fml.javafmlmod.AutomaticEventSubscriber/LOADING]: Auto-subscribing net.minecraftforge.common.ForgeSpawnEggItem$CommonHandler to MOD
[07Jan2026 20:58:44.211] [modloading-worker-0/DEBUG] [net.minecraftforge.fml.javafmlmod.AutomaticEventSubscriber/LOADING]: Attempting to inject @EventBusSubscriber classes into the eventbus for tlskincape
[07Jan2026 20:58:44.212] [modloading-worker-0/DEBUG] [mixin/]: Mixing gamerule.BooleanValueInvoker from mixins.artifacts.common.json into net.minecraft.world.level.GameRules$BooleanValue
[07Jan2026 20:58:44.213] [modloading-worker-0/DEBUG] [mixin/]: Renaming @Invoker method invokeCreate(ZLjava/util/function/BiConsumer;)Lnet/minecraft/world/level/GameRules$Type; to invokeCreate_$md$227283$0 in mixins.artifacts.common.json:gamerule.BooleanValueInvoker
[07Jan2026 20:58:44.222] [modloading-worker-0/DEBUG] [mixin/]: Mixing gamerule.IntegerValueInvoker from mixins.artifacts.common.json into net.minecraft.world.level.GameRules$IntegerValue
[07Jan2026 20:58:44.223] [modloading-worker-0/DEBUG] [mixin/]: Renaming @Invoker method invokeCreate(ILjava/util/function/BiConsumer;)Lnet/minecraft/world/level/GameRules$Type; to invokeCreate_$md$227283$0 in mixins.artifacts.common.json:gamerule.IntegerValueInvoker
[07Jan2026 20:58:44.224] [modloading-worker-0/DEBUG] [net.minecraftforge.fml.javafmlmod.AutomaticEventSubscriber/LOADING]: Attempting to inject @EventBusSubscriber classes into the eventbus for embeddium
[07Jan2026 20:58:44.225] [modloading-worker-0/DEBUG] [net.minecraftforge.fml.javafmlmod.AutomaticEventSubscriber/LOADING]: Attempting to inject @EventBusSubscriber classes into the eventbus for rubidium
[07Jan2026 20:58:44.226] [modloading-worker-0/DEBUG] [net.minecraftforge.fml.config.ConfigTracker/CONFIG]: Config file betterpingdisplay-client.toml for betterpingdisplay tracking
[07Jan2026 20:58:44.227] [modloading-worker-0/DEBUG] [net.minecraftforge.fml.javafmlmod.AutomaticEventSubscriber/LOADING]: Attempting to inject @EventBusSubscriber classes into the eventbus for betterpingdisplay
[07Jan2026 20:58:44.227] [modloading-worker-0/DEBUG] [net.minecraftforge.fml.javafmlmod.AutomaticEventSubscriber/LOADING]: Auto-subscribing com.vladmarica.betterpingdisplay.Config to MOD
[07Jan2026 20:58:44.237] [modloading-worker-0/DEBUG] [net.minecraftforge.fml.config.ConfigTracker/CONFIG]: Config file twilightforest-common.toml for twilightforest tracking
[07Jan2026 20:58:44.239] [modloading-worker-0/DEBUG] [net.minecraftforge.fml.config.ConfigTracker/CONFIG]: Config file twilightforest-client.toml for twilightforest tracking
[07Jan2026 20:58:44.253] [modloading-worker-0/DEBUG] [net.minecraftforge.fml.config.ConfigTracker/CONFIG]: Config file tconstruct-common.toml for tconstruct tracking
[07Jan2026 20:58:44.253] [modloading-worker-0/DEBUG] [net.minecraftforge.fml.config.ConfigTracker/CONFIG]: Config file tconstruct-client.toml for tconstruct tracking
[07Jan2026 20:58:44.308] [modloading-worker-0/DEBUG] [mixin/]: Mixing common.access.level.damage.AccessDamageSources from crafttweaker.mixins.json into net.minecraft.world.damagesource.DamageSources
[07Jan2026 20:58:44.308] [modloading-worker-0/DEBUG] [mixin/]: Mixing DamageSourcesMixin from tombstone.mixins.json into net.minecraft.world.damagesource.DamageSources
[07Jan2026 20:58:44.328] [modloading-worker-0/DEBUG] [mixin/]: Mixing ExplosionMixin from fossil_common.mixins.json into net.minecraft.world.level.Explosion
[07Jan2026 20:58:44.329] [modloading-worker-0/DEBUG] [mixin/]: Renaming synthetic method lambda$preventExplosion$0(Lnet/minecraft/nbt/CompoundTag;)Lcom/github/teamfossilsarcheology/fossil/entity/monster/AnuBoss$AnuLair; to md227283$lambda$preventExplosion$0$0 in fossil_common.mixins.json:ExplosionMixin
[07Jan2026 20:58:44.347] [modloading-worker-0/DEBUG] [mixin/]: Mixing common.access.villager.AccessTippedArrowForItemsAndEmeralds from crafttweaker.mixins.json into net.minecraft.world.entity.npc.VillagerTrades$TippedArrowForItemsAndEmeralds
[07Jan2026 20:58:44.354] [modloading-worker-0/DEBUG] [mixin/]: Mixing common.access.villager.AccessItemsForEmeralds from crafttweaker.mixins.json into net.minecraft.world.entity.npc.VillagerTrades$ItemsForEmeralds
[07Jan2026 20:58:44.360] [modloading-worker-0/DEBUG] [mixin/]: Mixing common.access.villager.AccessItemsAndEmeraldsToItems from crafttweaker.mixins.json into net.minecraft.world.entity.npc.VillagerTrades$ItemsAndEmeraldsToItems
[07Jan2026 20:58:44.363] [modloading-worker-0/DEBUG] [mixin/]: Mixing common.access.villager.AccessEnchantedItemForEmeralds from crafttweaker.mixins.json into net.minecraft.world.entity.npc.VillagerTrades$EnchantedItemForEmeralds
[07Jan2026 20:58:44.366] [modloading-worker-0/DEBUG] [mixin/]: Mixing common.access.villager.AccessEmeraldForItems from crafttweaker.mixins.json into net.minecraft.world.entity.npc.VillagerTrades$EmeraldForItems
[07Jan2026 20:58:44.368] [modloading-worker-0/DEBUG] [mixin/]: Mixing common.access.villager.AccessDyedArmorForEmeralds from crafttweaker.mixins.json into net.minecraft.world.entity.npc.VillagerTrades$DyedArmorForEmeralds
[07Jan2026 20:58:44.370] [modloading-worker-0/DEBUG] [mixin/]: Mixing common.access.villager.AccessBasicTrade from crafttweaker.forge.mixins.json into net.minecraftforge.common.BasicItemListing
[07Jan2026 20:58:44.371] [modloading-worker-0/DEBUG] [mixin/]: Mixing common.transform.villager.MixinBasicTrade from crafttweaker.forge.mixins.json into net.minecraftforge.common.BasicItemListing
[07Jan2026 20:58:44.426] [modloading-worker-0/DEBUG] [net.minecraftforge.fml.javafmlmod.AutomaticEventSubscriber/LOADING]: Attempting to inject @EventBusSubscriber classes into the eventbus for travelersbackpack
[07Jan2026 20:58:44.427] [modloading-worker-0/DEBUG] [net.minecraftforge.fml.javafmlmod.AutomaticEventSubscriber/LOADING]: Auto-subscribing com.tiviacz.travelersbackpack.handlers.NeoForgeEventHandler to FORGE
[07Jan2026 20:58:44.441] [modloading-worker-0/DEBUG] [mixin/]: Mixing accessor.ShapelessRecipeAccessor from tombstone.mixins.json into net.minecraft.world.item.crafting.ShapelessRecipe
[07Jan2026 20:58:44.452] [modloading-worker-0/DEBUG] [mixin/]: Mixing common.access.predicate.AccessStatePropertiesPredicateBuilder from crafttweaker.mixins.json into net.minecraft.advancements.critereon.StatePropertiesPredicate$Builder
[07Jan2026 20:58:44.455] [modloading-worker-0/DEBUG] [net.minecraftforge.fml.javafmlmod.AutomaticEventSubscriber/LOADING]: Auto-subscribing com.tiviacz.travelersbackpack.handlers.ModEventHandler to MOD
[07Jan2026 20:58:44.477] [modloading-worker-0/DEBUG] [mixin/]: Mixing MixinNbtPredicate from curios.mixins.json into net.minecraft.advancements.critereon.NbtPredicate
[07Jan2026 20:58:44.499] [modloading-worker-0/DEBUG] [mixin/]: Mixing common.access.predicate.AccessLightningBoltPredicate from crafttweaker.mixins.json into net.minecraft.advancements.critereon.LighthingBoltPredicate
[07Jan2026 20:58:44.500] [modloading-worker-0/DEBUG] [mixin/]: Renaming @Invoker method crafttweaker$of(Lnet/minecraft/advancements/critereon/MinMaxBounds$Ints;Lnet/minecraft/advancements/critereon/EntityPredicate;)Lnet/minecraft/advancements/critereon/LighthingBoltPredicate; to crafttweaker$of_$md$227283$0 in crafttweaker.mixins.json:common.access.predicate.AccessLightningBoltPredicate
[07Jan2026 20:58:44.502] [modloading-worker-0/DEBUG] [net.minecraftforge.fml.config.ConfigTracker/CONFIG]: Config file borninconfiguration-general.toml for borninconfiguration tracking
[07Jan2026 20:58:44.506] [modloading-worker-0/DEBUG] [net.minecraftforge.fml.javafmlmod.AutomaticEventSubscriber/LOADING]: Attempting to inject @EventBusSubscriber classes into the eventbus for borninconfiguration
[07Jan2026 20:58:44.506] [modloading-worker-0/DEBUG] [net.minecraftforge.fml.javafmlmod.AutomaticEventSubscriber/LOADING]: Auto-subscribing com.crimsoncrips.borninconfiguration.event.BICEvent to FORGE
[07Jan2026 20:58:44.506] [modloading-worker-0/DEBUG] [net.minecraftforge.fml.javafmlmod.AutomaticEventSubscriber/LOADING]: Auto-subscribing com.crimsoncrips.borninconfiguration.datagen.BIConfigDatagen to MOD
[07Jan2026 20:58:44.520] [modloading-worker-0/DEBUG] [net.minecraftforge.fml.javafmlmod.AutomaticEventSubscriber/LOADING]: Attempting to inject @EventBusSubscriber classes into the eventbus for terrablender
[07Jan2026 20:58:44.520] [modloading-worker-0/DEBUG] [net.minecraftforge.fml.javafmlmod.AutomaticEventSubscriber/LOADING]: Auto-subscribing terrablender.handler.InitializationHandler to FORGE
[07Jan2026 20:58:44.524] [modloading-worker-0/INFO] [STDOUT/]: [yalter.mousetweaks.Logger:Log:6]: [Mouse Tweaks] Disabled because not running on the client.
[07Jan2026 20:58:44.525] [modloading-worker-0/DEBUG] [net.minecraftforge.fml.javafmlmod.AutomaticEventSubscriber/LOADING]: Attempting to inject @EventBusSubscriber classes into the eventbus for mousetweaks
[07Jan2026 20:58:44.530] [modloading-worker-0/DEBUG] [mixin/]: Mixing LootTableMixin from balm.mixins.json into net.minecraft.world.level.storage.loot.LootTable
[07Jan2026 20:58:44.531] [modloading-worker-0/DEBUG] [mixin/]: Mixing common.access.loot.AccessLootTable from crafttweaker.mixins.json into net.minecraft.world.level.storage.loot.LootTable
[07Jan2026 20:58:44.531] [modloading-worker-0/DEBUG] [mixin/]: Mixing accessor.LootTableForgeAccessor from puzzleslib.forge.mixins.json into net.minecraft.world.level.storage.loot.LootTable
[07Jan2026 20:58:44.540] [modloading-worker-0/DEBUG] [net.minecraftforge.fml.javafmlmod.AutomaticEventSubscriber/LOADING]: Attempting to inject @EventBusSubscriber classes into the eventbus for jade
[07Jan2026 20:58:44.541] [modloading-worker-0/DEBUG] [mixin/]: Mixing LootContextParamSetsAccess from treechop.mixins.json into net.minecraft.world.level.storage.loot.parameters.LootContextParamSets
[07Jan2026 20:58:44.541] [modloading-worker-0/DEBUG] [mixin/]: Renaming @Invoker method callRegister(Ljava/lang/String;Ljava/util/function/Consumer;)Lnet/minecraft/world/level/storage/loot/parameters/LootContextParamSet; to callRegister_$md$227283$0 in treechop.mixins.json:LootContextParamSetsAccess
[07Jan2026 20:58:44.544] [modloading-worker-0/DEBUG] [net.minecraftforge.fml.javafmlmod.AutomaticEventSubscriber/LOADING]: Attempting to inject @EventBusSubscriber classes into the eventbus for tbsfbsp
[07Jan2026 20:58:44.605] [modloading-worker-0/DEBUG] [mixin/]: Mixing common.access.loot.AccessLootContextBuilder from crafttweaker.mixins.json into net.minecraft.world.level.storage.loot.LootContext$Builder
[07Jan2026 20:58:44.647] [modloading-worker-0/DEBUG] [creativecore/]: Created network creativecore:main
[07Jan2026 20:58:44.655] [modloading-worker-0/DEBUG] [net.minecraftforge.fml.javafmlmod.AutomaticEventSubscriber/LOADING]: Attempting to inject @EventBusSubscriber classes into the eventbus for creativecore
[07Jan2026 20:58:44.661] [modloading-worker-0/DEBUG] [mixin/]: Mixing common.transform.item.attribute.MixinItemAttributeModifierEvent from crafttweaker.forge.mixins.json into net.minecraftforge.event.ItemAttributeModifierEvent
[07Jan2026 20:58:44.663] [modloading-worker-0/DEBUG] [net.minecraftforge.fml.javafmlmod.AutomaticEventSubscriber/LOADING]: Attempting to inject @EventBusSubscriber classes into the eventbus for chunky
[07Jan2026 20:58:45.120] [modloading-worker-0/DEBUG] [mixin/]: Mixing common.access.tag.AccessTagManager from crafttweaker.mixins.json into net.minecraft.tags.TagManager
[07Jan2026 20:58:45.121] [modloading-worker-0/DEBUG] [mixin/]: Mixing common.transform.tags.MixinTagManager from crafttweaker.mixins.json into net.minecraft.tags.TagManager
[07Jan2026 20:58:45.121] [modloading-worker-0/DEBUG] [mixin/]: Renaming synthetic method lambda$crafttweaker$appendConsumer$0(Ljava/lang/Object;)V to md227283$lambda$crafttweaker$appendConsumer$0$0 in crafttweaker.mixins.json:common.transform.tags.MixinTagManager
[07Jan2026 20:58:45.141] [modloading-worker-0/DEBUG] [mixin/]: Mixing MixinLootDataManager from architectury.mixins.json into net.minecraft.world.level.storage.loot.LootDataManager
[07Jan2026 20:58:45.143] [modloading-worker-0/DEBUG] [mixin/]: Mixing LootDataManagerForgeMixin from puzzleslib.forge.mixins.json into net.minecraft.world.level.storage.loot.LootDataManager
[07Jan2026 20:58:45.183] [modloading-worker-0/DEBUG] [net.minecraftforge.fml.javafmlmod.AutomaticEventSubscriber/LOADING]: Attempting to inject @EventBusSubscriber classes into the eventbus for tconstruct
[07Jan2026 20:58:45.183] [modloading-worker-0/DEBUG] [net.minecraftforge.fml.javafmlmod.AutomaticEventSubscriber/LOADING]: Auto-subscribing slimeknights.tconstruct.world.WorldEvents to FORGE
[07Jan2026 20:58:45.187] [modloading-worker-0/DEBUG] [net.minecraftforge.fml.javafmlmod.AutomaticEventSubscriber/LOADING]: Auto-subscribing slimeknights.tconstruct.tools.logic.ToolEvents to FORGE
[07Jan2026 20:58:45.197] [modloading-worker-0/DEBUG] [net.minecraftforge.fml.javafmlmod.AutomaticEventSubscriber/LOADING]: Auto-subscribing slimeknights.tconstruct.tools.logic.ModifierEvents to FORGE
[07Jan2026 20:58:45.208] [modloading-worker-0/DEBUG] [net.minecraftforge.fml.javafmlmod.AutomaticEventSubscriber/LOADING]: Auto-subscribing slimeknights.tconstruct.tools.logic.InteractionHandler to FORGE
[07Jan2026 20:58:45.216] [modloading-worker-0/DEBUG] [net.minecraftforge.fml.javafmlmod.AutomaticEventSubscriber/LOADING]: Auto-subscribing slimeknights.tconstruct.tools.logic.DoubleJumpHandler to FORGE
[07Jan2026 20:58:45.220] [modloading-worker-0/DEBUG] [net.minecraftforge.fml.javafmlmod.AutomaticEventSubscriber/LOADING]: Auto-subscribing slimeknights.tconstruct.shared.CommonsEvents to FORGE
[07Jan2026 20:58:45.221] [modloading-worker-0/DEBUG] [net.minecraftforge.fml.javafmlmod.AutomaticEventSubscriber/LOADING]: Auto-subscribing slimeknights.tconstruct.shared.AchievementEvents to FORGE
[07Jan2026 20:58:45.225] [modloading-worker-0/DEBUG] [net.minecraftforge.fml.javafmlmod.AutomaticEventSubscriber/LOADING]: Auto-subscribing slimeknights.tconstruct.fluids.FluidEvents to FORGE
[07Jan2026 20:58:45.232] [modloading-worker-0/DEBUG] [net.minecraftforge.fml.javafmlmod.AutomaticEventSubscriber/LOADING]: Auto-subscribing slimeknights.tconstruct.common.Sounds to MOD
[07Jan2026 20:58:45.233] [modloading-worker-0/DEBUG] [net.minecraftforge.fml.javafmlmod.AutomaticEventSubscriber/LOADING]: Auto-subscribing slimeknights.tconstruct.TConstruct to MOD
[07Jan2026 20:58:45.231] [modloading-worker-0/DEBUG] [net.minecraftforge.fml.javafmlmod.AutomaticEventSubscriber/LOADING]: Attempting to inject @EventBusSubscriber classes into the eventbus for twilightforest
[07Jan2026 20:58:45.235] [modloading-worker-0/DEBUG] [net.minecraftforge.fml.javafmlmod.AutomaticEventSubscriber/LOADING]: Auto-subscribing twilightforest.util.TFRemapper to FORGE
[07Jan2026 20:58:45.236] [modloading-worker-0/DEBUG] [net.minecraftforge.fml.javafmlmod.AutomaticEventSubscriber/LOADING]: Auto-subscribing twilightforest.loot.modifiers.GiantToolGroupingModifier to FORGE
[07Jan2026 20:58:45.237] [modloading-worker-0/DEBUG] [net.minecraftforge.fml.javafmlmod.AutomaticEventSubscriber/LOADING]: Attempting to inject @EventBusSubscriber classes into the eventbus for spark
[07Jan2026 20:58:45.240] [modloading-worker-0/DEBUG] [net.minecraftforge.fml.javafmlmod.AutomaticEventSubscriber/LOADING]: Auto-subscribing twilightforest.item.OreMagnetItem to FORGE
[07Jan2026 20:58:45.248] [modloading-worker-0/DEBUG] [net.minecraftforge.fml.javafmlmod.AutomaticEventSubscriber/LOADING]: Auto-subscribing twilightforest.item.FierySwordItem to FORGE
[07Jan2026 20:58:45.249] [modloading-worker-0/DEBUG] [net.minecraftforge.fml.javafmlmod.AutomaticEventSubscriber/LOADING]: Auto-subscribing twilightforest.init.TFEntities to MOD
[07Jan2026 20:58:45.250] [modloading-worker-0/DEBUG] [net.minecraftforge.fml.javafmlmod.AutomaticEventSubscriber/LOADING]: Auto-subscribing twilightforest.init.TFCaveCarvers to MOD
[07Jan2026 20:58:45.252] [modloading-worker-0/DEBUG] [net.minecraftforge.fml.javafmlmod.AutomaticEventSubscriber/LOADING]: Auto-subscribing twilightforest.events.ToolEvents to FORGE
[07Jan2026 20:58:45.256] [modloading-worker-0/DEBUG] [net.minecraftforge.fml.javafmlmod.AutomaticEventSubscriber/LOADING]: Auto-subscribing twilightforest.events.ProgressionEvents to FORGE
[07Jan2026 20:58:45.258] [modloading-worker-0/DEBUG] [net.minecraftforge.fml.javafmlmod.AutomaticEventSubscriber/LOADING]: Auto-subscribing twilightforest.events.MiscEvents to FORGE
[07Jan2026 20:58:45.262] [modloading-worker-0/DEBUG] [net.minecraftforge.fml.javafmlmod.AutomaticEventSubscriber/LOADING]: Auto-subscribing twilightforest.events.HostileMountEvents to FORGE
[07Jan2026 20:58:45.267] [modloading-worker-0/DEBUG] [net.minecraftforge.fml.javafmlmod.AutomaticEventSubscriber/LOADING]: Auto-subscribing twilightforest.events.EntityEvents to FORGE
[07Jan2026 20:58:45.275] [modloading-worker-0/DEBUG] [net.minecraftforge.fml.javafmlmod.AutomaticEventSubscriber/LOADING]: Auto-subscribing twilightforest.events.CharmEvents to FORGE
[07Jan2026 20:58:45.278] [modloading-worker-0/DEBUG] [net.minecraftforge.fml.javafmlmod.AutomaticEventSubscriber/LOADING]: Auto-subscribing twilightforest.events.CapabilityEvents to FORGE
[07Jan2026 20:58:45.281] [modloading-worker-0/DEBUG] [net.minecraftforge.fml.javafmlmod.AutomaticEventSubscriber/LOADING]: Auto-subscribing twilightforest.data.DataGenerators to MOD
[07Jan2026 20:58:45.285] [modloading-worker-0/DEBUG] [net.minecraftforge.fml.javafmlmod.AutomaticEventSubscriber/LOADING]: Auto-subscribing twilightforest.TFTickHandler to FORGE
[07Jan2026 20:58:45.286] [modloading-worker-0/DEBUG] [net.minecraftforge.fml.javafmlmod.AutomaticEventSubscriber/LOADING]: Auto-subscribing twilightforest.TFConfig to MOD
[07Jan2026 20:58:45.287] [modloading-worker-0/DEBUG] [net.minecraftforge.fml.javafmlmod.AutomaticEventSubscriber/LOADING]: Auto-subscribing twilightforest.TFConfig$ConfigSync to FORGE
[07Jan2026 20:58:45.300] [modloading-worker-0/DEBUG] [net.minecraftforge.fml.config.ConfigTracker/CONFIG]: Config file curios-client.toml for curios tracking
[07Jan2026 20:58:45.305] [modloading-worker-0/DEBUG] [net.minecraftforge.fml.config.ConfigTracker/CONFIG]: Config file curios-common.toml for curios tracking
[07Jan2026 20:58:45.306] [modloading-worker-0/DEBUG] [net.minecraftforge.fml.config.ConfigTracker/CONFIG]: Config file curios-server.toml for curios tracking
[07Jan2026 20:58:45.306] [modloading-worker-0/DEBUG] [net.minecraftforge.fml.javafmlmod.AutomaticEventSubscriber/LOADING]: Attempting to inject @EventBusSubscriber classes into the eventbus for curios
[07Jan2026 20:58:45.307] [modloading-worker-0/DEBUG] [net.minecraftforge.fml.config.ConfigTracker/CONFIG]: Config file mantle-client.toml for mantle tracking
[07Jan2026 20:58:45.307] [modloading-worker-0/DEBUG] [net.minecraftforge.fml.config.ConfigTracker/CONFIG]: Config file mantle-server.toml for mantle tracking
[07Jan2026 20:58:45.315] [modloading-worker-0/DEBUG] [mixin/]: Mixing StalkerImmunity from borninconfiguration.mixins.json into net.mcreator.borninchaosv.entity.NightmareStalkerEntity
[07Jan2026 20:58:45.316] [modloading-worker-0/DEBUG] [mixin/]: borninconfiguration.mixins.json:StalkerImmunity: Class version 61 required is higher than the class version supported by the current version of Mixin (JAVA_8 supports class version 52)
[07Jan2026 20:58:45.328] [modloading-worker-0/DEBUG] [net.minecraftforge.fml.javafmlmod.AutomaticEventSubscriber/LOADING]: Attempting to inject @EventBusSubscriber classes into the eventbus for mantle
[07Jan2026 20:58:45.352] [modloading-worker-0/DEBUG] [mixin/]: Mixing common.access.recipe.AccessSmithingTrimRecipe from crafttweaker.mixins.json into net.minecraft.world.item.crafting.SmithingTrimRecipe
[07Jan2026 20:58:45.355] [modloading-worker-0/DEBUG] [mixin/]: Mixing common.access.recipe.AccessSmithingTransformRecipe from crafttweaker.mixins.json into net.minecraft.world.item.crafting.SmithingTransformRecipe
[07Jan2026 20:58:45.382] [modloading-worker-0/DEBUG] [xaero.hud.minimap.MinimapLogs/]: Loaded xaero.common.platform.services.ForgePlatformHelper@539d7c77 for service interface xaero.common.platform.services.IPlatformHelper
[07Jan2026 20:58:45.395] [modloading-worker-0/DEBUG] [net.minecraftforge.fml.javafmlmod.AutomaticEventSubscriber/LOADING]: Attempting to inject @EventBusSubscriber classes into the eventbus for born_in_chaos_v1
[07Jan2026 20:58:45.396] [modloading-worker-0/DEBUG] [net.minecraftforge.fml.javafmlmod.AutomaticEventSubscriber/LOADING]: Auto-subscribing net.mcreator.borninchaosv.recipes.brewing.StimulatingDecoctionPBrewingRecipe to MOD
[07Jan2026 20:58:45.396] [modloading-worker-0/DEBUG] [net.minecraftforge.fml.javafmlmod.AutomaticEventSubscriber/LOADING]: Attempting to inject @EventBusSubscriber classes into the eventbus for xaerominimap
[07Jan2026 20:58:45.399] [modloading-worker-0/DEBUG] [net.minecraftforge.fml.javafmlmod.AutomaticEventSubscriber/LOADING]: Auto-subscribing net.mcreator.borninchaosv.recipes.brewing.SeaTerrorEyeKBrewingRecipe to MOD
[07Jan2026 20:58:45.399] [modloading-worker-0/INFO] [Collective/]: Loading Collective version 8.13.
[07Jan2026 20:58:45.401] [modloading-worker-0/DEBUG] [net.minecraftforge.fml.javafmlmod.AutomaticEventSubscriber/LOADING]: Auto-subscribing net.mcreator.borninchaosv.recipes.brewing.PotionofRampagekBrewingRecipe to MOD
[07Jan2026 20:58:45.401] [modloading-worker-0/DEBUG] [mixin/]: Mixing item.wearable.charmofsinking.EnchantmentHelperMixin from mixins.artifacts.common.json into net.minecraft.world.item.enchantment.EnchantmentHelper
[07Jan2026 20:58:45.402] [modloading-worker-0/DEBUG] [mixin/]: Mixing item.wearable.pendant.EnchantmentHelperMixin from mixins.artifacts.common.json into net.minecraft.world.item.enchantment.EnchantmentHelper
[07Jan2026 20:58:45.406] [modloading-worker-0/DEBUG] [net.minecraftforge.fml.javafmlmod.AutomaticEventSubscriber/LOADING]: Auto-subscribing net.mcreator.borninchaosv.recipes.brewing.PotionofMagicalDepletionKBrewingRecipe to MOD
[07Jan2026 20:58:45.406] [modloading-worker-0/DEBUG] [net.minecraftforge.fml.javafmlmod.AutomaticEventSubscriber/LOADING]: Auto-subscribing net.mcreator.borninchaosv.recipes.brewing.PotionofLivingCocoonCraftBrewingRecipe to MOD
[07Jan2026 20:58:45.407] [modloading-worker-0/DEBUG] [net.minecraftforge.fml.javafmlmod.AutomaticEventSubscriber/LOADING]: Auto-subscribing net.mcreator.borninchaosv.recipes.brewing.IntoxicationPotionKBrewingRecipe to MOD
[07Jan2026 20:58:45.408] [modloading-worker-0/DEBUG] [net.minecraftforge.fml.javafmlmod.AutomaticEventSubscriber/LOADING]: Auto-subscribing net.mcreator.borninchaosv.recipes.brewing.ElixirofWitherResistanceCraftBrewingRecipe to MOD
[07Jan2026 20:58:45.412] [modloading-worker-0/DEBUG] [net.minecraftforge.fml.javafmlmod.AutomaticEventSubscriber/LOADING]: Auto-subscribing net.mcreator.borninchaosv.recipes.brewing.ElixirofVampirismKBrewingRecipe to MOD
[07Jan2026 20:58:45.412] [modloading-worker-0/DEBUG] [net.minecraftforge.fml.javafmlmod.AutomaticEventSubscriber/LOADING]: Auto-subscribing net.mcreator.borninchaosv.recipes.brewing.ElixirofInsectProtectionCraftBrewingRecipe to MOD
[07Jan2026 20:58:45.413] [modloading-worker-0/DEBUG] [net.minecraftforge.fml.javafmlmod.AutomaticEventSubscriber/LOADING]: Auto-subscribing net.mcreator.borninchaosv.recipes.brewing.ElixirofIceBarrierCraftBrewingRecipe to MOD
[07Jan2026 20:58:45.414] [modloading-worker-0/DEBUG] [net.minecraftforge.fml.javafmlmod.AutomaticEventSubscriber/LOADING]: Auto-subscribing net.mcreator.borninchaosv.recipes.brewing.ChaosComponentCraftBrewingRecipe to MOD
[07Jan2026 20:58:45.415] [modloading-worker-0/DEBUG] [net.minecraftforge.fml.javafmlmod.AutomaticEventSubscriber/LOADING]: Auto-subscribing net.mcreator.borninchaosv.recipes.brewing.BottleOfMagicalEnergyKBrewingRecipe to MOD
[07Jan2026 20:58:45.421] [modloading-worker-0/DEBUG] [net.minecraftforge.fml.javafmlmod.AutomaticEventSubscriber/LOADING]: Auto-subscribing net.mcreator.borninchaosv.procedures.ZombieswithDoorPriObnovlieniiTaktaSushchnostiProcedure to FORGE
[07Jan2026 20:58:45.422] [modloading-worker-0/DEBUG] [net.minecraftforge.fml.javafmlmod.AutomaticEventSubscriber/LOADING]: Auto-subscribing net.mcreator.borninchaosv.procedures.ZombiefishermanatackProcedure to FORGE
[07Jan2026 20:58:45.423] [modloading-worker-0/DEBUG] [net.minecraftforge.fml.javafmlmod.AutomaticEventSubscriber/LOADING]: Auto-subscribing net.mcreator.borninchaosv.procedures.ZombieclownatacProcedure to FORGE
[07Jan2026 20:58:45.425] [modloading-worker-0/DEBUG] [net.minecraftforge.fml.javafmlmod.AutomaticEventSubscriber/LOADING]: Auto-subscribing net.mcreator.borninchaosv.procedures.ZombieMaggotsProcedure to FORGE
[07Jan2026 20:58:45.426] [modloading-worker-0/DEBUG] [net.minecraftforge.fml.javafmlmod.AutomaticEventSubscriber/LOADING]: Auto-subscribing net.mcreator.borninchaosv.procedures.ZombieLumberjackAtackProcedure to FORGE
[07Jan2026 20:58:45.426] [modloading-worker-0/DEBUG] [net.minecraftforge.fml.javafmlmod.AutomaticEventSubscriber/LOADING]: Auto-subscribing net.mcreator.borninchaosv.procedures.ZombieBruiseratackProcedure to FORGE
[07Jan2026 20:58:45.427] [modloading-worker-0/DEBUG] [net.minecraftforge.fml.javafmlmod.AutomaticEventSubscriber/LOADING]: Auto-subscribing net.mcreator.borninchaosv.procedures.WarningSoundProcedure to FORGE
[07Jan2026 20:58:45.428] [modloading-worker-0/DEBUG] [mixin/]: Mixing spawning.WarningConfig from borninconfiguration.mixins.json into net.mcreator.borninchaosv.procedures.WarningSoundProcedure
[07Jan2026 20:58:45.428] [modloading-worker-0/DEBUG] [mixin/]: borninconfiguration.mixins.json:spawning.WarningConfig: Class version 61 required is higher than the class version supported by the current version of Mixin (JAVA_8 supports class version 52)
[07Jan2026 20:58:45.432] [modloading-worker-0/DEBUG] [net.minecraftforge.fml.javafmlmod.AutomaticEventSubscriber/LOADING]: Auto-subscribing net.mcreator.borninchaosv.procedures.VampiricTouchAtackProcedure to FORGE
[07Jan2026 20:58:45.433] [modloading-worker-0/DEBUG] [net.minecraftforge.fml.javafmlmod.AutomaticEventSubscriber/LOADING]: Auto-subscribing net.mcreator.borninchaosv.procedures.TransmutingElixirclicProcedure to FORGE
[07Jan2026 20:58:45.434] [modloading-worker-0/DEBUG] [net.minecraftforge.fml.javafmlmod.AutomaticEventSubscriber/LOADING]: Auto-subscribing net.mcreator.borninchaosv.procedures.ThornshellCrabPriShchielchkiePKMPoSushchnostiProcedure to FORGE
[07Jan2026 20:58:45.435] [modloading-worker-0/DEBUG] [net.minecraftforge.fml.javafmlmod.AutomaticEventSubscriber/LOADING]: Auto-subscribing net.mcreator.borninchaosv.procedures.SwarmerPreparationProcedure to FORGE
[07Jan2026 20:58:45.436] [modloading-worker-0/DEBUG] [net.minecraftforge.fml.javafmlmod.AutomaticEventSubscriber/LOADING]: Auto-subscribing net.mcreator.borninchaosv.procedures.SpiritofChaosAtackProcedure to FORGE
[07Jan2026 20:58:45.437] [modloading-worker-0/DEBUG] [net.minecraftforge.fml.javafmlmod.AutomaticEventSubscriber/LOADING]: Auto-subscribing net.mcreator.borninchaosv.procedures.SpiritGuideAtacProcedure to FORGE
[07Jan2026 20:58:45.438] [modloading-worker-0/DEBUG] [net.minecraftforge.fml.javafmlmod.AutomaticEventSubscriber/LOADING]: Auto-subscribing net.mcreator.borninchaosv.procedures.SpinyShellArmorKazhdyiTikDliaShliemaProcedure to FORGE
[07Jan2026 20:58:45.440] [modloading-worker-0/DEBUG] [net.minecraftforge.fml.javafmlmod.AutomaticEventSubscriber/LOADING]: Auto-subscribing net.mcreator.borninchaosv.procedures.SkeletonThrasherDProcedure to FORGE
[07Jan2026 20:58:45.440] [modloading-worker-0/DEBUG] [net.minecraftforge.fml.javafmlmod.AutomaticEventSubscriber/LOADING]: Attempting to inject @EventBusSubscriber classes into the eventbus for collective
[07Jan2026 20:58:45.440] [modloading-worker-0/DEBUG] [net.minecraftforge.fml.javafmlmod.AutomaticEventSubscriber/LOADING]: Auto-subscribing com.natamus.collective.forge.events.RegisterCollectiveForgeEvents to FORGE
[07Jan2026 20:58:45.441] [modloading-worker-0/DEBUG] [net.minecraftforge.fml.javafmlmod.AutomaticEventSubscriber/LOADING]: Auto-subscribing net.mcreator.borninchaosv.procedures.SerPumpkinheadAtacProcedure to FORGE
[07Jan2026 20:58:45.442] [modloading-worker-0/DEBUG] [net.minecraftforge.fml.javafmlmod.AutomaticEventSubscriber/LOADING]: Auto-subscribing net.mcreator.borninchaosv.procedures.SearedspiritPProcedure to FORGE
[07Jan2026 20:58:45.443] [modloading-worker-0/DEBUG] [net.minecraftforge.fml.javafmlmod.AutomaticEventSubscriber/LOADING]: Auto-subscribing net.mcreator.borninchaosv.procedures.RampagePProcedure to FORGE
[07Jan2026 20:58:45.446] [modloading-worker-0/DEBUG] [net.minecraftforge.fml.javafmlmod.AutomaticEventSubscriber/LOADING]: Auto-subscribing net.mcreator.borninchaosv.procedures.PumpkinbruiserAtacProcedure to FORGE
[07Jan2026 20:58:45.446] [modloading-worker-0/DEBUG] [net.minecraftforge.fml.javafmlmod.AutomaticEventSubscriber/LOADING]: Auto-subscribing net.mcreator.borninchaosv.procedures.PositiveTamingProcedure to FORGE
[07Jan2026 20:58:45.448] [modloading-worker-0/DEBUG] [net.minecraftforge.fml.javafmlmod.AutomaticEventSubscriber/LOADING]: Auto-subscribing net.mcreator.borninchaosv.procedures.PositiveFertilizerProcedure to FORGE
[07Jan2026 20:58:45.448] [modloading-worker-0/DEBUG] [net.minecraftforge.fml.javafmlmod.AutomaticEventSubscriber/LOADING]: Auto-subscribing net.mcreator.borninchaosv.procedures.PiritAtacProcedure to FORGE
[07Jan2026 20:58:45.449] [modloading-worker-0/DEBUG] [net.minecraftforge.fml.javafmlmod.AutomaticEventSubscriber/LOADING]: Auto-subscribing net.mcreator.borninchaosv.procedures.ObsessiondeadProcedure to FORGE
[07Jan2026 20:58:45.450] [modloading-worker-0/DEBUG] [net.minecraftforge.fml.javafmlmod.AutomaticEventSubscriber/LOADING]: Auto-subscribing net.mcreator.borninchaosv.procedures.NightmareStalkerDamProcedure to FORGE
[07Jan2026 20:58:45.453] [modloading-worker-0/DEBUG] [net.minecraftforge.fml.config.ConfigTracker/CONFIG]: Config file securitycraft-client.toml for securitycraft tracking
[07Jan2026 20:58:45.452] [modloading-worker-0/DEBUG] [net.minecraftforge.fml.javafmlmod.AutomaticEventSubscriber/LOADING]: Auto-subscribing net.mcreator.borninchaosv.procedures.MrPumpkinAtacProcedure to FORGE
[07Jan2026 20:58:45.453] [modloading-worker-0/DEBUG] [net.minecraftforge.fml.config.ConfigTracker/CONFIG]: Config file securitycraft-server.toml for securitycraft tracking
[07Jan2026 20:58:45.455] [modloading-worker-0/DEBUG] [net.minecraftforge.fml.javafmlmod.AutomaticEventSubscriber/LOADING]: Auto-subscribing net.mcreator.borninchaosv.procedures.MotherSpiderAtackProcedure to FORGE
[07Jan2026 20:58:45.456] [modloading-worker-0/DEBUG] [net.minecraftforge.fml.javafmlmod.AutomaticEventSubscriber/LOADING]: Auto-subscribing net.mcreator.borninchaosv.procedures.MissionaryHatpProcedure to FORGE
[07Jan2026 20:58:45.457] [modloading-worker-0/DEBUG] [net.minecraftforge.fml.javafmlmod.AutomaticEventSubscriber/LOADING]: Auto-subscribing net.mcreator.borninchaosv.procedures.MissionaryAtacktargetProcedure to FORGE
[07Jan2026 20:58:45.459] [modloading-worker-0/DEBUG] [net.minecraftforge.fml.javafmlmod.AutomaticEventSubscriber/LOADING]: Auto-subscribing net.mcreator.borninchaosv.procedures.MinionsattacktargetProcedure to FORGE
[07Jan2026 20:58:45.460] [modloading-worker-0/DEBUG] [net.minecraftforge.fml.javafmlmod.AutomaticEventSubscriber/LOADING]: Auto-subscribing net.mcreator.borninchaosv.procedures.LunarSpruceCowboyPProcedure to FORGE
[07Jan2026 20:58:45.461] [modloading-worker-0/DEBUG] [net.minecraftforge.fml.javafmlmod.AutomaticEventSubscriber/LOADING]: Auto-subscribing net.mcreator.borninchaosv.procedures.LordsFelsteedatackProcedure to FORGE
[07Jan2026 20:58:45.464] [modloading-worker-0/DEBUG] [net.minecraftforge.fml.javafmlmod.AutomaticEventSubscriber/LOADING]: Auto-subscribing net.mcreator.borninchaosv.procedures.LordTheHeadlessAtackProcedure to FORGE
[07Jan2026 20:58:45.465] [modloading-worker-0/DEBUG] [net.minecraftforge.fml.javafmlmod.AutomaticEventSubscriber/LOADING]: Auto-subscribing net.mcreator.borninchaosv.procedures.LordPumpkinheadsHatHitProcedure to FORGE
[07Jan2026 20:58:45.466] [modloading-worker-0/DEBUG] [net.minecraftforge.fml.javafmlmod.AutomaticEventSubscriber/LOADING]: Auto-subscribing net.mcreator.borninchaosv.procedures.LordPumpkinheadatackProcedure to FORGE
[07Jan2026 20:58:45.466] [modloading-worker-0/DEBUG] [net.minecraftforge.fml.javafmlmod.AutomaticEventSubscriber/LOADING]: Auto-subscribing net.mcreator.borninchaosv.procedures.LivingcocoonplayersideDeadProcedure to FORGE
[07Jan2026 20:58:45.467] [modloading-worker-0/DEBUG] [net.minecraftforge.fml.javafmlmod.AutomaticEventSubscriber/LOADING]: Auto-subscribing net.mcreator.borninchaosv.procedures.LivingCocoonDeadProcedure to FORGE
[07Jan2026 20:58:45.468] [modloading-worker-0/DEBUG] [net.minecraftforge.fml.javafmlmod.AutomaticEventSubscriber/LOADING]: Auto-subscribing net.mcreator.borninchaosv.procedures.LifestealerTFAtackProcedure to FORGE
[07Jan2026 20:58:45.469] [modloading-worker-0/DEBUG] [net.minecraftforge.fml.javafmlmod.AutomaticEventSubscriber/LOADING]: Auto-subscribing net.mcreator.borninchaosv.procedures.LifestealerAtackProcedure to FORGE
[07Jan2026 20:58:45.470] [modloading-worker-0/DEBUG] [net.minecraftforge.fml.javafmlmod.AutomaticEventSubscriber/LOADING]: Auto-subscribing net.mcreator.borninchaosv.procedures.KrampusHenchmanAttackProcedure to FORGE
[07Jan2026 20:58:45.470] [modloading-worker-0/DEBUG] [mixin/]: Mixing HenchmanAttackMixin from borninconfiguration.mixins.json into net.mcreator.borninchaosv.procedures.KrampusHenchmanAttackProcedure
[07Jan2026 20:58:45.471] [modloading-worker-0/DEBUG] [mixin/]: borninconfiguration.mixins.json:HenchmanAttackMixin: Class version 61 required is higher than the class version supported by the current version of Mixin (JAVA_8 supports class version 52)
[07Jan2026 20:58:45.473] [modloading-worker-0/DEBUG] [net.minecraftforge.fml.javafmlmod.AutomaticEventSubscriber/LOADING]: Auto-subscribing net.mcreator.borninchaosv.procedures.KrampusAttackProcedure to FORGE
[07Jan2026 20:58:45.474] [modloading-worker-0/DEBUG] [net.minecraftforge.fml.javafmlmod.AutomaticEventSubscriber/LOADING]: Auto-subscribing net.mcreator.borninchaosv.procedures.KillinganimalsProcedure to FORGE
[07Jan2026 20:58:45.475] [modloading-worker-0/DEBUG] [net.minecraftforge.fml.javafmlmod.AutomaticEventSubscriber/LOADING]: Auto-subscribing net.mcreator.borninchaosv.procedures.KillingVillagersProcedure to FORGE
[07Jan2026 20:58:45.476] [modloading-worker-0/DEBUG] [net.minecraftforge.fml.javafmlmod.AutomaticEventSubscriber/LOADING]: Auto-subscribing net.mcreator.borninchaosv.procedures.InsectProtectionTrigerProcedure to FORGE
[07Jan2026 20:58:45.477] [modloading-worker-0/DEBUG] [net.minecraftforge.fml.javafmlmod.AutomaticEventSubscriber/LOADING]: Auto-subscribing net.mcreator.borninchaosv.procedures.InfernalSpiritAtackProcedure to FORGE
[07Jan2026 20:58:45.478] [modloading-worker-0/DEBUG] [net.minecraftforge.fml.javafmlmod.AutomaticEventSubscriber/LOADING]: Auto-subscribing net.mcreator.borninchaosv.procedures.IceBarrierAttackProcedure to FORGE
[07Jan2026 20:58:45.478] [modloading-worker-0/DEBUG] [net.minecraftforge.fml.javafmlmod.AutomaticEventSubscriber/LOADING]: Auto-subscribing net.mcreator.borninchaosv.procedures.HewnScorchedLogPProcedure to FORGE
[07Jan2026 20:58:45.479] [modloading-worker-0/DEBUG] [net.minecraftforge.fml.javafmlmod.AutomaticEventSubscriber/LOADING]: Auto-subscribing net.mcreator.borninchaosv.procedures.HalloweenEventSpawnProcedure to FORGE
[07Jan2026 20:58:45.480] [modloading-worker-0/DEBUG] [net.minecraftforge.fml.javafmlmod.AutomaticEventSubscriber/LOADING]: Auto-subscribing net.mcreator.borninchaosv.procedures.HalloweenEventDropProcedure to FORGE
[07Jan2026 20:58:45.481] [modloading-worker-0/DEBUG] [net.minecraftforge.fml.javafmlmod.AutomaticEventSubscriber/LOADING]: Auto-subscribing net.mcreator.borninchaosv.procedures.GluttonfishatackProcedure to FORGE
[07Jan2026 20:58:45.482] [modloading-worker-0/DEBUG] [net.minecraftforge.fml.javafmlmod.AutomaticEventSubscriber/LOADING]: Auto-subscribing net.mcreator.borninchaosv.procedures.FragileScorchedPlanksPProcedure to FORGE
[07Jan2026 20:58:45.483] [modloading-worker-0/DEBUG] [net.minecraftforge.fml.javafmlmod.AutomaticEventSubscriber/LOADING]: Auto-subscribing net.mcreator.borninchaosv.procedures.FirelightDProcedure to FORGE
[07Jan2026 20:58:45.484] [modloading-worker-0/DEBUG] [net.minecraftforge.fml.javafmlmod.AutomaticEventSubscriber/LOADING]: Auto-subscribing net.mcreator.borninchaosv.procedures.ExperienceContainerDeathProcedure to FORGE
[07Jan2026 20:58:45.484] [modloading-worker-0/DEBUG] [net.minecraftforge.fml.javafmlmod.AutomaticEventSubscriber/LOADING]: Attempting to inject @EventBusSubscriber classes into the eventbus for crafttweaker
[07Jan2026 20:58:45.484] [modloading-worker-0/DEBUG] [net.minecraftforge.fml.javafmlmod.AutomaticEventSubscriber/LOADING]: Auto-subscribing net.mcreator.borninchaosv.procedures.EvilCarvedPumpkinPProcedure to FORGE
[07Jan2026 20:58:45.485] [modloading-worker-0/DEBUG] [net.minecraftforge.fml.javafmlmod.AutomaticEventSubscriber/LOADING]: Auto-subscribing net.mcreator.borninchaosv.procedures.EatingRottenFleshProcedure to FORGE
[07Jan2026 20:58:45.486] [modloading-worker-0/DEBUG] [mixin/]: Mixing RottenConsumption from borninconfiguration.mixins.json into net.mcreator.borninchaosv.procedures.EatingRottenFleshProcedure
[07Jan2026 20:58:45.486] [modloading-worker-0/DEBUG] [mixin/]: borninconfiguration.mixins.json:RottenConsumption: Class version 61 required is higher than the class version supported by the current version of Mixin (JAVA_8 supports class version 52)
[07Jan2026 20:58:45.486] [modloading-worker-0/DEBUG] [net.minecraftforge.fml.javafmlmod.AutomaticEventSubscriber/LOADING]: Auto-subscribing com.blamejared.crafttweaker.impl.event.CTModEventHandler to MOD
[07Jan2026 20:58:45.488] [modloading-worker-0/DEBUG] [net.minecraftforge.fml.javafmlmod.AutomaticEventSubscriber/LOADING]: Auto-subscribing net.mcreator.borninchaosv.procedures.EasterDropProcedure to FORGE
[07Jan2026 20:58:45.489] [modloading-worker-0/DEBUG] [net.minecraftforge.fml.javafmlmod.AutomaticEventSubscriber/LOADING]: Auto-subscribing com.blamejared.crafttweaker.impl.event.CTCommonEventHandler to FORGE
[07Jan2026 20:58:45.489] [modloading-worker-0/DEBUG] [net.minecraftforge.fml.javafmlmod.AutomaticEventSubscriber/LOADING]: Auto-subscribing net.mcreator.borninchaosv.procedures.DreadHoundPriNazhatiiPravoiKnopkiNaSushchnostProcedure to FORGE
[07Jan2026 20:58:45.490] [modloading-worker-0/DEBUG] [net.minecraftforge.fml.javafmlmod.AutomaticEventSubscriber/LOADING]: Auto-subscribing net.mcreator.borninchaosv.procedures.DreadHoundAtacProcedure to FORGE
[07Jan2026 20:58:45.491] [modloading-worker-0/DEBUG] [net.minecraftforge.fml.javafmlmod.AutomaticEventSubscriber/LOADING]: Auto-subscribing net.mcreator.borninchaosv.procedures.DireHoundLeaderAtackProcedure to FORGE
[07Jan2026 20:58:45.492] [modloading-worker-0/DEBUG] [net.minecraftforge.fml.javafmlmod.AutomaticEventSubscriber/LOADING]: Auto-subscribing net.mcreator.borninchaosv.procedures.DimonBaitProcedure to FORGE
[07Jan2026 20:58:45.492] [modloading-worker-0/DEBUG] [net.minecraftforge.fml.javafmlmod.AutomaticEventSubscriber/LOADING]: Auto-subscribing net.mcreator.borninchaosv.procedures.DeathTotemKoghdaPriedmietNakhoditsiaVRukieProcedure to FORGE
[07Jan2026 20:58:45.493] [modloading-worker-0/DEBUG] [net.minecraftforge.fml.javafmlmod.AutomaticEventSubscriber/LOADING]: Auto-subscribing net.mcreator.borninchaosv.procedures.DarkWardActivProcedure to FORGE
[07Jan2026 20:58:45.494] [modloading-worker-0/DEBUG] [net.minecraftforge.fml.javafmlmod.AutomaticEventSubscriber/LOADING]: Auto-subscribing net.mcreator.borninchaosv.procedures.DarkRitualDaggerPProcedure to FORGE
[07Jan2026 20:58:45.495] [modloading-worker-0/DEBUG] [net.minecraftforge.fml.javafmlmod.AutomaticEventSubscriber/LOADING]: Auto-subscribing net.mcreator.borninchaosv.procedures.DZombieDProcedure to FORGE
[07Jan2026 20:58:45.496] [modloading-worker-0/DEBUG] [net.minecraftforge.fml.javafmlmod.AutomaticEventSubscriber/LOADING]: Auto-subscribing net.mcreator.borninchaosv.procedures.CursedMarkAtacProcedure to FORGE
[07Jan2026 20:58:45.497] [modloading-worker-0/DEBUG] [mixin/]: Mixing CursedMarkAttack from borninconfiguration.mixins.json into net.mcreator.borninchaosv.procedures.CursedMarkAtacProcedure
[07Jan2026 20:58:45.497] [modloading-worker-0/DEBUG] [mixin/]: borninconfiguration.mixins.json:CursedMarkAttack: Class version 61 required is higher than the class version supported by the current version of Mixin (JAVA_8 supports class version 52)
[07Jan2026 20:58:45.499] [modloading-worker-0/DEBUG] [net.minecraftforge.fml.javafmlmod.AutomaticEventSubscriber/LOADING]: Auto-subscribing net.mcreator.borninchaosv.procedures.CorpseflyatacProcedure to FORGE
[07Jan2026 20:58:45.504] [modloading-worker-0/DEBUG] [net.minecraftforge.fml.javafmlmod.AutomaticEventSubscriber/LOADING]: Auto-subscribing net.mcreator.borninchaosv.procedures.BoneBarrierProProcedure to FORGE
[07Jan2026 20:58:45.508] [modloading-worker-0/DEBUG] [net.minecraftforge.fml.javafmlmod.AutomaticEventSubscriber/LOADING]: Auto-subscribing net.mcreator.borninchaosv.procedures.BloodyGadflyAtacProcedure to FORGE
[07Jan2026 20:58:45.509] [modloading-worker-0/DEBUG] [net.minecraftforge.fml.javafmlmod.AutomaticEventSubscriber/LOADING]: Auto-subscribing net.mcreator.borninchaosv.procedures.BlockSkeletonTrasherProcedure to FORGE
[07Jan2026 20:58:45.510] [modloading-worker-0/DEBUG] [net.minecraftforge.fml.javafmlmod.AutomaticEventSubscriber/LOADING]: Auto-subscribing net.mcreator.borninchaosv.procedures.BabyspidercontrolledAtackProcedure to FORGE
[07Jan2026 20:58:45.511] [modloading-worker-0/DEBUG] [net.minecraftforge.fml.javafmlmod.AutomaticEventSubscriber/LOADING]: Auto-subscribing net.mcreator.borninchaosv.procedures.BabySpiderAtackProcedure to FORGE
[07Jan2026 20:58:45.512] [modloading-worker-0/DEBUG] [net.minecraftforge.fml.javafmlmod.AutomaticEventSubscriber/LOADING]: Auto-subscribing net.mcreator.borninchaosv.procedures.AxeAtackProcedure to FORGE
[07Jan2026 20:58:45.513] [modloading-worker-0/DEBUG] [mixin/]: Mixing AxeAttackMixin from borninconfiguration.mixins.json into net.mcreator.borninchaosv.procedures.AxeAtackProcedure
[07Jan2026 20:58:45.513] [modloading-worker-0/DEBUG] [mixin/]: borninconfiguration.mixins.json:AxeAttackMixin: Class version 61 required is higher than the class version supported by the current version of Mixin (JAVA_8 supports class version 52)
[07Jan2026 20:58:45.520] [modloading-worker-0/DEBUG] [net.minecraftforge.fml.javafmlmod.AutomaticEventSubscriber/LOADING]: Auto-subscribing net.mcreator.borninchaosv.procedures.AttackoftheDisobedientProcedure to FORGE
[07Jan2026 20:58:45.520] [modloading-worker-0/DEBUG] [net.minecraftforge.fml.javafmlmod.AutomaticEventSubscriber/LOADING]: Auto-subscribing net.mcreator.borninchaosv.network.BornInChaosV1ModVariables to MOD
[07Jan2026 20:58:45.522] [modloading-worker-0/DEBUG] [net.minecraftforge.fml.javafmlmod.AutomaticEventSubscriber/LOADING]: Auto-subscribing net.mcreator.borninchaosv.network.BornInChaosV1ModVariables$PlayerVariablesProvider to FORGE
[07Jan2026 20:58:45.524] [modloading-worker-0/DEBUG] [net.minecraftforge.fml.javafmlmod.AutomaticEventSubscriber/LOADING]: Auto-subscribing net.mcreator.borninchaosv.network.BornInChaosV1ModVariables$EventBusVariableHandlers to FORGE
[07Jan2026 20:58:45.525] [modloading-worker-0/DEBUG] [net.minecraftforge.fml.javafmlmod.AutomaticEventSubscriber/LOADING]: Auto-subscribing net.mcreator.borninchaosv.init.ItemAnimationFactory to FORGE
[07Jan2026 20:58:45.526] [modloading-worker-0/DEBUG] [net.minecraftforge.fml.javafmlmod.AutomaticEventSubscriber/LOADING]: Auto-subscribing net.mcreator.borninchaosv.init.EntityAnimationFactory to FORGE
[07Jan2026 20:58:45.528] [modloading-worker-0/DEBUG] [net.minecraftforge.fml.javafmlmod.AutomaticEventSubscriber/LOADING]: Auto-subscribing net.mcreator.borninchaosv.init.BornInChaosV1ModGameRules to MOD
[07Jan2026 20:58:45.529] [modloading-worker-0/DEBUG] [net.minecraftforge.fml.javafmlmod.AutomaticEventSubscriber/LOADING]: Auto-subscribing net.mcreator.borninchaosv.init.BornInChaosV1ModFuels to FORGE
[07Jan2026 20:58:45.530] [modloading-worker-0/DEBUG] [net.minecraftforge.fml.javafmlmod.AutomaticEventSubscriber/LOADING]: Auto-subscribing net.mcreator.borninchaosv.init.BornInChaosV1ModFeatures to FORGE
[07Jan2026 20:58:45.530] [modloading-worker-0/DEBUG] [net.minecraftforge.fml.javafmlmod.AutomaticEventSubscriber/LOADING]: Auto-subscribing net.mcreator.borninchaosv.init.BornInChaosV1ModEntities to MOD
[07Jan2026 20:58:45.531] [modloading-worker-0/DEBUG] [net.minecraftforge.fml.javafmlmod.AutomaticEventSubscriber/LOADING]: Auto-subscribing net.mcreator.borninchaosv.init.BornInChaosV1ModCompostableItems to MOD
[07Jan2026 20:58:45.551] [modloading-worker-0/DEBUG] [net.minecraftforge.fml.config.ConfigTracker/CONFIG]: Config file tombstone-client.toml for tombstone tracking
[07Jan2026 20:58:45.552] [modloading-worker-0/DEBUG] [net.minecraftforge.fml.config.ConfigTracker/CONFIG]: Config file tombstone-common.toml for tombstone tracking
[07Jan2026 20:58:45.560] [modloading-worker-0/DEBUG] [net.minecraftforge.fml.config.ConfigTracker/CONFIG]: Config file tombstone-server.toml for tombstone tracking
[07Jan2026 20:58:45.565] [modloading-worker-0/DEBUG] [net.minecraftforge.fml.javafmlmod.AutomaticEventSubscriber/LOADING]: Attempting to inject @EventBusSubscriber classes into the eventbus for tombstone
[07Jan2026 20:58:45.565] [modloading-worker-0/DEBUG] [net.minecraftforge.fml.javafmlmod.AutomaticEventSubscriber/LOADING]: Auto-subscribing ovh.corail.tombstone.registry.Registration to MOD
[07Jan2026 20:58:45.566] [modloading-worker-0/DEBUG] [net.minecraftforge.fml.javafmlmod.AutomaticEventSubscriber/LOADING]: Auto-subscribing ovh.corail.tombstone.perk.PerkRegistry to MOD
[07Jan2026 20:58:45.571] [modloading-worker-0/DEBUG] [net.minecraftforge.fml.javafmlmod.AutomaticEventSubscriber/LOADING]: Auto-subscribing ovh.corail.tombstone.helper.PlacedBlocksTracker$PlacedBlocksEvents to FORGE
[07Jan2026 20:58:45.572] [modloading-worker-0/DEBUG] [net.minecraftforge.fml.javafmlmod.AutomaticEventSubscriber/LOADING]: Auto-subscribing ovh.corail.tombstone.helper.LootHelper to FORGE
[07Jan2026 20:58:45.577] [modloading-worker-0/DEBUG] [net.minecraftforge.fml.javafmlmod.AutomaticEventSubscriber/LOADING]: Attempting to inject @EventBusSubscriber classes into the eventbus for architectury
[07Jan2026 20:58:45.577] [modloading-worker-0/DEBUG] [net.minecraftforge.fml.javafmlmod.AutomaticEventSubscriber/LOADING]: Auto-subscribing dev.architectury.registry.level.entity.trade.forge.TradeRegistryImpl to FORGE
[07Jan2026 20:58:45.581] [modloading-worker-0/DEBUG] [net.minecraftforge.fml.javafmlmod.AutomaticEventSubscriber/LOADING]: Auto-subscribing dev.architectury.registry.forge.ReloadListenerRegistryImpl to FORGE
[07Jan2026 20:58:45.582] [modloading-worker-0/DEBUG] [net.minecraftforge.fml.javafmlmod.AutomaticEventSubscriber/LOADING]: Auto-subscribing dev.architectury.networking.forge.NetworkManagerImpl to FORGE
[07Jan2026 20:58:45.606] [modloading-worker-0/DEBUG] [net.minecraftforge.fml.javafmlmod.AutomaticEventSubscriber/LOADING]: Auto-subscribing ovh.corail.tombstone.event.EventHandler to FORGE
[07Jan2026 20:58:45.718] [modloading-worker-0/DEBUG] [net.minecraftforge.fml.javafmlmod.AutomaticEventSubscriber/LOADING]: Auto-subscribing ovh.corail.tombstone.config.ConfigTombstone$ConfigEvent to MOD
[07Jan2026 20:58:45.719] [modloading-worker-0/DEBUG] [net.minecraftforge.fml.javafmlmod.AutomaticEventSubscriber/LOADING]: Attempting to inject @EventBusSubscriber classes into the eventbus for ferritecore
[07Jan2026 20:58:45.719] [modloading-worker-0/DEBUG] [net.minecraftforge.fml.javafmlmod.AutomaticEventSubscriber/LOADING]: Attempting to inject @EventBusSubscriber classes into the eventbus for puzzleslib
[07Jan2026 20:58:45.720] [modloading-worker-0/DEBUG] [net.minecraftforge.fml.javafmlmod.AutomaticEventSubscriber/LOADING]: Auto-subscribing fuzs.puzzleslib.impl.PuzzlesLibForge to MOD
[07Jan2026 20:58:45.769] [modloading-worker-0/INFO] [Puzzles Lib/]: Constructing common components for puzzleslib:main
[07Jan2026 20:58:45.781] [modloading-worker-0/DEBUG] [mixin/]: Mixing MixinEntitySpawnExtension from architectury.mixins.json into dev.architectury.extensions.network.EntitySpawnExtension
[07Jan2026 20:58:45.784] [modloading-worker-0/INFO] [thedarkcolour.kotlinforforge.test.KotlinForForge/]: Kotlin For Forge Enabled!
[07Jan2026 20:58:45.786] [modloading-worker-0/DEBUG] [thedarkcolour.kotlinforforge.LoggerKt/LOADING]: Attempting to inject @EventBusSubscriber kotlin objects in to the event bus for kotlinforforge
[07Jan2026 20:58:45.813] [modloading-worker-0/DEBUG] [mixin/]: Mixing AnimationControllerAccessor from fossil_common.mixins.json into software.bernie.geckolib.core.animation.AnimationController
[07Jan2026 20:58:45.813] [modloading-worker-0/DEBUG] [mixin/]: Mixing AnimationControllerMixin from fossil_common.mixins.json into software.bernie.geckolib.core.animation.AnimationController
[07Jan2026 20:58:45.823] [modloading-worker-0/INFO] [ObservableNet/]: Registering class observable.net.BetterChannel$PartialPacketBegin
[07Jan2026 20:58:45.839] [modloading-worker-0/INFO] [be.florens.expandability.ExpandAbility/]: ExpandAbility here, who dis?
[07Jan2026 20:58:45.839] [modloading-worker-0/DEBUG] [net.minecraftforge.fml.javafmlmod.AutomaticEventSubscriber/LOADING]: Attempting to inject @EventBusSubscriber classes into the eventbus for expandability
[07Jan2026 20:58:45.840] [modloading-worker-0/DEBUG] [net.minecraftforge.fml.javafmlmod.AutomaticEventSubscriber/LOADING]: Attempting to inject @EventBusSubscriber classes into the eventbus for moblassos
[07Jan2026 20:58:45.840] [modloading-worker-0/DEBUG] [net.minecraftforge.fml.javafmlmod.AutomaticEventSubscriber/LOADING]: Auto-subscribing fuzs.moblassos.MobLassosForge to MOD
[07Jan2026 20:58:45.853] [modloading-worker-0/INFO] [Puzzles Lib/]: Constructing common components for moblassos:main
[07Jan2026 20:58:45.860] [modloading-worker-0/DEBUG] [net.minecraftforge.fml.config.ConfigTracker/CONFIG]: Config file moblassos-server.toml for moblassos tracking
[07Jan2026 20:58:45.881] [modloading-worker-0/INFO] [dev.architectury.networking.forge.NetworkManagerImpl/]: Registering C2S receiver with id minecraft:channel/observable/61a49a35c5283c0aaa7b0dfea5b7a53a
[07Jan2026 20:58:45.881] [modloading-worker-0/INFO] [ObservableNet/]: Registered class observable.net.BetterChannel$PartialPacketBegin
[07Jan2026 20:58:45.882] [modloading-worker-0/INFO] [ObservableNet/]: Registering class observable.net.BetterChannel$PartialPacketData
[07Jan2026 20:58:45.897] [modloading-worker-0/INFO] [dev.architectury.networking.forge.NetworkManagerImpl/]: Registering C2S receiver with id minecraft:channel/observable/3dd73fd88be832559bc3a3c4a2e63b4a
[07Jan2026 20:58:45.899] [modloading-worker-0/INFO] [ObservableNet/]: Registered class observable.net.BetterChannel$PartialPacketData
[07Jan2026 20:58:45.911] [modloading-worker-0/INFO] [ObservableNet/]: Registering class observable.net.C2SPacket$InitTPSProfile
[07Jan2026 20:58:45.920] [modloading-worker-0/INFO] [dev.architectury.networking.forge.NetworkManagerImpl/]: Registering C2S receiver with id minecraft:channel/observable/b453c08f23b83b82b690c31bf8b2a45a
[07Jan2026 20:58:45.921] [modloading-worker-0/INFO] [ObservableNet/]: Registered class observable.net.C2SPacket$InitTPSProfile
[07Jan2026 20:58:45.922] [modloading-worker-0/INFO] [ObservableNet/]: Registering class observable.net.C2SPacket$RequestAvailability
[07Jan2026 20:58:45.927] [modloading-worker-0/INFO] [dev.architectury.networking.forge.NetworkManagerImpl/]: Registering C2S receiver with id minecraft:channel/observable/0c662822629034678f5a8f0e70375315
[07Jan2026 20:58:45.927] [modloading-worker-0/INFO] [ObservableNet/]: Registered class observable.net.C2SPacket$RequestAvailability
[07Jan2026 20:58:45.928] [modloading-worker-0/INFO] [ObservableNet/]: Registering class observable.net.S2CPacket$ProfilingStarted
[07Jan2026 20:58:45.937] [modloading-worker-0/DEBUG] [playerrevive/]: Created network playerrevive:main
[07Jan2026 20:58:45.939] [modloading-worker-0/DEBUG] [net.minecraftforge.fml.javafmlmod.AutomaticEventSubscriber/LOADING]: Attempting to inject @EventBusSubscriber classes into the eventbus for playerrevive
[07Jan2026 20:58:45.938] [modloading-worker-0/INFO] [dev.architectury.networking.forge.NetworkManagerImpl/]: Registering C2S receiver with id minecraft:channel/observable/2e815604a29b3a5cbfe0208e619d86c4
[07Jan2026 20:58:45.940] [modloading-worker-0/INFO] [ObservableNet/]: Registered class observable.net.S2CPacket$ProfilingStarted
[07Jan2026 20:58:45.940] [modloading-worker-0/INFO] [ObservableNet/]: Registering class observable.net.S2CPacket$ProfilingCompleted
[07Jan2026 20:58:45.943] [modloading-worker-0/INFO] [dev.architectury.networking.forge.NetworkManagerImpl/]: Registering C2S receiver with id minecraft:channel/observable/9ae83199b65a3768862799cc5e461a02
[07Jan2026 20:58:45.944] [modloading-worker-0/INFO] [ObservableNet/]: Registered class observable.net.S2CPacket$ProfilingCompleted
[07Jan2026 20:58:45.945] [modloading-worker-0/INFO] [ObservableNet/]: Registering class observable.net.S2CPacket$ProfilerInactive
[07Jan2026 20:58:45.952] [modloading-worker-0/INFO] [dev.architectury.networking.forge.NetworkManagerImpl/]: Registering C2S receiver with id minecraft:channel/observable/ae8dfae1238e312397aa53e9d14c45ca
[07Jan2026 20:58:45.952] [modloading-worker-0/INFO] [ObservableNet/]: Registered class observable.net.S2CPacket$ProfilerInactive
[07Jan2026 20:58:45.954] [modloading-worker-0/INFO] [ObservableNet/]: Registering class observable.net.S2CPacket$ProfilingResult
[07Jan2026 20:58:45.963] [modloading-worker-0/INFO] [dev.architectury.networking.forge.NetworkManagerImpl/]: Registering C2S receiver with id minecraft:channel/observable/3a94cae7336038df9152bcb7b4b94825
[07Jan2026 20:58:45.963] [modloading-worker-0/INFO] [ObservableNet/]: Registered class observable.net.S2CPacket$ProfilingResult
[07Jan2026 20:58:45.964] [modloading-worker-0/INFO] [ObservableNet/]: Registering class observable.net.S2CPacket$Availability
[07Jan2026 20:58:45.971] [modloading-worker-0/INFO] [dev.architectury.networking.forge.NetworkManagerImpl/]: Registering C2S receiver with id minecraft:channel/observable/c86a824e756d312396d1ba30e943e6aa
[07Jan2026 20:58:45.971] [modloading-worker-0/INFO] [ObservableNet/]: Registered class observable.net.S2CPacket$Availability
[07Jan2026 20:58:45.972] [modloading-worker-0/DEBUG] [net.minecraftforge.fml.javafmlmod.AutomaticEventSubscriber/LOADING]: Attempting to inject @EventBusSubscriber classes into the eventbus for observable
[07Jan2026 20:58:46.011] [modloading-worker-0/DEBUG] [net.minecraftforge.fml.javafmlmod.AutomaticEventSubscriber/LOADING]: Attempting to inject @EventBusSubscriber classes into the eventbus for securitycraft
[07Jan2026 20:58:46.011] [modloading-worker-0/DEBUG] [net.minecraftforge.fml.javafmlmod.AutomaticEventSubscriber/LOADING]: Auto-subscribing net.geforcemods.securitycraft.api.SecurityCraftAPI to MOD
[07Jan2026 20:58:46.013] [modloading-worker-0/DEBUG] [net.minecraftforge.fml.javafmlmod.AutomaticEventSubscriber/LOADING]: Auto-subscribing net.geforcemods.securitycraft.SecurityCraft to MOD
[07Jan2026 20:58:46.013] [modloading-worker-0/DEBUG] [net.minecraftforge.fml.javafmlmod.AutomaticEventSubscriber/LOADING]: Auto-subscribing net.geforcemods.securitycraft.SCEventHandler to FORGE
[07Jan2026 20:58:46.021] [modloading-worker-0/DEBUG] [net.minecraftforge.fml.javafmlmod.AutomaticEventSubscriber/LOADING]: Auto-subscribing net.geforcemods.securitycraft.RegistrationHandler to MOD
[07Jan2026 20:58:46.023] [modloading-worker-0/DEBUG] [net.minecraftforge.fml.javafmlmod.AutomaticEventSubscriber/LOADING]: Auto-subscribing net.geforcemods.securitycraft.ConfigHandler to MOD
[07Jan2026 20:58:46.094] [modloading-worker-0/DEBUG] [mixin/]: Mixing EnergyContainerBlockEntityMixin from fossil_forge.mixins.json into com.github.teamfossilsarcheology.fossil.block.entity.EnergyContainerBlockEntity
[07Jan2026 20:58:46.096] [modloading-worker-0/DEBUG] [mixin/]: Renaming synthetic method lambda$onLoad$0()Lnet/minecraftforge/energy/IEnergyStorage; to md227283$lambda$onLoad$0$0 in fossil_forge.mixins.json:EnergyContainerBlockEntityMixin
[07Jan2026 20:58:46.098] [modloading-worker-0/DEBUG] [mixin/]: Mixing MachineContainerBlockEntityMixin from fossil_forge.mixins.json into com.github.teamfossilsarcheology.fossil.block.entity.MachineContainerBlockEntity
[07Jan2026 20:58:46.141] [modloading-worker-0/INFO] [dev.architectury.networking.forge.NetworkManagerImpl/]: Registering C2S receiver with id fossil:cap_channel/537e4f78f24b30e4bee5892e8d9314fa
[07Jan2026 20:58:46.142] [modloading-worker-0/INFO] [dev.architectury.networking.forge.NetworkManagerImpl/]: Registering C2S receiver with id fossil:sync_channel/f7d73d83d6fa3fb99fb754f57f7238af
[07Jan2026 20:58:46.143] [modloading-worker-0/INFO] [dev.architectury.networking.forge.NetworkManagerImpl/]: Registering C2S receiver with id fossil:sync_channel/5ecf814711a7357f8ebd58d771f05139
[07Jan2026 20:58:46.144] [modloading-worker-0/INFO] [dev.architectury.networking.forge.NetworkManagerImpl/]: Registering C2S receiver with id fossil:sync_channel/2ae61e410df635b2b2c2d4eaa7b7afcb
[07Jan2026 20:58:46.145] [modloading-worker-0/INFO] [dev.architectury.networking.forge.NetworkManagerImpl/]: Registering C2S receiver with id fossil:sync_channel/600dc9ad56393757ae8315ba075af416
[07Jan2026 20:58:46.146] [modloading-worker-0/INFO] [dev.architectury.networking.forge.NetworkManagerImpl/]: Registering C2S receiver with id fossil:sync_channel/ec18fa987d5331379c9156102188220c
[07Jan2026 20:58:46.147] [modloading-worker-0/INFO] [dev.architectury.networking.forge.NetworkManagerImpl/]: Registering C2S receiver with id fossil:sync_channel/b0228010ee3d3689beb49186e8009925
[07Jan2026 20:58:46.148] [modloading-worker-0/INFO] [dev.architectury.networking.forge.NetworkManagerImpl/]: Registering C2S receiver with id fossil:sync_channel/ed688e568fc63151a34c0f912fce9d27
[07Jan2026 20:58:46.149] [modloading-worker-0/INFO] [dev.architectury.networking.forge.NetworkManagerImpl/]: Registering C2S receiver with id fossil:sync_channel/8aaf614d5e2d39dd9e136e8c430145a9
[07Jan2026 20:58:46.150] [modloading-worker-0/INFO] [dev.architectury.networking.forge.NetworkManagerImpl/]: Registering C2S receiver with id fossil:sync_channel/08e9f40b177134efbc5eb99e2ad6bcb5
[07Jan2026 20:58:46.151] [modloading-worker-0/INFO] [dev.architectury.networking.forge.NetworkManagerImpl/]: Registering C2S receiver with id fossil:sync_channel/531d15ea7fd13018964a31b3ccac540a
[07Jan2026 20:58:46.155] [modloading-worker-0/DEBUG] [net.minecraftforge.fml.config.ConfigTracker/CONFIG]: Config file fossil-common.toml for fossil tracking
[07Jan2026 20:58:46.155] [modloading-worker-0/DEBUG] [net.minecraftforge.fml.config.ConfigTracker/CONFIG]: Config file fossil-client.toml for fossil tracking
[07Jan2026 20:58:46.156] [modloading-worker-0/DEBUG] [net.minecraftforge.fml.javafmlmod.AutomaticEventSubscriber/LOADING]: Attempting to inject @EventBusSubscriber classes into the eventbus for fossil
[07Jan2026 20:58:46.156] [modloading-worker-0/DEBUG] [net.minecraftforge.fml.javafmlmod.AutomaticEventSubscriber/LOADING]: Auto-subscribing com.github.teamfossilsarcheology.fossil.world.feature.village.forge.ModVillagesImpl to FORGE
[07Jan2026 20:58:46.157] [modloading-worker-0/DEBUG] [net.minecraftforge.fml.javafmlmod.AutomaticEventSubscriber/LOADING]: Auto-subscribing com.github.teamfossilsarcheology.fossil.world.feature.forge.ModFeaturesImpl to MOD
[07Jan2026 20:58:46.157] [modloading-worker-0/DEBUG] [net.minecraftforge.fml.javafmlmod.AutomaticEventSubscriber/LOADING]: Auto-subscribing com.github.teamfossilsarcheology.fossil.forge.event.ForgeModEvents to FORGE
[07Jan2026 20:58:46.161] [modloading-worker-0/DEBUG] [net.minecraftforge.fml.javafmlmod.AutomaticEventSubscriber/LOADING]: Auto-subscribing com.github.teamfossilsarcheology.fossil.forge.data.DataGenerators to MOD
[07Jan2026 20:58:46.767] [main/DEBUG] [net.minecraftforge.common.capabilities.CapabilityManager/CAPABILITIES]: Attempting to automatically register: Lcom/tiviacz/travelersbackpack/capability/ITravelersBackpack;
[07Jan2026 20:58:46.767] [main/DEBUG] [net.minecraftforge.common.capabilities.CapabilityManager/CAPABILITIES]: Attempting to automatically register: Lnet/minecraftforge/energy/IEnergyStorage;
[07Jan2026 20:58:46.767] [main/DEBUG] [net.minecraftforge.common.capabilities.CapabilityManager/CAPABILITIES]: Attempting to automatically register: Lnet/minecraftforge/fluids/capability/IFluidHandler;
[07Jan2026 20:58:46.767] [main/DEBUG] [net.minecraftforge.common.capabilities.CapabilityManager/CAPABILITIES]: Attempting to automatically register: Lnet/minecraftforge/fluids/capability/IFluidHandlerItem;
[07Jan2026 20:58:46.767] [main/DEBUG] [net.minecraftforge.common.capabilities.CapabilityManager/CAPABILITIES]: Attempting to automatically register: Lnet/minecraftforge/items/IItemHandler;
[07Jan2026 20:58:47.178] [main/WARN] [net.minecraftforge.registries.ForgeRegistry/REGISTRIES]: Registry minecraft:sound_event: The object net.minecraft.sounds.SoundEvent@7dfccbf2 has been registered twice for the same name treechop:chop_wood.
[07Jan2026 20:58:47.322] [main/WARN] [dev.architectury.registry.registries.forge.RegistrarManagerImpl/]: Registry entry listened Registry Entry [minecraft:block / fossil:stripped_mutant_tree_log] was not realized!
[07Jan2026 20:58:47.322] [main/WARN] [dev.architectury.registry.registries.forge.RegistrarManagerImpl/]: Registry entry listened Registry Entry [minecraft:block / fossil:stripped_sigillaria_wood] was not realized!
[07Jan2026 20:58:47.323] [main/WARN] [dev.architectury.registry.registries.forge.RegistrarManagerImpl/]: Registry entry listened Registry Entry [minecraft:block / fossil:stripped_cordaites_log] was not realized!
[07Jan2026 20:58:47.323] [main/WARN] [dev.architectury.registry.registries.forge.RegistrarManagerImpl/]: Registry entry listened Registry Entry [minecraft:block / fossil:stripped_calamites_wood] was not realized!
[07Jan2026 20:58:47.323] [main/WARN] [dev.architectury.registry.registries.forge.RegistrarManagerImpl/]: Registry entry listened Registry Entry [minecraft:block / fossil:stripped_tempskya_wood] was not realized!
[07Jan2026 20:58:47.323] [main/WARN] [dev.architectury.registry.registries.forge.RegistrarManagerImpl/]: Registry entry listened Registry Entry [minecraft:block / fossil:stripped_mutant_tree_wood] was not realized!
[07Jan2026 20:58:47.323] [main/WARN] [dev.architectury.registry.registries.forge.RegistrarManagerImpl/]: Registry entry listened Registry Entry [minecraft:block / fossil:stripped_calamites_log] was not realized!
[07Jan2026 20:58:47.323] [main/WARN] [dev.architectury.registry.registries.forge.RegistrarManagerImpl/]: Registry entry listened Registry Entry [minecraft:block / fossil:stripped_sigillaria_log] was not realized!
[07Jan2026 20:58:47.323] [main/WARN] [dev.architectury.registry.registries.forge.RegistrarManagerImpl/]: Registry entry listened Registry Entry [minecraft:block / fossil:stripped_palm_wood] was not realized!
[07Jan2026 20:58:47.324] [main/WARN] [dev.architectury.registry.registries.forge.RegistrarManagerImpl/]: Registry entry listened Registry Entry [minecraft:block / fossil:stripped_palm_log] was not realized!
[07Jan2026 20:58:47.324] [main/WARN] [dev.architectury.registry.registries.forge.RegistrarManagerImpl/]: Registry entry listened Registry Entry [minecraft:block / fossil:stripped_cordaites_wood] was not realized!
[07Jan2026 20:58:47.324] [main/WARN] [dev.architectury.registry.registries.forge.RegistrarManagerImpl/]: Registry entry listened Registry Entry [minecraft:block / fossil:stripped_tempskya_log] was not realized!
[07Jan2026 20:58:48.027] [main/WARN] [dev.architectury.registry.registries.forge.RegistrarManagerImpl/]: Registry entry listened Registry Entry [minecraft:item / fossil:cooked_compsognathus] was not realized!
[07Jan2026 20:58:48.028] [main/WARN] [dev.architectury.registry.registries.forge.RegistrarManagerImpl/]: Registry entry listened Registry Entry [minecraft:item / fossil:bone_foot_elasmotherium] was not realized!
[07Jan2026 20:58:48.028] [main/WARN] [dev.architectury.registry.registries.forge.RegistrarManagerImpl/]: Registry entry listened Registry Entry [minecraft:item / fossil:egg_item_tropical_fish] was not realized!
[07Jan2026 20:58:48.028] [main/WARN] [dev.architectury.registry.registries.forge.RegistrarManagerImpl/]: Registry entry listened Registry Entry [minecraft:item / fossil:bone_ribcage_pteranodon] was not realized!
[07Jan2026 20:58:48.028] [main/WARN] [dev.architectury.registry.registries.forge.RegistrarManagerImpl/]: Registry entry listened Registry Entry [minecraft:item / fossil:meat_citipati] was not realized!
[07Jan2026 20:58:48.028] [main/WARN] [dev.architectury.registry.registries.forge.RegistrarManagerImpl/]: Registry entry listened Registry Entry [minecraft:item / fossil:bone_skull_triceratops] was not realized!
[07Jan2026 20:58:48.029] [main/WARN] [dev.architectury.registry.registries.forge.RegistrarManagerImpl/]: Registry entry listened Registry Entry [minecraft:item / fossil:meat_therizinosaurus] was not realized!
[07Jan2026 20:58:48.029] [main/WARN] [dev.architectury.registry.registries.forge.RegistrarManagerImpl/]: Registry entry listened Registry Entry [minecraft:item / fossil:cow_dna] was not realized!
[07Jan2026 20:58:48.029] [main/WARN] [dev.architectury.registry.registries.forge.RegistrarManagerImpl/]: Registry entry listened Registry Entry [minecraft:item / fossil:egg_item_therizinosaurus] was not realized!
[07Jan2026 20:58:48.029] [main/WARN] [dev.architectury.registry.registries.forge.RegistrarManagerImpl/]: Registry entry listened Registry Entry [minecraft:item / fossil:velociraptor_dna] was not realized!
[07Jan2026 20:58:48.029] [main/WARN] [dev.architectury.registry.registries.forge.RegistrarManagerImpl/]: Registry entry listened Registry Entry [minecraft:item / fossil:aquilolamna_dna] was not realized!
[07Jan2026 20:58:48.029] [main/WARN] [dev.architectury.registry.registries.forge.RegistrarManagerImpl/]: Registry entry listened Registry Entry [minecraft:item / fossil:cooked_nautilus] was not realized!
[07Jan2026 20:58:48.029] [main/WARN] [dev.architectury.registry.registries.forge.RegistrarManagerImpl/]: Registry entry listened Registry Entry [minecraft:item / fossil:spawn_egg_henodus] was not realized!
[07Jan2026 20:58:48.029] [main/WARN] [dev.architectury.registry.registries.forge.RegistrarManagerImpl/]: Registry entry listened Registry Entry [minecraft:item / fossil:cooked_pteranodon] was not realized!
[07Jan2026 20:58:48.029] [main/WARN] [dev.architectury.registry.registries.forge.RegistrarManagerImpl/]: Registry entry listened Registry Entry [minecraft:item / fossil:bone_foot_velociraptor] was not realized!
[07Jan2026 20:58:48.030] [main/WARN] [dev.architectury.registry.registries.forge.RegistrarManagerImpl/]: Registry entry listened Registry Entry [minecraft:item / fossil:bone_vertebrae_tiktaalik] was not realized!
[07Jan2026 20:58:48.030] [main/WARN] [dev.architectury.registry.registries.forge.RegistrarManagerImpl/]: Registry entry listened Registry Entry [minecraft:item / fossil:bone_vertebrae_velociraptor] was not realized!
[07Jan2026 20:58:48.030] [main/WARN] [dev.architectury.registry.registries.forge.RegistrarManagerImpl/]: Registry entry listened Registry Entry [minecraft:item / fossil:gastornis_dna] was not realized!
[07Jan2026 20:58:48.030] [main/WARN] [dev.architectury.registry.registries.forge.RegistrarManagerImpl/]: Registry entry listened Registry Entry [minecraft:item / fossil:meat_nautilus] was not realized!
[07Jan2026 20:58:48.030] [main/WARN] [dev.architectury.registry.registries.forge.RegistrarManagerImpl/]: Registry entry listened Registry Entry [minecraft:item / fossil:meat_alligator_gar] was not realized!
[07Jan2026 20:58:48.030] [main/WARN] [dev.architectury.registry.registries.forge.RegistrarManagerImpl/]: Registry entry listened Registry Entry [minecraft:item / fossil:spawn_egg_dimorphodon] was not realized!
[07Jan2026 20:58:48.030] [main/WARN] [dev.architectury.registry.registries.forge.RegistrarManagerImpl/]: Registry entry listened Registry Entry [minecraft:item / fossil:bone_vertebrae_mammoth] was not realized!
[07Jan2026 20:58:48.030] [main/WARN] [dev.architectury.registry.registries.forge.RegistrarManagerImpl/]: Registry entry listened Registry Entry [minecraft:item / fossil:meat_brachiosaurus] was not realized!
[07Jan2026 20:58:48.031] [main/WARN] [dev.architectury.registry.registries.forge.RegistrarManagerImpl/]: Registry entry listened Registry Entry [minecraft:item / fossil:egg_item_liopleurodon] was not realized!
[07Jan2026 20:58:48.031] [main/WARN] [dev.architectury.registry.registries.forge.RegistrarManagerImpl/]: Registry entry listened Registry Entry [minecraft:item / fossil:egg_item_pteranodon] was not realized!
[07Jan2026 20:58:48.031] [main/WARN] [dev.architectury.registry.registries.forge.RegistrarManagerImpl/]: Registry entry listened Registry Entry [minecraft:item / fossil:bone_skull_sarcosuchus] was not realized!
[07Jan2026 20:58:48.031] [main/WARN] [dev.architectury.registry.registries.forge.RegistrarManagerImpl/]: Registry entry listened Registry Entry [minecraft:item / fossil:bone_skull_platybelodon] was not realized!
[07Jan2026 20:58:48.031] [main/WARN] [dev.architectury.registry.registries.forge.RegistrarManagerImpl/]: Registry entry listened Registry Entry [minecraft:item / fossil:bone_leg_allosaurus] was not realized!
[07Jan2026 20:58:48.031] [main/WARN] [dev.architectury.registry.registries.forge.RegistrarManagerImpl/]: Registry entry listened Registry Entry [minecraft:item / fossil:meat_megaloceros] was not realized!
[07Jan2026 20:58:48.031] [main/WARN] [dev.architectury.registry.registries.forge.RegistrarManagerImpl/]: Registry entry listened Registry Entry [minecraft:item / fossil:bone_leg_titanis] was not realized!
[07Jan2026 20:58:48.032] [main/WARN] [dev.architectury.registry.registries.forge.RegistrarManagerImpl/]: Registry entry listened Registry Entry [minecraft:item / fossil:syringe_quagga] was not realized!
[07Jan2026 20:58:48.032] [main/WARN] [dev.architectury.registry.registries.forge.RegistrarManagerImpl/]: Registry entry listened Registry Entry [minecraft:item / fossil:bone_skull_diplocaulus] was not realized!
[07Jan2026 20:58:48.032] [main/WARN] [dev.architectury.registry.registries.forge.RegistrarManagerImpl/]: Registry entry listened Registry Entry [minecraft:item / fossil:egg_item_henodus] was not realized!
[07Jan2026 20:58:48.032] [main/WARN] [dev.architectury.registry.registries.forge.RegistrarManagerImpl/]: Registry entry listened Registry Entry [minecraft:item / fossil:bone_ribcage_stegosaurus] was not realized!
[07Jan2026 20:58:48.032] [main/WARN] [dev.architectury.registry.registries.forge.RegistrarManagerImpl/]: Registry entry listened Registry Entry [minecraft:item / fossil:bone_unique_crassigyrinus] was not realized!
[07Jan2026 20:58:48.032] [main/WARN] [dev.architectury.registry.registries.forge.RegistrarManagerImpl/]: Registry entry listened Registry Entry [minecraft:item / fossil:cooked_ceratosaurus] was not realized!
[07Jan2026 20:58:48.032] [main/WARN] [dev.architectury.registry.registries.forge.RegistrarManagerImpl/]: Registry entry listened Registry Entry [minecraft:item / fossil:egg_item_diplocaulus] was not realized!
[07Jan2026 20:58:48.032] [main/WARN] [dev.architectury.registry.registries.forge.RegistrarManagerImpl/]: Registry entry listened Registry Entry [minecraft:item / fossil:bone_skull_confuciusornis] was not realized!
[07Jan2026 20:58:48.032] [main/WARN] [dev.architectury.registry.registries.forge.RegistrarManagerImpl/]: Registry entry listened Registry Entry [minecraft:item / fossil:bone_vertebrae_confuciusornis] was not realized!
[07Jan2026 20:58:48.033] [main/WARN] [dev.architectury.registry.registries.forge.RegistrarManagerImpl/]: Registry entry listened Registry Entry [minecraft:item / fossil:cooked_megaloceros] was not realized!
[07Jan2026 20:58:48.033] [main/WARN] [dev.architectury.registry.registries.forge.RegistrarManagerImpl/]: Registry entry listened Registry Entry [minecraft:item / fossil:bone_leg_stegosaurus] was not realized!
[07Jan2026 20:58:48.033] [main/WARN] [dev.architectury.registry.registries.forge.RegistrarManagerImpl/]: Registry entry listened Registry Entry [minecraft:item / fossil:spawn_egg_smilodon] was not realized!
[07Jan2026 20:58:48.033] [main/WARN] [dev.architectury.registry.registries.forge.RegistrarManagerImpl/]: Registry entry listened Registry Entry [minecraft:item / fossil:spawn_egg_dodo] was not realized!
[07Jan2026 20:58:48.033] [main/WARN] [dev.architectury.registry.registries.forge.RegistrarManagerImpl/]: Registry entry listened Registry Entry [minecraft:item / fossil:spawn_egg_edaphosaurus] was not realized!
[07Jan2026 20:58:48.033] [main/WARN] [dev.architectury.registry.registries.forge.RegistrarManagerImpl/]: Registry entry listened Registry Entry [minecraft:item / fossil:egg_item_sarcosuchus] was not realized!
[07Jan2026 20:58:48.033] [main/WARN] [dev.architectury.registry.registries.forge.RegistrarManagerImpl/]: Registry entry listened Registry Entry [minecraft:item / fossil:therizinosaurus_dna] was not realized!
[07Jan2026 20:58:48.034] [main/WARN] [dev.architectury.registry.registries.forge.RegistrarManagerImpl/]: Registry entry listened Registry Entry [minecraft:item / fossil:cooked_diplocaulus] was not realized!
[07Jan2026 20:58:48.034] [main/WARN] [dev.architectury.registry.registries.forge.RegistrarManagerImpl/]: Registry entry listened Registry Entry [minecraft:item / fossil:egg_item_triceratops] was not realized!
[07Jan2026 20:58:48.034] [main/WARN] [dev.architectury.registry.registries.forge.RegistrarManagerImpl/]: Registry entry listened Registry Entry [minecraft:item / fossil:bone_skull_diplodocus] was not realized!
[07Jan2026 20:58:48.034] [main/WARN] [dev.architectury.registry.registries.forge.RegistrarManagerImpl/]: Registry entry listened Registry Entry [minecraft:item / fossil:spawn_egg_ichthyosaurus] was not realized!
[07Jan2026 20:58:48.034] [main/WARN] [dev.architectury.registry.registries.forge.RegistrarManagerImpl/]: Registry entry listened Registry Entry [minecraft:item / fossil:bone_vertebrae_deinonychus] was not realized!
[07Jan2026 20:58:48.035] [main/WARN] [dev.architectury.registry.registries.forge.RegistrarManagerImpl/]: Registry entry listened Registry Entry [minecraft:item / fossil:bone_unique_tiktaalik] was not realized!
[07Jan2026 20:58:48.035] [main/WARN] [dev.architectury.registry.registries.forge.RegistrarManagerImpl/]: Registry entry listened Registry Entry [minecraft:item / fossil:bone_foot_platybelodon] was not realized!
[07Jan2026 20:58:48.036] [main/WARN] [dev.architectury.registry.registries.forge.RegistrarManagerImpl/]: Registry entry listened Registry Entry [minecraft:item / fossil:bone_skull_velociraptor] was not realized!
[07Jan2026 20:58:48.036] [main/WARN] [dev.architectury.registry.registries.forge.RegistrarManagerImpl/]: Registry entry listened Registry Entry [minecraft:item / fossil:cooked_mammoth] was not realized!
[07Jan2026 20:58:48.036] [main/WARN] [dev.architectury.registry.registries.forge.RegistrarManagerImpl/]: Registry entry listened Registry Entry [minecraft:item / fossil:meat_dilophosaurus] was not realized!
[07Jan2026 20:58:48.036] [main/WARN] [dev.architectury.registry.registries.forge.RegistrarManagerImpl/]: Registry entry listened Registry Entry [minecraft:item / fossil:meat_tiktaalik] was not realized!
[07Jan2026 20:58:48.036] [main/WARN] [dev.architectury.registry.registries.forge.RegistrarManagerImpl/]: Registry entry listened Registry Entry [minecraft:item / fossil:bone_arm_mosasaurus] was not realized!
[07Jan2026 20:58:48.036] [main/WARN] [dev.architectury.registry.registries.forge.RegistrarManagerImpl/]: Registry entry listened Registry Entry [minecraft:item / fossil:cooked_megalograptus] was not realized!
[07Jan2026 20:58:48.036] [main/WARN] [dev.architectury.registry.registries.forge.RegistrarManagerImpl/]: Registry entry listened Registry Entry [minecraft:item / fossil:bone_arm_mammoth] was not realized!
[07Jan2026 20:58:48.036] [main/WARN] [dev.architectury.registry.registries.forge.RegistrarManagerImpl/]: Registry entry listened Registry Entry [minecraft:item / fossil:spawn_egg_pachyrhinosaurus] was not realized!
[07Jan2026 20:58:48.037] [main/WARN] [dev.architectury.registry.registries.forge.RegistrarManagerImpl/]: Registry entry listened Registry Entry [minecraft:item / fossil:syringe_camel] was not realized!
[07Jan2026 20:58:48.037] [main/WARN] [dev.architectury.registry.registries.forge.RegistrarManagerImpl/]: Registry entry listened Registry Entry [minecraft:item / fossil:bone_unique_platybelodon] was not realized!
[07Jan2026 20:58:48.037] [main/WARN] [dev.architectury.registry.registries.forge.RegistrarManagerImpl/]: Registry entry listened Registry Entry [minecraft:item / fossil:ichthyosaurus_dna] was not realized!
[07Jan2026 20:58:48.037] [main/WARN] [dev.architectury.registry.registries.forge.RegistrarManagerImpl/]: Registry entry listened Registry Entry [minecraft:item / fossil:egg_confuciusornis] was not realized!
[07Jan2026 20:58:48.037] [main/WARN] [dev.architectury.registry.registries.forge.RegistrarManagerImpl/]: Registry entry listened Registry Entry [minecraft:item / fossil:meat_meganeura] was not realized!
[07Jan2026 20:58:48.037] [main/WARN] [dev.architectury.registry.registries.forge.RegistrarManagerImpl/]: Registry entry listened Registry Entry [minecraft:item / fossil:bone_arm_stegosaurus] was not realized!
[07Jan2026 20:58:48.037] [main/WARN] [dev.architectury.registry.registries.forge.RegistrarManagerImpl/]: Registry entry listened Registry Entry [minecraft:item / fossil:spawn_egg_ceratosaurus] was not realized!
[07Jan2026 20:58:48.037] [main/WARN] [dev.architectury.registry.registries.forge.RegistrarManagerImpl/]: Registry entry listened Registry Entry [minecraft:item / fossil:bone_foot_dimetrodon] was not realized!
[07Jan2026 20:58:48.037] [main/WARN] [dev.architectury.registry.registries.forge.RegistrarManagerImpl/]: Registry entry listened Registry Entry [minecraft:item / fossil:bone_leg_kelenken] was not realized!
[07Jan2026 20:58:48.037] [main/WARN] [dev.architectury.registry.registries.forge.RegistrarManagerImpl/]: Registry entry listened Registry Entry [minecraft:item / fossil:bone_leg_dryosaurus] was not realized!
[07Jan2026 20:58:48.038] [main/WARN] [dev.architectury.registry.registries.forge.RegistrarManagerImpl/]: Registry entry listened Registry Entry [minecraft:item / fossil:bone_skull_therizinosaurus] was not realized!
[07Jan2026 20:58:48.038] [main/WARN] [dev.architectury.registry.registries.forge.RegistrarManagerImpl/]: Registry entry listened Registry Entry [minecraft:item / fossil:dryosaurus_dna] was not realized!
[07Jan2026 20:58:48.038] [main/WARN] [dev.architectury.registry.registries.forge.RegistrarManagerImpl/]: Registry entry listened Registry Entry [minecraft:item / fossil:meat_walliserops] was not realized!
[07Jan2026 20:58:48.038] [main/WARN] [dev.architectury.registry.registries.forge.RegistrarManagerImpl/]: Registry entry listened Registry Entry [minecraft:item / fossil:egg_titanis] was not realized!
[07Jan2026 20:58:48.038] [main/WARN] [dev.architectury.registry.registries.forge.RegistrarManagerImpl/]: Registry entry listened Registry Entry [minecraft:item / fossil:cooked_citipati] was not realized!
[07Jan2026 20:58:48.038] [main/WARN] [dev.architectury.registry.registries.forge.RegistrarManagerImpl/]: Registry entry listened Registry Entry [minecraft:item / fossil:bone_ribcage_tiktaalik] was not realized!
[07Jan2026 20:58:48.038] [main/WARN] [dev.architectury.registry.registries.forge.RegistrarManagerImpl/]: Registry entry listened Registry Entry [minecraft:item / fossil:cooked_edaphosaurus] was not realized!
[07Jan2026 20:58:48.038] [main/WARN] [dev.architectury.registry.registries.forge.RegistrarManagerImpl/]: Registry entry listened Registry Entry [minecraft:item / fossil:egg_item_kelenken] was not realized!
[07Jan2026 20:58:48.038] [main/WARN] [dev.architectury.registry.registries.forge.RegistrarManagerImpl/]: Registry entry listened Registry Entry [minecraft:item / fossil:bone_leg_ceratosaurus] was not realized!
[07Jan2026 20:58:48.039] [main/WARN] [dev.architectury.registry.registries.forge.RegistrarManagerImpl/]: Registry entry listened Registry Entry [minecraft:item / fossil:bone_vertebrae_dimetrodon] was not realized!
[07Jan2026 20:58:48.039] [main/WARN] [dev.architectury.registry.registries.forge.RegistrarManagerImpl/]: Registry entry listened Registry Entry [minecraft:item / fossil:egg_item_pachycephalosaurus] was not realized!
[07Jan2026 20:58:48.039] [main/WARN] [dev.architectury.registry.registries.forge.RegistrarManagerImpl/]: Registry entry listened Registry Entry [minecraft:item / fossil:cooked_brachiosaurus] was not realized!
[07Jan2026 20:58:48.039] [main/WARN] [dev.architectury.registry.registries.forge.RegistrarManagerImpl/]: Registry entry listened Registry Entry [minecraft:item / fossil:dimetrodon_dna] was not realized!
[07Jan2026 20:58:48.040] [main/WARN] [dev.architectury.registry.registries.forge.RegistrarManagerImpl/]: Registry entry listened Registry Entry [minecraft:item / fossil:spawn_egg_gastornis] was not realized!
[07Jan2026 20:58:48.040] [main/WARN] [dev.architectury.registry.registries.forge.RegistrarManagerImpl/]: Registry entry listened Registry Entry [minecraft:item / fossil:bone_tail_phorusrhacos] was not realized!
[07Jan2026 20:58:48.040] [main/WARN] [dev.architectury.registry.registries.forge.RegistrarManagerImpl/]: Registry entry listened Registry Entry [minecraft:item / fossil:bone_skull_dryosaurus] was not realized!
[07Jan2026 20:58:48.040] [main/WARN] [dev.architectury.registry.registries.forge.RegistrarManagerImpl/]: Registry entry listened Registry Entry [minecraft:item / fossil:bone_tail_stegosaurus] was not realized!
[07Jan2026 20:58:48.041] [main/WARN] [dev.architectury.registry.registries.forge.RegistrarManagerImpl/]: Registry entry listened Registry Entry [minecraft:item / fossil:confuciusornis_dna] was not realized!
[07Jan2026 20:58:48.041] [main/WARN] [dev.architectury.registry.registries.forge.RegistrarManagerImpl/]: Registry entry listened Registry Entry [minecraft:item / fossil:bone_vertebrae_protoceratops] was not realized!
[07Jan2026 20:58:48.041] [main/WARN] [dev.architectury.registry.registries.forge.RegistrarManagerImpl/]: Registry entry listened Registry Entry [minecraft:item / fossil:bone_unique_therizinosaurus] was not realized!
[07Jan2026 20:58:48.041] [main/WARN] [dev.architectury.registry.registries.forge.RegistrarManagerImpl/]: Registry entry listened Registry Entry [minecraft:item / fossil:bone_tail_plesiosaurus] was not realized!
[07Jan2026 20:58:48.041] [main/WARN] [dev.architectury.registry.registries.forge.RegistrarManagerImpl/]: Registry entry listened Registry Entry [minecraft:item / fossil:bone_ribcage_edaphosaurus] was not realized!
[07Jan2026 20:58:48.041] [main/WARN] [dev.architectury.registry.registries.forge.RegistrarManagerImpl/]: Registry entry listened Registry Entry [minecraft:item / fossil:bone_unique_gastornis] was not realized!
[07Jan2026 20:58:48.041] [main/WARN] [dev.architectury.registry.registries.forge.RegistrarManagerImpl/]: Registry entry listened Registry Entry [minecraft:item / fossil:bone_leg_protoceratops] was not realized!
[07Jan2026 20:58:48.041] [main/WARN] [dev.architectury.registry.registries.forge.RegistrarManagerImpl/]: Registry entry listened Registry Entry [minecraft:item / fossil:bucket_item_dicranurus] was not realized!
[07Jan2026 20:58:48.041] [main/WARN] [dev.architectury.registry.registries.forge.RegistrarManagerImpl/]: Registry entry listened Registry Entry [minecraft:item / fossil:bone_vertebrae_citipati] was not realized!
[07Jan2026 20:58:48.041] [main/WARN] [dev.architectury.registry.registries.forge.RegistrarManagerImpl/]: Registry entry listened Registry Entry [minecraft:item / fossil:egg_item_salmon] was not realized!
[07Jan2026 20:58:48.041] [main/WARN] [dev.architectury.registry.registries.forge.RegistrarManagerImpl/]: Registry entry listened Registry Entry [minecraft:item / fossil:bone_skull_psittacosaurus] was not realized!
[07Jan2026 20:58:48.041] [main/WARN] [dev.architectury.registry.registries.forge.RegistrarManagerImpl/]: Registry entry listened Registry Entry [minecraft:item / fossil:bone_ribcage_kelenken] was not realized!
[07Jan2026 20:58:48.041] [main/WARN] [dev.architectury.registry.registries.forge.RegistrarManagerImpl/]: Registry entry listened Registry Entry [minecraft:item / fossil:pachyrhinosaurus_dna] was not realized!
[07Jan2026 20:58:48.041] [main/WARN] [dev.architectury.registry.registries.forge.RegistrarManagerImpl/]: Registry entry listened Registry Entry [minecraft:item / fossil:bucket_item_henodus] was not realized!
[07Jan2026 20:58:48.042] [main/WARN] [dev.architectury.registry.registries.forge.RegistrarManagerImpl/]: Registry entry listened Registry Entry [minecraft:item / fossil:spawn_egg_spinosaurus] was not realized!
[07Jan2026 20:58:48.042] [main/WARN] [dev.architectury.registry.registries.forge.RegistrarManagerImpl/]: Registry entry listened Registry Entry [minecraft:item / fossil:cooked_sturgeon] was not realized!
[07Jan2026 20:58:48.042] [main/WARN] [dev.architectury.registry.registries.forge.RegistrarManagerImpl/]: Registry entry listened Registry Entry [minecraft:item / fossil:bone_unique_megaloceros] was not realized!
[07Jan2026 20:58:48.042] [main/WARN] [dev.architectury.registry.registries.forge.RegistrarManagerImpl/]: Registry entry listened Registry Entry [minecraft:item / fossil:egg_item_protoceratops] was not realized!
[07Jan2026 20:58:48.042] [main/WARN] [dev.architectury.registry.registries.forge.RegistrarManagerImpl/]: Registry entry listened Registry Entry [minecraft:item / fossil:syringe_elasmotherium] was not realized!
[07Jan2026 20:58:48.042] [main/WARN] [dev.architectury.registry.registries.forge.RegistrarManagerImpl/]: Registry entry listened Registry Entry [minecraft:item / fossil:bone_vertebrae_parasaurolophus] was not realized!
[07Jan2026 20:58:48.042] [main/WARN] [dev.architectury.registry.registries.forge.RegistrarManagerImpl/]: Registry entry listened Registry Entry [minecraft:item / fossil:bone_tail_quagga] was not realized!
[07Jan2026 20:58:48.042] [main/WARN] [dev.architectury.registry.registries.forge.RegistrarManagerImpl/]: Registry entry listened Registry Entry [minecraft:item / fossil:syringe_fox] was not realized!
[07Jan2026 20:58:48.042] [main/WARN] [dev.architectury.registry.registries.forge.RegistrarManagerImpl/]: Registry entry listened Registry Entry [minecraft:item / fossil:egg_item_pachyrhinosaurus] was not realized!
[07Jan2026 20:58:48.042] [main/WARN] [dev.architectury.registry.registries.forge.RegistrarManagerImpl/]: Registry entry listened Registry Entry [minecraft:item / fossil:syringe_sheep] was not realized!
[07Jan2026 20:58:48.042] [main/WARN] [dev.architectury.registry.registries.forge.RegistrarManagerImpl/]: Registry entry listened Registry Entry [minecraft:item / fossil:syringe_wolf] was not realized!
[07Jan2026 20:58:48.043] [main/WARN] [dev.architectury.registry.registries.forge.RegistrarManagerImpl/]: Registry entry listened Registry Entry [minecraft:item / fossil:meat_sarcosuchus] was not realized!
[07Jan2026 20:58:48.043] [main/WARN] [dev.architectury.registry.registries.forge.RegistrarManagerImpl/]: Registry entry listened Registry Entry [minecraft:item / fossil:bone_arm_velociraptor] was not realized!
[07Jan2026 20:58:48.043] [main/WARN] [dev.architectury.registry.registries.forge.RegistrarManagerImpl/]: Registry entry listened Registry Entry [minecraft:item / fossil:bone_vertebrae_tyrannosaurus] was not realized!
[07Jan2026 20:58:48.043] [main/WARN] [dev.architectury.registry.registries.forge.RegistrarManagerImpl/]: Registry entry listened Registry Entry [minecraft:item / fossil:goat_dna] was not realized!
[07Jan2026 20:58:48.043] [main/WARN] [dev.architectury.registry.registries.forge.RegistrarManagerImpl/]: Registry entry listened Registry Entry [minecraft:item / fossil:bucket_item_megalograptus] was not realized!
[07Jan2026 20:58:48.044] [main/WARN] [dev.architectury.registry.registries.forge.RegistrarManagerImpl/]: Registry entry listened Registry Entry [minecraft:item / fossil:bone_unique_smilodon] was not realized!
[07Jan2026 20:58:48.044] [main/WARN] [dev.architectury.registry.registries.forge.RegistrarManagerImpl/]: Registry entry listened Registry Entry [minecraft:item / fossil:cooked_postosuchus] was not realized!
[07Jan2026 20:58:48.044] [main/WARN] [dev.architectury.registry.registries.forge.RegistrarManagerImpl/]: Registry entry listened Registry Entry [minecraft:item / fossil:bone_ribcage_crassigyrinus] was not realized!
[07Jan2026 20:58:48.044] [main/WARN] [dev.architectury.registry.registries.forge.RegistrarManagerImpl/]: Registry entry listened Registry Entry [minecraft:item / fossil:bone_skull_megaloceros] was not realized!
[07Jan2026 20:58:48.044] [main/WARN] [dev.architectury.registry.registries.forge.RegistrarManagerImpl/]: Registry entry listened Registry Entry [minecraft:item / fossil:bone_unique_pachyrhinosaurus] was not realized!
[07Jan2026 20:58:48.045] [main/WARN] [dev.architectury.registry.registries.forge.RegistrarManagerImpl/]: Registry entry listened Registry Entry [minecraft:item / fossil:bone_skull_smilodon] was not realized!
[07Jan2026 20:58:48.045] [main/WARN] [dev.architectury.registry.registries.forge.RegistrarManagerImpl/]: Registry entry listened Registry Entry [minecraft:item / fossil:egg_item_postosuchus] was not realized!
[07Jan2026 20:58:48.045] [main/WARN] [dev.architectury.registry.registries.forge.RegistrarManagerImpl/]: Registry entry listened Registry Entry [minecraft:item / fossil:bone_arm_platybelodon] was not realized!
[07Jan2026 20:58:48.045] [main/WARN] [dev.architectury.registry.registries.forge.RegistrarManagerImpl/]: Registry entry listened Registry Entry [minecraft:item / fossil:bone_leg_edaphosaurus] was not realized!
[07Jan2026 20:58:48.046] [main/WARN] [dev.architectury.registry.registries.forge.RegistrarManagerImpl/]: Registry entry listened Registry Entry [minecraft:item / fossil:bone_leg_psittacosaurus] was not realized!
[07Jan2026 20:58:48.046] [main/WARN] [dev.architectury.registry.registries.forge.RegistrarManagerImpl/]: Registry entry listened Registry Entry [minecraft:item / fossil:bone_skull_tyrannosaurus] was not realized!
[07Jan2026 20:58:48.046] [main/WARN] [dev.architectury.registry.registries.forge.RegistrarManagerImpl/]: Registry entry listened Registry Entry [minecraft:item / fossil:spawn_egg_diplocaulus] was not realized!
[07Jan2026 20:58:48.046] [main/WARN] [dev.architectury.registry.registries.forge.RegistrarManagerImpl/]: Registry entry listened Registry Entry [minecraft:item / fossil:parrot_dna] was not realized!
[07Jan2026 20:58:48.046] [main/WARN] [dev.architectury.registry.registries.forge.RegistrarManagerImpl/]: Registry entry listened Registry Entry [minecraft:item / fossil:egg_item_dimorphodon] was not realized!
[07Jan2026 20:58:48.047] [main/WARN] [dev.architectury.registry.registries.forge.RegistrarManagerImpl/]: Registry entry listened Registry Entry [minecraft:item / fossil:bone_vertebrae_dryosaurus] was not realized!
[07Jan2026 20:58:48.047] [main/WARN] [dev.architectury.registry.registries.forge.RegistrarManagerImpl/]: Registry entry listened Registry Entry [minecraft:item / fossil:allosaurus_dna] was not realized!
[07Jan2026 20:58:48.047] [main/WARN] [dev.architectury.registry.registries.forge.RegistrarManagerImpl/]: Registry entry listened Registry Entry [minecraft:item / fossil:egg_item_pufferfish] was not realized!
[07Jan2026 20:58:48.047] [main/WARN] [dev.architectury.registry.registries.forge.RegistrarManagerImpl/]: Registry entry listened Registry Entry [minecraft:item / fossil:bone_skull_dimorphodon] was not realized!
[07Jan2026 20:58:48.047] [main/WARN] [dev.architectury.registry.registries.forge.RegistrarManagerImpl/]: Registry entry listened Registry Entry [minecraft:item / fossil:bone_tail_allosaurus] was not realized!
[07Jan2026 20:58:48.047] [main/WARN] [dev.architectury.registry.registries.forge.RegistrarManagerImpl/]: Registry entry listened Registry Entry [minecraft:item / fossil:bone_arm_therizinosaurus] was not realized!
[07Jan2026 20:58:48.048] [main/WARN] [dev.architectury.registry.registries.forge.RegistrarManagerImpl/]: Registry entry listened Registry Entry [minecraft:item / fossil:bone_leg_phorusrhacos] was not realized!
[07Jan2026 20:58:48.048] [main/WARN] [dev.architectury.registry.registries.forge.RegistrarManagerImpl/]: Registry entry listened Registry Entry [minecraft:item / fossil:bone_foot_compsognathus] was not realized!
[07Jan2026 20:58:48.048] [main/WARN] [dev.architectury.registry.registries.forge.RegistrarManagerImpl/]: Registry entry listened Registry Entry [minecraft:item / fossil:bone_vertebrae_smilodon] was not realized!
[07Jan2026 20:58:48.048] [main/WARN] [dev.architectury.registry.registries.forge.RegistrarManagerImpl/]: Registry entry listened Registry Entry [minecraft:item / fossil:bone_vertebrae_spinosaurus] was not realized!
[07Jan2026 20:58:48.048] [main/WARN] [dev.architectury.registry.registries.forge.RegistrarManagerImpl/]: Registry entry listened Registry Entry [minecraft:item / fossil:cooked_sarcosuchus] was not realized!
[07Jan2026 20:58:48.049] [main/WARN] [dev.architectury.registry.registries.forge.RegistrarManagerImpl/]: Registry entry listened Registry Entry [minecraft:item / fossil:spawn_egg_mosasaurus] was not realized!
[07Jan2026 20:58:48.049] [main/WARN] [dev.architectury.registry.registries.forge.RegistrarManagerImpl/]: Registry entry listened Registry Entry [minecraft:item / fossil:syringe_donkey] was not realized!
[07Jan2026 20:58:48.049] [main/WARN] [dev.architectury.registry.registries.forge.RegistrarManagerImpl/]: Registry entry listened Registry Entry [minecraft:item / fossil:bone_foot_henodus] was not realized!
[07Jan2026 20:58:48.049] [main/WARN] [dev.architectury.registry.registries.forge.RegistrarManagerImpl/]: Registry entry listened Registry Entry [minecraft:item / fossil:bone_tail_kelenken] was not realized!
[07Jan2026 20:58:48.049] [main/WARN] [dev.architectury.registry.registries.forge.RegistrarManagerImpl/]: Registry entry listened Registry Entry [minecraft:item / fossil:bone_foot_stegosaurus] was not realized!
[07Jan2026 20:58:48.049] [main/WARN] [dev.architectury.registry.registries.forge.RegistrarManagerImpl/]: Registry entry listened Registry Entry [minecraft:item / fossil:bone_ribcage_ichthyosaurus] was not realized!
[07Jan2026 20:58:48.049] [main/WARN] [dev.architectury.registry.registries.forge.RegistrarManagerImpl/]: Registry entry listened Registry Entry [minecraft:item / fossil:bone_arm_liopleurodon] was not realized!
[07Jan2026 20:58:48.050] [main/WARN] [dev.architectury.registry.registries.forge.RegistrarManagerImpl/]: Registry entry listened Registry Entry [minecraft:item / fossil:bone_leg_tyrannosaurus] was not realized!
[07Jan2026 20:58:48.050] [main/WARN] [dev.architectury.registry.registries.forge.RegistrarManagerImpl/]: Registry entry listened Registry Entry [minecraft:item / fossil:egg_item_ankylosaurus] was not realized!
[07Jan2026 20:58:48.051] [main/WARN] [dev.architectury.registry.registries.forge.RegistrarManagerImpl/]: Registry entry listened Registry Entry [minecraft:item / fossil:bone_leg_plesiosaurus] was not realized!
[07Jan2026 20:58:48.051] [main/WARN] [dev.architectury.registry.registries.forge.RegistrarManagerImpl/]: Registry entry listened Registry Entry [minecraft:item / fossil:meat_postosuchus] was not realized!
[07Jan2026 20:58:48.051] [main/WARN] [dev.architectury.registry.registries.forge.RegistrarManagerImpl/]: Registry entry listened Registry Entry [minecraft:item / fossil:bone_unique_mammoth] was not realized!
[07Jan2026 20:58:48.051] [main/WARN] [dev.architectury.registry.registries.forge.RegistrarManagerImpl/]: Registry entry listened Registry Entry [minecraft:item / fossil:bone_foot_deinonychus] was not realized!
[07Jan2026 20:58:48.051] [main/WARN] [dev.architectury.registry.registries.forge.RegistrarManagerImpl/]: Registry entry listened Registry Entry [minecraft:item / fossil:bone_arm_tyrannosaurus] was not realized!
[07Jan2026 20:58:48.051] [main/WARN] [dev.architectury.registry.registries.forge.RegistrarManagerImpl/]: Registry entry listened Registry Entry [minecraft:item / fossil:bone_skull_protoceratops] was not realized!
[07Jan2026 20:58:48.052] [main/WARN] [dev.architectury.registry.registries.forge.RegistrarManagerImpl/]: Registry entry listened Registry Entry [minecraft:item / fossil:bone_ribcage_ceratosaurus] was not realized!
[07Jan2026 20:58:48.052] [main/WARN] [dev.architectury.registry.registries.forge.RegistrarManagerImpl/]: Registry entry listened Registry Entry [minecraft:item / fossil:bone_vertebrae_platybelodon] was not realized!
[07Jan2026 20:58:48.052] [main/WARN] [dev.architectury.registry.registries.forge.RegistrarManagerImpl/]: Registry entry listened Registry Entry [minecraft:item / fossil:lonchodomas_dna] was not realized!
[07Jan2026 20:58:48.052] [main/WARN] [dev.architectury.registry.registries.forge.RegistrarManagerImpl/]: Registry entry listened Registry Entry [minecraft:item / fossil:bone_ribcage_titanis] was not realized!
[07Jan2026 20:58:48.052] [main/WARN] [dev.architectury.registry.registries.forge.RegistrarManagerImpl/]: Registry entry listened Registry Entry [minecraft:item / fossil:meat_psittacosaurus] was not realized!
[07Jan2026 20:58:48.052] [main/WARN] [dev.architectury.registry.registries.forge.RegistrarManagerImpl/]: Registry entry listened Registry Entry [minecraft:item / fossil:meat_megalograptus] was not realized!
[07Jan2026 20:58:48.052] [main/WARN] [dev.architectury.registry.registries.forge.RegistrarManagerImpl/]: Registry entry listened Registry Entry [minecraft:item / fossil:bone_tail_diplodocus] was not realized!
[07Jan2026 20:58:48.052] [main/WARN] [dev.architectury.registry.registries.forge.RegistrarManagerImpl/]: Registry entry listened Registry Entry [minecraft:item / fossil:spawn_egg_brachiosaurus] was not realized!
[07Jan2026 20:58:48.053] [main/WARN] [dev.architectury.registry.registries.forge.RegistrarManagerImpl/]: Registry entry listened Registry Entry [minecraft:item / fossil:bone_foot_gastornis] was not realized!
[07Jan2026 20:58:48.053] [main/WARN] [dev.architectury.registry.registries.forge.RegistrarManagerImpl/]: Registry entry listened Registry Entry [minecraft:item / fossil:bone_arm_protoceratops] was not realized!
[07Jan2026 20:58:48.053] [main/WARN] [dev.architectury.registry.registries.forge.RegistrarManagerImpl/]: Registry entry listened Registry Entry [minecraft:item / fossil:bone_ribcage_quagga] was not realized!
[07Jan2026 20:58:48.053] [main/WARN] [dev.architectury.registry.registries.forge.RegistrarManagerImpl/]: Registry entry listened Registry Entry [minecraft:item / fossil:egg_item_mosasaurus] was not realized!
[07Jan2026 20:58:48.053] [main/WARN] [dev.architectury.registry.registries.forge.RegistrarManagerImpl/]: Registry entry listened Registry Entry [minecraft:item / fossil:bone_arm_smilodon] was not realized!
[07Jan2026 20:58:48.053] [main/WARN] [dev.architectury.registry.registries.forge.RegistrarManagerImpl/]: Registry entry listened Registry Entry [minecraft:item / fossil:cat_dna] was not realized!
[07Jan2026 20:58:48.053] [main/WARN] [dev.architectury.registry.registries.forge.RegistrarManagerImpl/]: Registry entry listened Registry Entry [minecraft:item / fossil:bone_skull_kelenken] was not realized!
[07Jan2026 20:58:48.053] [main/WARN] [dev.architectury.registry.registries.forge.RegistrarManagerImpl/]: Registry entry listened Registry Entry [minecraft:item / fossil:bone_foot_confuciusornis] was not realized!
[07Jan2026 20:58:48.053] [main/WARN] [dev.architectury.registry.registries.forge.RegistrarManagerImpl/]: Registry entry listened Registry Entry [minecraft:item / fossil:spawn_egg_alligator_gar] was not realized!
[07Jan2026 20:58:48.053] [main/WARN] [dev.architectury.registry.registries.forge.RegistrarManagerImpl/]: Registry entry listened Registry Entry [minecraft:item / fossil:bone_vertebrae_psittacosaurus] was not realized!
[07Jan2026 20:58:48.053] [main/WARN] [dev.architectury.registry.registries.forge.RegistrarManagerImpl/]: Registry entry listened Registry Entry [minecraft:item / fossil:bone_ribcage_plesiosaurus] was not realized!
[07Jan2026 20:58:48.053] [main/WARN] [dev.architectury.registry.registries.forge.RegistrarManagerImpl/]: Registry entry listened Registry Entry [minecraft:item / fossil:egg_item_glow_squid] was not realized!
[07Jan2026 20:58:48.053] [main/WARN] [dev.architectury.registry.registries.forge.RegistrarManagerImpl/]: Registry entry listened Registry Entry [minecraft:item / fossil:bone_unique_plesiosaurus] was not realized!
[07Jan2026 20:58:48.053] [main/WARN] [dev.architectury.registry.registries.forge.RegistrarManagerImpl/]: Registry entry listened Registry Entry [minecraft:item / fossil:cooked_ankylosaurus] was not realized!
[07Jan2026 20:58:48.054] [main/WARN] [dev.architectury.registry.registries.forge.RegistrarManagerImpl/]: Registry entry listened Registry Entry [minecraft:item / fossil:bone_tail_dodo] was not realized!
[07Jan2026 20:58:48.054] [main/WARN] [dev.architectury.registry.registries.forge.RegistrarManagerImpl/]: Registry entry listened Registry Entry [minecraft:item / fossil:bone_tail_pachyrhinosaurus] was not realized!
[07Jan2026 20:58:48.054] [main/WARN] [dev.architectury.registry.registries.forge.RegistrarManagerImpl/]: Registry entry listened Registry Entry [minecraft:item / fossil:bone_ribcage_phorusrhacos] was not realized!
[07Jan2026 20:58:48.054] [main/WARN] [dev.architectury.registry.registries.forge.RegistrarManagerImpl/]: Registry entry listened Registry Entry [minecraft:item / fossil:bone_arm_citipati] was not realized!
[07Jan2026 20:58:48.054] [main/WARN] [dev.architectury.registry.registries.forge.RegistrarManagerImpl/]: Registry entry listened Registry Entry [minecraft:item / fossil:bee_dna] was not realized!
[07Jan2026 20:58:48.054] [main/WARN] [dev.architectury.registry.registries.forge.RegistrarManagerImpl/]: Registry entry listened Registry Entry [minecraft:item / fossil:bone_foot_mosasaurus] was not realized!
[07Jan2026 20:58:48.054] [main/WARN] [dev.architectury.registry.registries.forge.RegistrarManagerImpl/]: Registry entry listened Registry Entry [minecraft:item / fossil:syringe_ocelot] was not realized!
[07Jan2026 20:58:48.054] [main/WARN] [dev.architectury.registry.registries.forge.RegistrarManagerImpl/]: Registry entry listened Registry Entry [minecraft:item / fossil:bone_tail_smilodon] was not realized!
[07Jan2026 20:58:48.054] [main/WARN] [dev.architectury.registry.registries.forge.RegistrarManagerImpl/]: Registry entry listened Registry Entry [minecraft:item / fossil:diplocaulus_dna] was not realized!
[07Jan2026 20:58:48.054] [main/WARN] [dev.architectury.registry.registries.forge.RegistrarManagerImpl/]: Registry entry listened Registry Entry [minecraft:item / fossil:bone_unique_phorusrhacos] was not realized!
[07Jan2026 20:58:48.054] [main/WARN] [dev.architectury.registry.registries.forge.RegistrarManagerImpl/]: Registry entry listened Registry Entry [minecraft:item / fossil:egg_item_dilophosaurus] was not realized!
[07Jan2026 20:58:48.054] [main/WARN] [dev.architectury.registry.registries.forge.RegistrarManagerImpl/]: Registry entry listened Registry Entry [minecraft:item / fossil:sarcosuchus_dna] was not realized!
[07Jan2026 20:58:48.054] [main/WARN] [dev.architectury.registry.registries.forge.RegistrarManagerImpl/]: Registry entry listened Registry Entry [minecraft:item / fossil:bone_ribcage_postosuchus] was not realized!
[07Jan2026 20:58:48.054] [main/WARN] [dev.architectury.registry.registries.forge.RegistrarManagerImpl/]: Registry entry listened Registry Entry [minecraft:item / fossil:bone_foot_kelenken] was not realized!
[07Jan2026 20:58:48.054] [main/WARN] [dev.architectury.registry.registries.forge.RegistrarManagerImpl/]: Registry entry listened Registry Entry [minecraft:item / fossil:bone_skull_gallimimus] was not realized!
[07Jan2026 20:58:48.054] [main/WARN] [dev.architectury.registry.registries.forge.RegistrarManagerImpl/]: Registry entry listened Registry Entry [minecraft:item / fossil:meat_dimorphodon] was not realized!
[07Jan2026 20:58:48.055] [main/WARN] [dev.architectury.registry.registries.forge.RegistrarManagerImpl/]: Registry entry listened Registry Entry [minecraft:item / fossil:egg_item_alligator_gar] was not realized!
[07Jan2026 20:58:48.055] [main/WARN] [dev.architectury.registry.registries.forge.RegistrarManagerImpl/]: Registry entry listened Registry Entry [minecraft:item / fossil:spawn_egg_phorusrhacos] was not realized!
[07Jan2026 20:58:48.055] [main/WARN] [dev.architectury.registry.registries.forge.RegistrarManagerImpl/]: Registry entry listened Registry Entry [minecraft:item / fossil:megalodon_dna] was not realized!
[07Jan2026 20:58:48.055] [main/WARN] [dev.architectury.registry.registries.forge.RegistrarManagerImpl/]: Registry entry listened Registry Entry [minecraft:item / fossil:syringe_mooshroom] was not realized!
[07Jan2026 20:58:48.055] [main/WARN] [dev.architectury.registry.registries.forge.RegistrarManagerImpl/]: Registry entry listened Registry Entry [minecraft:item / fossil:spawn_egg_liopleurodon] was not realized!
[07Jan2026 20:58:48.055] [main/WARN] [dev.architectury.registry.registries.forge.RegistrarManagerImpl/]: Registry entry listened Registry Entry [minecraft:item / fossil:mosasaurus_dna] was not realized!
[07Jan2026 20:58:48.055] [main/WARN] [dev.architectury.registry.registries.forge.RegistrarManagerImpl/]: Registry entry listened Registry Entry [minecraft:item / fossil:bone_unique_ornitholestes] was not realized!
[07Jan2026 20:58:48.055] [main/WARN] [dev.architectury.registry.registries.forge.RegistrarManagerImpl/]: Registry entry listened Registry Entry [minecraft:item / fossil:bone_skull_parasaurolophus] was not realized!
[07Jan2026 20:58:48.055] [main/WARN] [dev.architectury.registry.registries.forge.RegistrarManagerImpl/]: Registry entry listened Registry Entry [minecraft:item / fossil:meat_ichthyosaurus] was not realized!
[07Jan2026 20:58:48.055] [main/WARN] [dev.architectury.registry.registries.forge.RegistrarManagerImpl/]: Registry entry listened Registry Entry [minecraft:item / fossil:spawn_egg_pteranodon] was not realized!
[07Jan2026 20:58:48.055] [main/WARN] [dev.architectury.registry.registries.forge.RegistrarManagerImpl/]: Registry entry listened Registry Entry [minecraft:item / fossil:squid_dna] was not realized!
[07Jan2026 20:58:48.055] [main/WARN] [dev.architectury.registry.registries.forge.RegistrarManagerImpl/]: Registry entry listened Registry Entry [minecraft:item / fossil:bone_leg_elasmotherium] was not realized!
[07Jan2026 20:58:48.055] [main/WARN] [dev.architectury.registry.registries.forge.RegistrarManagerImpl/]: Registry entry listened Registry Entry [minecraft:item / fossil:syringe_cat] was not realized!
[07Jan2026 20:58:48.055] [main/WARN] [dev.architectury.registry.registries.forge.RegistrarManagerImpl/]: Registry entry listened Registry Entry [minecraft:item / fossil:bone_vertebrae_quetzalcoatlus] was not realized!
[07Jan2026 20:58:48.055] [main/WARN] [dev.architectury.registry.registries.forge.RegistrarManagerImpl/]: Registry entry listened Registry Entry [minecraft:item / fossil:bone_leg_dodo] was not realized!
[07Jan2026 20:58:48.055] [main/WARN] [dev.architectury.registry.registries.forge.RegistrarManagerImpl/]: Registry entry listened Registry Entry [minecraft:item / fossil:spawn_egg_megalograptus] was not realized!
[07Jan2026 20:58:48.056] [main/WARN] [dev.architectury.registry.registries.forge.RegistrarManagerImpl/]: Registry entry listened Registry Entry [minecraft:item / fossil:syringe_strider] was not realized!
[07Jan2026 20:58:48.056] [main/WARN] [dev.architectury.registry.registries.forge.RegistrarManagerImpl/]: Registry entry listened Registry Entry [minecraft:item / fossil:megalograptus_dna] was not realized!
[07Jan2026 20:58:48.056] [main/WARN] [dev.architectury.registry.registries.forge.RegistrarManagerImpl/]: Registry entry listened Registry Entry [minecraft:item / fossil:cooked_plesiosaurus] was not realized!
[07Jan2026 20:58:48.056] [main/WARN] [dev.architectury.registry.registries.forge.RegistrarManagerImpl/]: Registry entry listened Registry Entry [minecraft:item / fossil:bucket_item_tiktaalik] was not realized!
[07Jan2026 20:58:48.056] [main/WARN] [dev.architectury.registry.registries.forge.RegistrarManagerImpl/]: Registry entry listened Registry Entry [minecraft:item / fossil:cooked_protoceratops] was not realized!
[07Jan2026 20:58:48.056] [main/WARN] [dev.architectury.registry.registries.forge.RegistrarManagerImpl/]: Registry entry listened Registry Entry [minecraft:item / fossil:cooked_tiktaalik] was not realized!
[07Jan2026 20:58:48.056] [main/WARN] [dev.architectury.registry.registries.forge.RegistrarManagerImpl/]: Registry entry listened Registry Entry [minecraft:item / fossil:bone_vertebrae_pteranodon] was not realized!
[07Jan2026 20:58:48.056] [main/WARN] [dev.architectury.registry.registries.forge.RegistrarManagerImpl/]: Registry entry listened Registry Entry [minecraft:item / fossil:spawn_egg_megaloceros] was not realized!
[07Jan2026 20:58:48.056] [main/WARN] [dev.architectury.registry.registries.forge.RegistrarManagerImpl/]: Registry entry listened Registry Entry [minecraft:item / fossil:cooked_pachycephalosaurus] was not realized!
[07Jan2026 20:58:48.056] [main/WARN] [dev.architectury.registry.registries.forge.RegistrarManagerImpl/]: Registry entry listened Registry Entry [minecraft:item / fossil:meat_scotoharpes] was not realized!
[07Jan2026 20:58:48.056] [main/WARN] [dev.architectury.registry.registries.forge.RegistrarManagerImpl/]: Registry entry listened Registry Entry [minecraft:item / fossil:bone_arm_pachyrhinosaurus] was not realized!
[07Jan2026 20:58:48.056] [main/WARN] [dev.architectury.registry.registries.forge.RegistrarManagerImpl/]: Registry entry listened Registry Entry [minecraft:item / fossil:ankylosaurus_dna] was not realized!
[07Jan2026 20:58:48.056] [main/WARN] [dev.architectury.registry.registries.forge.RegistrarManagerImpl/]: Registry entry listened Registry Entry [minecraft:item / fossil:bone_unique_tyrannosaurus] was not realized!
[07Jan2026 20:58:48.056] [main/WARN] [dev.architectury.registry.registries.forge.RegistrarManagerImpl/]: Registry entry listened Registry Entry [minecraft:item / fossil:cooked_ornitholestes] was not realized!
[07Jan2026 20:58:48.056] [main/WARN] [dev.architectury.registry.registries.forge.RegistrarManagerImpl/]: Registry entry listened Registry Entry [minecraft:item / fossil:egg_item_velociraptor] was not realized!
[07Jan2026 20:58:48.056] [main/WARN] [dev.architectury.registry.registries.forge.RegistrarManagerImpl/]: Registry entry listened Registry Entry [minecraft:item / fossil:syringe_smilodon] was not realized!
[07Jan2026 20:58:48.057] [main/WARN] [dev.architectury.registry.registries.forge.RegistrarManagerImpl/]: Registry entry listened Registry Entry [minecraft:item / fossil:bone_skull_liopleurodon] was not realized!
[07Jan2026 20:58:48.057] [main/WARN] [dev.architectury.registry.registries.forge.RegistrarManagerImpl/]: Registry entry listened Registry Entry [minecraft:item / fossil:bone_leg_crassigyrinus] was not realized!
[07Jan2026 20:58:48.057] [main/WARN] [dev.architectury.registry.registries.forge.RegistrarManagerImpl/]: Registry entry listened Registry Entry [minecraft:item / fossil:bone_unique_stegosaurus] was not realized!
[07Jan2026 20:58:48.057] [main/WARN] [dev.architectury.registry.registries.forge.RegistrarManagerImpl/]: Registry entry listened Registry Entry [minecraft:item / fossil:cooked_quetzalcoatlus] was not realized!
[07Jan2026 20:58:48.057] [main/WARN] [dev.architectury.registry.registries.forge.RegistrarManagerImpl/]: Registry entry listened Registry Entry [minecraft:item / fossil:spawn_egg_diplodocus] was not realized!
[07Jan2026 20:58:48.057] [main/WARN] [dev.architectury.registry.registries.forge.RegistrarManagerImpl/]: Registry entry listened Registry Entry [minecraft:item / fossil:bone_tail_postosuchus] was not realized!
[07Jan2026 20:58:48.057] [main/WARN] [dev.architectury.registry.registries.forge.RegistrarManagerImpl/]: Registry entry listened Registry Entry [minecraft:item / fossil:syringe_goat] was not realized!
[07Jan2026 20:58:48.057] [main/WARN] [dev.architectury.registry.registries.forge.RegistrarManagerImpl/]: Registry entry listened Registry Entry [minecraft:item / fossil:egg_item_spinosaurus] was not realized!
[07Jan2026 20:58:48.057] [main/WARN] [dev.architectury.registry.registries.forge.RegistrarManagerImpl/]: Registry entry listened Registry Entry [minecraft:item / fossil:bone_arm_confuciusornis] was not realized!
[07Jan2026 20:58:48.057] [main/WARN] [dev.architectury.registry.registries.forge.RegistrarManagerImpl/]: Registry entry listened Registry Entry [minecraft:item / fossil:spawn_egg_plesiosaurus] was not realized!
[07Jan2026 20:58:48.057] [main/WARN] [dev.architectury.registry.registries.forge.RegistrarManagerImpl/]: Registry entry listened Registry Entry [minecraft:item / fossil:brachiosaurus_dna] was not realized!
[07Jan2026 20:58:48.057] [main/WARN] [dev.architectury.registry.registries.forge.RegistrarManagerImpl/]: Registry entry listened Registry Entry [minecraft:item / fossil:kelenken_dna] was not realized!
[07Jan2026 20:58:48.057] [main/WARN] [dev.architectury.registry.registries.forge.RegistrarManagerImpl/]: Registry entry listened Registry Entry [minecraft:item / fossil:meat_pteranodon] was not realized!
[07Jan2026 20:58:48.057] [main/WARN] [dev.architectury.registry.registries.forge.RegistrarManagerImpl/]: Registry entry listened Registry Entry [minecraft:item / fossil:cooked_dimorphodon] was not realized!
[07Jan2026 20:58:48.057] [main/WARN] [dev.architectury.registry.registries.forge.RegistrarManagerImpl/]: Registry entry listened Registry Entry [minecraft:item / fossil:deinonychus_dna] was not realized!
[07Jan2026 20:58:48.057] [main/WARN] [dev.architectury.registry.registries.forge.RegistrarManagerImpl/]: Registry entry listened Registry Entry [minecraft:item / fossil:bone_vertebrae_liopleurodon] was not realized!
[07Jan2026 20:58:48.058] [main/WARN] [dev.architectury.registry.registries.forge.RegistrarManagerImpl/]: Registry entry listened Registry Entry [minecraft:item / fossil:bone_unique_diplodocus] was not realized!
[07Jan2026 20:58:48.058] [main/WARN] [dev.architectury.registry.registries.forge.RegistrarManagerImpl/]: Registry entry listened Registry Entry [minecraft:item / fossil:fox_dna] was not realized!
[07Jan2026 20:58:48.058] [main/WARN] [dev.architectury.registry.registries.forge.RegistrarManagerImpl/]: Registry entry listened Registry Entry [minecraft:item / fossil:egg_item_quetzalcoatlus] was not realized!
[07Jan2026 20:58:48.058] [main/WARN] [dev.architectury.registry.registries.forge.RegistrarManagerImpl/]: Registry entry listened Registry Entry [minecraft:item / fossil:bone_vertebrae_gastornis] was not realized!
[07Jan2026 20:58:48.058] [main/WARN] [dev.architectury.registry.registries.forge.RegistrarManagerImpl/]: Registry entry listened Registry Entry [minecraft:item / fossil:egg_item_walliserops] was not realized!
[07Jan2026 20:58:48.058] [main/WARN] [dev.architectury.registry.registries.forge.RegistrarManagerImpl/]: Registry entry listened Registry Entry [minecraft:item / fossil:spawn_egg_postosuchus] was not realized!
[07Jan2026 20:58:48.058] [main/WARN] [dev.architectury.registry.registries.forge.RegistrarManagerImpl/]: Registry entry listened Registry Entry [minecraft:item / fossil:cooked_dimetrodon] was not realized!
[07Jan2026 20:58:48.058] [main/WARN] [dev.architectury.registry.registries.forge.RegistrarManagerImpl/]: Registry entry listened Registry Entry [minecraft:item / fossil:bone_leg_postosuchus] was not realized!
[07Jan2026 20:58:48.058] [main/WARN] [dev.architectury.registry.registries.forge.RegistrarManagerImpl/]: Registry entry listened Registry Entry [minecraft:item / fossil:meat_edaphosaurus] was not realized!
[07Jan2026 20:58:48.058] [main/WARN] [dev.architectury.registry.registries.forge.RegistrarManagerImpl/]: Registry entry listened Registry Entry [minecraft:item / fossil:egg_kelenken] was not realized!
[07Jan2026 20:58:48.058] [main/WARN] [dev.architectury.registry.registries.forge.RegistrarManagerImpl/]: Registry entry listened Registry Entry [minecraft:item / fossil:bone_arm_elasmotherium] was not realized!
[07Jan2026 20:58:48.058] [main/WARN] [dev.architectury.registry.registries.forge.RegistrarManagerImpl/]: Registry entry listened Registry Entry [minecraft:item / fossil:bone_tail_compsognathus] was not realized!
[07Jan2026 20:58:48.058] [main/WARN] [dev.architectury.registry.registries.forge.RegistrarManagerImpl/]: Registry entry listened Registry Entry [minecraft:item / fossil:bone_ribcage_tyrannosaurus] was not realized!
[07Jan2026 20:58:48.058] [main/WARN] [dev.architectury.registry.registries.forge.RegistrarManagerImpl/]: Registry entry listened Registry Entry [minecraft:item / fossil:bone_unique_diplocaulus] was not realized!
[07Jan2026 20:58:48.058] [main/WARN] [dev.architectury.registry.registries.forge.RegistrarManagerImpl/]: Registry entry listened Registry Entry [minecraft:item / fossil:edaphosaurus_dna] was not realized!
[07Jan2026 20:58:48.058] [main/WARN] [dev.architectury.registry.registries.forge.RegistrarManagerImpl/]: Registry entry listened Registry Entry [minecraft:item / fossil:bone_foot_ornitholestes] was not realized!
[07Jan2026 20:58:48.058] [main/WARN] [dev.architectury.registry.registries.forge.RegistrarManagerImpl/]: Registry entry listened Registry Entry [minecraft:item / fossil:bone_arm_pachycephalosaurus] was not realized!
[07Jan2026 20:58:48.059] [main/WARN] [dev.architectury.registry.registries.forge.RegistrarManagerImpl/]: Registry entry listened Registry Entry [minecraft:item / fossil:bone_arm_gallimimus] was not realized!
[07Jan2026 20:58:48.059] [main/WARN] [dev.architectury.registry.registries.forge.RegistrarManagerImpl/]: Registry entry listened Registry Entry [minecraft:item / fossil:cooked_alligator_gar] was not realized!
[07Jan2026 20:58:48.059] [main/WARN] [dev.architectury.registry.registries.forge.RegistrarManagerImpl/]: Registry entry listened Registry Entry [minecraft:item / fossil:bone_vertebrae_ankylosaurus] was not realized!
[07Jan2026 20:58:48.059] [main/WARN] [dev.architectury.registry.registries.forge.RegistrarManagerImpl/]: Registry entry listened Registry Entry [minecraft:item / fossil:spawn_egg_aquilolamna] was not realized!
[07Jan2026 20:58:48.059] [main/WARN] [dev.architectury.registry.registries.forge.RegistrarManagerImpl/]: Registry entry listened Registry Entry [minecraft:item / fossil:bone_vertebrae_compsognathus] was not realized!
[07Jan2026 20:58:48.059] [main/WARN] [dev.architectury.registry.registries.forge.RegistrarManagerImpl/]: Registry entry listened Registry Entry [minecraft:item / fossil:bone_skull_mosasaurus] was not realized!
[07Jan2026 20:58:48.059] [main/WARN] [dev.architectury.registry.registries.forge.RegistrarManagerImpl/]: Registry entry listened Registry Entry [minecraft:item / fossil:wolf_dna] was not realized!
[07Jan2026 20:58:48.059] [main/WARN] [dev.architectury.registry.registries.forge.RegistrarManagerImpl/]: Registry entry listened Registry Entry [minecraft:item / fossil:bone_skull_ichthyosaurus] was not realized!
[07Jan2026 20:58:48.059] [main/WARN] [dev.architectury.registry.registries.forge.RegistrarManagerImpl/]: Registry entry listened Registry Entry [minecraft:item / fossil:bone_arm_psittacosaurus] was not realized!
[07Jan2026 20:58:48.059] [main/WARN] [dev.architectury.registry.registries.forge.RegistrarManagerImpl/]: Registry entry listened Registry Entry [minecraft:item / fossil:cooked_smilodon] was not realized!
[07Jan2026 20:58:48.059] [main/WARN] [dev.architectury.registry.registries.forge.RegistrarManagerImpl/]: Registry entry listened Registry Entry [minecraft:item / fossil:bone_leg_quagga] was not realized!
[07Jan2026 20:58:48.059] [main/WARN] [dev.architectury.registry.registries.forge.RegistrarManagerImpl/]: Registry entry listened Registry Entry [minecraft:item / fossil:bone_skull_mammoth] was not realized!
[07Jan2026 20:58:48.059] [main/WARN] [dev.architectury.registry.registries.forge.RegistrarManagerImpl/]: Registry entry listened Registry Entry [minecraft:item / fossil:bone_skull_postosuchus] was not realized!
[07Jan2026 20:58:48.059] [main/WARN] [dev.architectury.registry.registries.forge.RegistrarManagerImpl/]: Registry entry listened Registry Entry [minecraft:item / fossil:meganeura_dna] was not realized!
[07Jan2026 20:58:48.063] [main/WARN] [dev.architectury.registry.registries.forge.RegistrarManagerImpl/]: Registry entry listened Registry Entry [minecraft:item / fossil:bone_arm_plesiosaurus] was not realized!
[07Jan2026 20:58:48.063] [main/WARN] [dev.architectury.registry.registries.forge.RegistrarManagerImpl/]: Registry entry listened Registry Entry [minecraft:item / fossil:bone_tail_crassigyrinus] was not realized!
[07Jan2026 20:58:48.064] [main/WARN] [dev.architectury.registry.registries.forge.RegistrarManagerImpl/]: Registry entry listened Registry Entry [minecraft:item / fossil:strider_dna] was not realized!
[07Jan2026 20:58:48.064] [main/WARN] [dev.architectury.registry.registries.forge.RegistrarManagerImpl/]: Registry entry listened Registry Entry [minecraft:item / fossil:bone_unique_velociraptor] was not realized!
[07Jan2026 20:58:48.064] [main/WARN] [dev.architectury.registry.registries.forge.RegistrarManagerImpl/]: Registry entry listened Registry Entry [minecraft:item / fossil:bone_tail_dimetrodon] was not realized!
[07Jan2026 20:58:48.064] [main/WARN] [dev.architectury.registry.registries.forge.RegistrarManagerImpl/]: Registry entry listened Registry Entry [minecraft:item / fossil:cooked_meganeura] was not realized!
[07Jan2026 20:58:48.064] [main/WARN] [dev.architectury.registry.registries.forge.RegistrarManagerImpl/]: Registry entry listened Registry Entry [minecraft:item / fossil:meat_confuciusornis] was not realized!
[07Jan2026 20:58:48.064] [main/WARN] [dev.architectury.registry.registries.forge.RegistrarManagerImpl/]: Registry entry listened Registry Entry [minecraft:item / fossil:spawn_egg_elasmotherium] was not realized!
[07Jan2026 20:58:48.064] [main/WARN] [dev.architectury.registry.registries.forge.RegistrarManagerImpl/]: Registry entry listened Registry Entry [minecraft:item / fossil:bone_skull_henodus] was not realized!
[07Jan2026 20:58:48.064] [main/WARN] [dev.architectury.registry.registries.forge.RegistrarManagerImpl/]: Registry entry listened Registry Entry [minecraft:item / fossil:bone_skull_allosaurus] was not realized!
[07Jan2026 20:58:48.064] [main/WARN] [dev.architectury.registry.registries.forge.RegistrarManagerImpl/]: Registry entry listened Registry Entry [minecraft:item / fossil:bone_vertebrae_ornitholestes] was not realized!
[07Jan2026 20:58:48.065] [main/WARN] [dev.architectury.registry.registries.forge.RegistrarManagerImpl/]: Registry entry listened Registry Entry [minecraft:item / fossil:bone_unique_brachiosaurus] was not realized!
[07Jan2026 20:58:48.065] [main/WARN] [dev.architectury.registry.registries.forge.RegistrarManagerImpl/]: Registry entry listened Registry Entry [minecraft:item / fossil:bone_arm_postosuchus] was not realized!
[07Jan2026 20:58:48.065] [main/WARN] [dev.architectury.registry.registries.forge.RegistrarManagerImpl/]: Registry entry listened Registry Entry [minecraft:item / fossil:bone_leg_sarcosuchus] was not realized!
[07Jan2026 20:58:48.065] [main/WARN] [dev.architectury.registry.registries.forge.RegistrarManagerImpl/]: Registry entry listened Registry Entry [minecraft:item / fossil:spawn_egg_triceratops] was not realized!
[07Jan2026 20:58:48.065] [main/WARN] [dev.architectury.registry.registries.forge.RegistrarManagerImpl/]: Registry entry listened Registry Entry [minecraft:item / fossil:meat_dicranurus] was not realized!
[07Jan2026 20:58:48.065] [main/WARN] [dev.architectury.registry.registries.forge.RegistrarManagerImpl/]: Registry entry listened Registry Entry [minecraft:item / fossil:bone_arm_titanis] was not realized!
[07Jan2026 20:58:48.065] [main/WARN] [dev.architectury.registry.registries.forge.RegistrarManagerImpl/]: Registry entry listened Registry Entry [minecraft:item / fossil:meat_triceratops] was not realized!
[07Jan2026 20:58:48.065] [main/WARN] [dev.architectury.registry.registries.forge.RegistrarManagerImpl/]: Registry entry listened Registry Entry [minecraft:item / fossil:bone_ribcage_platybelodon] was not realized!
[07Jan2026 20:58:48.066] [main/WARN] [dev.architectury.registry.registries.forge.RegistrarManagerImpl/]: Registry entry listened Registry Entry [minecraft:item / fossil:meat_ceratosaurus] was not realized!
[07Jan2026 20:58:48.066] [main/WARN] [dev.architectury.registry.registries.forge.RegistrarManagerImpl/]: Registry entry listened Registry Entry [minecraft:item / fossil:quagga_dna] was not realized!
[07Jan2026 20:58:48.066] [main/WARN] [dev.architectury.registry.registries.forge.RegistrarManagerImpl/]: Registry entry listened Registry Entry [minecraft:item / fossil:meat_diplocaulus] was not realized!
[07Jan2026 20:58:48.066] [main/WARN] [dev.architectury.registry.registries.forge.RegistrarManagerImpl/]: Registry entry listened Registry Entry [minecraft:item / fossil:egg_item_gastornis] was not realized!
[07Jan2026 20:58:48.066] [main/WARN] [dev.architectury.registry.registries.forge.RegistrarManagerImpl/]: Registry entry listened Registry Entry [minecraft:item / fossil:bone_leg_triceratops] was not realized!
[07Jan2026 20:58:48.066] [main/WARN] [dev.architectury.registry.registries.forge.RegistrarManagerImpl/]: Registry entry listened Registry Entry [minecraft:item / fossil:bone_leg_compsognathus] was not realized!
[07Jan2026 20:58:48.066] [main/WARN] [dev.architectury.registry.registries.forge.RegistrarManagerImpl/]: Registry entry listened Registry Entry [minecraft:item / fossil:egg_item_parrot] was not realized!
[07Jan2026 20:58:48.066] [main/WARN] [dev.architectury.registry.registries.forge.RegistrarManagerImpl/]: Registry entry listened Registry Entry [minecraft:item / fossil:cooked_walliserops] was not realized!
[07Jan2026 20:58:48.066] [main/WARN] [dev.architectury.registry.registries.forge.RegistrarManagerImpl/]: Registry entry listened Registry Entry [minecraft:item / fossil:bone_unique_titanis] was not realized!
[07Jan2026 20:58:48.067] [main/WARN] [dev.architectury.registry.registries.forge.RegistrarManagerImpl/]: Registry entry listened Registry Entry [minecraft:item / fossil:hoglin_dna] was not realized!
[07Jan2026 20:58:48.067] [main/WARN] [dev.architectury.registry.registries.forge.RegistrarManagerImpl/]: Registry entry listened Registry Entry [minecraft:item / fossil:megalania_dna] was not realized!
[07Jan2026 20:58:48.067] [main/WARN] [dev.architectury.registry.registries.forge.RegistrarManagerImpl/]: Registry entry listened Registry Entry [minecraft:item / fossil:cooked_therizinosaurus] was not realized!
[07Jan2026 20:58:48.067] [main/WARN] [dev.architectury.registry.registries.forge.RegistrarManagerImpl/]: Registry entry listened Registry Entry [minecraft:item / fossil:spawn_egg_walliserops] was not realized!
[07Jan2026 20:58:48.067] [main/WARN] [dev.architectury.registry.registries.forge.RegistrarManagerImpl/]: Registry entry listened Registry Entry [minecraft:item / fossil:meat_plesiosaurus] was not realized!
[07Jan2026 20:58:48.067] [main/WARN] [dev.architectury.registry.registries.forge.RegistrarManagerImpl/]: Registry entry listened Registry Entry [minecraft:item / fossil:bone_ribcage_gastornis] was not realized!
[07Jan2026 20:58:48.067] [main/WARN] [dev.architectury.registry.registries.forge.RegistrarManagerImpl/]: Registry entry listened Registry Entry [minecraft:item / fossil:egg_item_citipati] was not realized!
[07Jan2026 20:58:48.068] [main/WARN] [dev.architectury.registry.registries.forge.RegistrarManagerImpl/]: Registry entry listened Registry Entry [minecraft:item / fossil:bone_tail_tiktaalik] was not realized!
[07Jan2026 20:58:48.068] [main/WARN] [dev.architectury.registry.registries.forge.RegistrarManagerImpl/]: Registry entry listened Registry Entry [minecraft:item / fossil:frog_dna] was not realized!
[07Jan2026 20:58:48.068] [main/WARN] [dev.architectury.registry.registries.forge.RegistrarManagerImpl/]: Registry entry listened Registry Entry [minecraft:item / fossil:egg_item_gallimimus] was not realized!
[07Jan2026 20:58:48.068] [main/WARN] [dev.architectury.registry.registries.forge.RegistrarManagerImpl/]: Registry entry listened Registry Entry [minecraft:item / fossil:bone_unique_deinonychus] was not realized!
[07Jan2026 20:58:48.068] [main/WARN] [dev.architectury.registry.registries.forge.RegistrarManagerImpl/]: Registry entry listened Registry Entry [minecraft:item / fossil:cooked_elasmotherium] was not realized!
[07Jan2026 20:58:48.068] [main/WARN] [dev.architectury.registry.registries.forge.RegistrarManagerImpl/]: Registry entry listened Registry Entry [minecraft:item / fossil:bone_tail_liopleurodon] was not realized!
[07Jan2026 20:58:48.068] [main/WARN] [dev.architectury.registry.registries.forge.RegistrarManagerImpl/]: Registry entry listened Registry Entry [minecraft:item / fossil:bucket_item_lonchodomas] was not realized!
[07Jan2026 20:58:48.069] [main/WARN] [dev.architectury.registry.registries.forge.RegistrarManagerImpl/]: Registry entry listened Registry Entry [minecraft:item / fossil:bone_vertebrae_sarcosuchus] was not realized!
[07Jan2026 20:58:48.069] [main/WARN] [dev.architectury.registry.registries.forge.RegistrarManagerImpl/]: Registry entry listened Registry Entry [minecraft:item / fossil:bone_tail_confuciusornis] was not realized!
[07Jan2026 20:58:48.069] [main/WARN] [dev.architectury.registry.registries.forge.RegistrarManagerImpl/]: Registry entry listened Registry Entry [minecraft:item / fossil:meat_sturgeon] was not realized!
[07Jan2026 20:58:48.069] [main/WARN] [dev.architectury.registry.registries.forge.RegistrarManagerImpl/]: Registry entry listened Registry Entry [minecraft:item / fossil:bone_foot_protoceratops] was not realized!
[07Jan2026 20:58:48.069] [main/WARN] [dev.architectury.registry.registries.forge.RegistrarManagerImpl/]: Registry entry listened Registry Entry [minecraft:item / fossil:bone_foot_psittacosaurus] was not realized!
[07Jan2026 20:58:48.069] [main/WARN] [dev.architectury.registry.registries.forge.RegistrarManagerImpl/]: Registry entry listened Registry Entry [minecraft:item / fossil:phorusrhacos_dna] was not realized!
[07Jan2026 20:58:48.069] [main/WARN] [dev.architectury.registry.registries.forge.RegistrarManagerImpl/]: Registry entry listened Registry Entry [minecraft:item / fossil:spawn_egg_sarcosuchus] was not realized!
[07Jan2026 20:58:48.069] [main/WARN] [dev.architectury.registry.registries.forge.RegistrarManagerImpl/]: Registry entry listened Registry Entry [minecraft:item / fossil:spawn_egg_ornitholestes] was not realized!
[07Jan2026 20:58:48.069] [main/WARN] [dev.architectury.registry.registries.forge.RegistrarManagerImpl/]: Registry entry listened Registry Entry [minecraft:item / fossil:cooked_triceratops] was not realized!
[07Jan2026 20:58:48.069] [main/WARN] [dev.architectury.registry.registries.forge.RegistrarManagerImpl/]: Registry entry listened Registry Entry [minecraft:item / fossil:ornitholestes_dna] was not realized!
[07Jan2026 20:58:48.070] [main/WARN] [dev.architectury.registry.registries.forge.RegistrarManagerImpl/]: Registry entry listened Registry Entry [minecraft:item / fossil:bone_arm_crassigyrinus] was not realized!
[07Jan2026 20:58:48.070] [main/WARN] [dev.architectury.registry.registries.forge.RegistrarManagerImpl/]: Registry entry listened Registry Entry [minecraft:item / fossil:bone_arm_ornitholestes] was not realized!
[07Jan2026 20:58:48.070] [main/WARN] [dev.architectury.registry.registries.forge.RegistrarManagerImpl/]: Registry entry listened Registry Entry [minecraft:item / fossil:syringe_megaloceros] was not realized!
[07Jan2026 20:58:48.070] [main/WARN] [dev.architectury.registry.registries.forge.RegistrarManagerImpl/]: Registry entry listened Registry Entry [minecraft:item / fossil:horse_dna] was not realized!
[07Jan2026 20:58:48.070] [main/WARN] [dev.architectury.registry.registries.forge.RegistrarManagerImpl/]: Registry entry listened Registry Entry [minecraft:item / fossil:bone_skull_gastornis] was not realized!
[07Jan2026 20:58:48.070] [main/WARN] [dev.architectury.registry.registries.forge.RegistrarManagerImpl/]: Registry entry listened Registry Entry [minecraft:item / fossil:spawn_egg_crassigyrinus] was not realized!
[07Jan2026 20:58:48.070] [main/WARN] [dev.architectury.registry.registries.forge.RegistrarManagerImpl/]: Registry entry listened Registry Entry [minecraft:item / fossil:bucket_item_nautilus] was not realized!
[07Jan2026 20:58:48.070] [main/WARN] [dev.architectury.registry.registries.forge.RegistrarManagerImpl/]: Registry entry listened Registry Entry [minecraft:item / fossil:meat_diplodocus] was not realized!
[07Jan2026 20:58:48.071] [main/WARN] [dev.architectury.registry.registries.forge.RegistrarManagerImpl/]: Registry entry listened Registry Entry [minecraft:item / fossil:bone_tail_brachiosaurus] was not realized!
[07Jan2026 20:58:48.071] [main/WARN] [dev.architectury.registry.registries.forge.RegistrarManagerImpl/]: Registry entry listened Registry Entry [minecraft:item / fossil:bone_foot_gallimimus] was not realized!
[07Jan2026 20:58:48.071] [main/WARN] [dev.architectury.registry.registries.forge.RegistrarManagerImpl/]: Registry entry listened Registry Entry [minecraft:item / fossil:egg_item_allosaurus] was not realized!
[07Jan2026 20:58:48.071] [main/WARN] [dev.architectury.registry.registries.forge.RegistrarManagerImpl/]: Registry entry listened Registry Entry [minecraft:item / fossil:spawn_egg_compsognathus] was not realized!
[07Jan2026 20:58:48.071] [main/WARN] [dev.architectury.registry.registries.forge.RegistrarManagerImpl/]: Registry entry listened Registry Entry [minecraft:item / fossil:bone_foot_liopleurodon] was not realized!
[07Jan2026 20:58:48.071] [main/WARN] [dev.architectury.registry.registries.forge.RegistrarManagerImpl/]: Registry entry listened Registry Entry [minecraft:item / fossil:egg_item_scotoharpes] was not realized!
[07Jan2026 20:58:48.071] [main/WARN] [dev.architectury.registry.registries.forge.RegistrarManagerImpl/]: Registry entry listened Registry Entry [minecraft:item / fossil:bone_ribcage_dryosaurus] was not realized!
[07Jan2026 20:58:48.071] [main/WARN] [dev.architectury.registry.registries.forge.RegistrarManagerImpl/]: Registry entry listened Registry Entry [minecraft:item / fossil:ocelot_dna] was not realized!
[07Jan2026 20:58:48.071] [main/WARN] [dev.architectury.registry.registries.forge.RegistrarManagerImpl/]: Registry entry listened Registry Entry [minecraft:item / fossil:egg_item_psittacosaurus] was not realized!
[07Jan2026 20:58:48.071] [main/WARN] [dev.architectury.registry.registries.forge.RegistrarManagerImpl/]: Registry entry listened Registry Entry [minecraft:item / fossil:bucket_item_sturgeon] was not realized!
[07Jan2026 20:58:48.072] [main/WARN] [dev.architectury.registry.registries.forge.RegistrarManagerImpl/]: Registry entry listened Registry Entry [minecraft:item / fossil:bone_vertebrae_triceratops] was not realized!
[07Jan2026 20:58:48.072] [main/WARN] [dev.architectury.registry.registries.forge.RegistrarManagerImpl/]: Registry entry listened Registry Entry [minecraft:item / fossil:meat_phorusrhacos] was not realized!
[07Jan2026 20:58:48.072] [main/WARN] [dev.architectury.registry.registries.forge.RegistrarManagerImpl/]: Registry entry listened Registry Entry [minecraft:item / fossil:bone_foot_citipati] was not realized!
[07Jan2026 20:58:48.072] [main/WARN] [dev.architectury.registry.registries.forge.RegistrarManagerImpl/]: Registry entry listened Registry Entry [minecraft:item / fossil:bone_foot_smilodon] was not realized!
[07Jan2026 20:58:48.072] [main/WARN] [dev.architectury.registry.registries.forge.RegistrarManagerImpl/]: Registry entry listened Registry Entry [minecraft:item / fossil:egg_dodo] was not realized!
[07Jan2026 20:58:48.072] [main/WARN] [dev.architectury.registry.registries.forge.RegistrarManagerImpl/]: Registry entry listened Registry Entry [minecraft:item / fossil:bone_leg_gallimimus] was not realized!
[07Jan2026 20:58:48.072] [main/WARN] [dev.architectury.registry.registries.forge.RegistrarManagerImpl/]: Registry entry listened Registry Entry [minecraft:item / fossil:bone_foot_allosaurus] was not realized!
[07Jan2026 20:58:48.073] [main/WARN] [dev.architectury.registry.registries.forge.RegistrarManagerImpl/]: Registry entry listened Registry Entry [minecraft:item / fossil:alligator_gar_dna] was not realized!
[07Jan2026 20:58:48.073] [main/WARN] [dev.architectury.registry.registries.forge.RegistrarManagerImpl/]: Registry entry listened Registry Entry [minecraft:item / fossil:bone_leg_confuciusornis] was not realized!
[07Jan2026 20:58:48.073] [main/WARN] [dev.architectury.registry.registries.forge.RegistrarManagerImpl/]: Registry entry listened Registry Entry [minecraft:item / fossil:bone_tail_platybelodon] was not realized!
[07Jan2026 20:58:48.073] [main/WARN] [dev.architectury.registry.registries.forge.RegistrarManagerImpl/]: Registry entry listened Registry Entry [minecraft:item / fossil:bone_unique_dimorphodon] was not realized!
[07Jan2026 20:58:48.073] [main/WARN] [dev.architectury.registry.registries.forge.RegistrarManagerImpl/]: Registry entry listened Registry Entry [minecraft:item / fossil:cooked_phorusrhacos] was not realized!
[07Jan2026 20:58:48.073] [main/WARN] [dev.architectury.registry.registries.forge.RegistrarManagerImpl/]: Registry entry listened Registry Entry [minecraft:item / fossil:spawn_egg_sturgeon] was not realized!
[07Jan2026 20:58:48.073] [main/WARN] [dev.architectury.registry.registries.forge.RegistrarManagerImpl/]: Registry entry listened Registry Entry [minecraft:item / fossil:dodo_dna] was not realized!
[07Jan2026 20:58:48.073] [main/WARN] [dev.architectury.registry.registries.forge.RegistrarManagerImpl/]: Registry entry listened Registry Entry [minecraft:item / fossil:bone_vertebrae_diplodocus] was not realized!
[07Jan2026 20:58:48.073] [main/WARN] [dev.architectury.registry.registries.forge.RegistrarManagerImpl/]: Registry entry listened Registry Entry [minecraft:item / fossil:bone_ribcage_dilophosaurus] was not realized!
[07Jan2026 20:58:48.073] [main/WARN] [dev.architectury.registry.registries.forge.RegistrarManagerImpl/]: Registry entry listened Registry Entry [minecraft:item / fossil:spawn_egg_psittacosaurus] was not realized!
[07Jan2026 20:58:48.074] [main/WARN] [dev.architectury.registry.registries.forge.RegistrarManagerImpl/]: Registry entry listened Registry Entry [minecraft:item / fossil:cooked_aquilolamna] was not realized!
[07Jan2026 20:58:48.074] [main/WARN] [dev.architectury.registry.registries.forge.RegistrarManagerImpl/]: Registry entry listened Registry Entry [minecraft:item / fossil:bone_unique_quetzalcoatlus] was not realized!
[07Jan2026 20:58:48.074] [main/WARN] [dev.architectury.registry.registries.forge.RegistrarManagerImpl/]: Registry entry listened Registry Entry [minecraft:item / fossil:bone_tail_velociraptor] was not realized!
[07Jan2026 20:58:48.074] [main/WARN] [dev.architectury.registry.registries.forge.RegistrarManagerImpl/]: Registry entry listened Registry Entry [minecraft:item / fossil:pufferfish_dna] was not realized!
[07Jan2026 20:58:48.074] [main/WARN] [dev.architectury.registry.registries.forge.RegistrarManagerImpl/]: Registry entry listened Registry Entry [minecraft:item / fossil:meat_aquilolamna] was not realized!
[07Jan2026 20:58:48.074] [main/WARN] [dev.architectury.registry.registries.forge.RegistrarManagerImpl/]: Registry entry listened Registry Entry [minecraft:item / fossil:bone_arm_compsognathus] was not realized!
[07Jan2026 20:58:48.074] [main/WARN] [dev.architectury.registry.registries.forge.RegistrarManagerImpl/]: Registry entry listened Registry Entry [minecraft:item / fossil:cooked_scotoharpes] was not realized!
[07Jan2026 20:58:48.074] [main/WARN] [dev.architectury.registry.registries.forge.RegistrarManagerImpl/]: Registry entry listened Registry Entry [minecraft:item / fossil:bone_skull_dodo] was not realized!
[07Jan2026 20:58:48.074] [main/WARN] [dev.architectury.registry.registries.forge.RegistrarManagerImpl/]: Registry entry listened Registry Entry [minecraft:item / fossil:bone_unique_spinosaurus] was not realized!
[07Jan2026 20:58:48.074] [main/WARN] [dev.architectury.registry.registries.forge.RegistrarManagerImpl/]: Registry entry listened Registry Entry [minecraft:item / fossil:bone_ribcage_mosasaurus] was not realized!
[07Jan2026 20:58:48.074] [main/WARN] [dev.architectury.registry.registries.forge.RegistrarManagerImpl/]: Registry entry listened Registry Entry [minecraft:item / fossil:bone_skull_titanis] was not realized!
[07Jan2026 20:58:48.074] [main/WARN] [dev.architectury.registry.registries.forge.RegistrarManagerImpl/]: Registry entry listened Registry Entry [minecraft:item / fossil:platybelodon_dna] was not realized!
[07Jan2026 20:58:48.075] [main/WARN] [dev.architectury.registry.registries.forge.RegistrarManagerImpl/]: Registry entry listened Registry Entry [minecraft:item / fossil:bone_leg_tiktaalik] was not realized!
[07Jan2026 20:58:48.075] [main/WARN] [dev.architectury.registry.registries.forge.RegistrarManagerImpl/]: Registry entry listened Registry Entry [minecraft:item / fossil:bone_skull_pachyrhinosaurus] was not realized!
[07Jan2026 20:58:48.075] [main/WARN] [dev.architectury.registry.registries.forge.RegistrarManagerImpl/]: Registry entry listened Registry Entry [minecraft:item / fossil:egg_item_aquilolamna] was not realized!
[07Jan2026 20:58:48.075] [main/WARN] [dev.architectury.registry.registries.forge.RegistrarManagerImpl/]: Registry entry listened Registry Entry [minecraft:item / fossil:bone_vertebrae_elasmotherium] was not realized!
[07Jan2026 20:58:48.075] [main/WARN] [dev.architectury.registry.registries.forge.RegistrarManagerImpl/]: Registry entry listened Registry Entry [minecraft:item / fossil:elasmotherium_dna] was not realized!
[07Jan2026 20:58:48.075] [main/WARN] [dev.architectury.registry.registries.forge.RegistrarManagerImpl/]: Registry entry listened Registry Entry [minecraft:item / fossil:bone_tail_tyrannosaurus] was not realized!
[07Jan2026 20:58:48.075] [main/WARN] [dev.architectury.registry.registries.forge.RegistrarManagerImpl/]: Registry entry listened Registry Entry [minecraft:item / fossil:bucket_item_coelacanth] was not realized!
[07Jan2026 20:58:48.075] [main/WARN] [dev.architectury.registry.registries.forge.RegistrarManagerImpl/]: Registry entry listened Registry Entry [minecraft:item / fossil:spawn_egg_nautilus] was not realized!
[07Jan2026 20:58:48.075] [main/WARN] [dev.architectury.registry.registries.forge.RegistrarManagerImpl/]: Registry entry listened Registry Entry [minecraft:item / fossil:bone_skull_megalania] was not realized!
[07Jan2026 20:58:48.075] [main/WARN] [dev.architectury.registry.registries.forge.RegistrarManagerImpl/]: Registry entry listened Registry Entry [minecraft:item / fossil:spawn_egg_platybelodon] was not realized!
[07Jan2026 20:58:48.075] [main/WARN] [dev.architectury.registry.registries.forge.RegistrarManagerImpl/]: Registry entry listened Registry Entry [minecraft:item / fossil:bone_ribcage_diplodocus] was not realized!
[07Jan2026 20:58:48.076] [main/WARN] [dev.architectury.registry.registries.forge.RegistrarManagerImpl/]: Registry entry listened Registry Entry [minecraft:item / fossil:bone_tail_triceratops] was not realized!
[07Jan2026 20:58:48.076] [main/WARN] [dev.architectury.registry.registries.forge.RegistrarManagerImpl/]: Registry entry listened Registry Entry [minecraft:item / fossil:cooked_velociraptor] was not realized!
[07Jan2026 20:58:48.076] [main/WARN] [dev.architectury.registry.registries.forge.RegistrarManagerImpl/]: Registry entry listened Registry Entry [minecraft:item / fossil:bucket_item_crassigyrinus] was not realized!
[07Jan2026 20:58:48.076] [main/WARN] [dev.architectury.registry.registries.forge.RegistrarManagerImpl/]: Registry entry listened Registry Entry [minecraft:item / fossil:bone_leg_dimorphodon] was not realized!
[07Jan2026 20:58:48.076] [main/WARN] [dev.architectury.registry.registries.forge.RegistrarManagerImpl/]: Registry entry listened Registry Entry [minecraft:item / fossil:stegosaurus_dna] was not realized!
[07Jan2026 20:58:48.076] [main/WARN] [dev.architectury.registry.registries.forge.RegistrarManagerImpl/]: Registry entry listened Registry Entry [minecraft:item / fossil:bone_leg_mosasaurus] was not realized!
[07Jan2026 20:58:48.076] [main/WARN] [dev.architectury.registry.registries.forge.RegistrarManagerImpl/]: Registry entry listened Registry Entry [minecraft:item / fossil:egg_item_confuciusornis] was not realized!
[07Jan2026 20:58:48.076] [main/WARN] [dev.architectury.registry.registries.forge.RegistrarManagerImpl/]: Registry entry listened Registry Entry [minecraft:item / fossil:triceratops_dna] was not realized!
[07Jan2026 20:58:48.076] [main/WARN] [dev.architectury.registry.registries.forge.RegistrarManagerImpl/]: Registry entry listened Registry Entry [minecraft:item / fossil:bone_foot_sarcosuchus] was not realized!
[07Jan2026 20:58:48.076] [main/WARN] [dev.architectury.registry.registries.forge.RegistrarManagerImpl/]: Registry entry listened Registry Entry [minecraft:item / fossil:spawn_egg_megalodon] was not realized!
[07Jan2026 20:58:48.076] [main/WARN] [dev.architectury.registry.registries.forge.RegistrarManagerImpl/]: Registry entry listened Registry Entry [minecraft:item / fossil:bone_unique_dimetrodon] was not realized!
[07Jan2026 20:58:48.076] [main/WARN] [dev.architectury.registry.registries.forge.RegistrarManagerImpl/]: Registry entry listened Registry Entry [minecraft:item / fossil:bone_skull_brachiosaurus] was not realized!
[07Jan2026 20:58:48.076] [main/WARN] [dev.architectury.registry.registries.forge.RegistrarManagerImpl/]: Registry entry listened Registry Entry [minecraft:item / fossil:bone_skull_dilophosaurus] was not realized!
[07Jan2026 20:58:48.076] [main/WARN] [dev.architectury.registry.registries.forge.RegistrarManagerImpl/]: Registry entry listened Registry Entry [minecraft:item / fossil:meat_quagga] was not realized!
[07Jan2026 20:58:48.077] [main/WARN] [dev.architectury.registry.registries.forge.RegistrarManagerImpl/]: Registry entry listened Registry Entry [minecraft:item / fossil:bone_tail_sarcosuchus] was not realized!
[07Jan2026 20:58:48.077] [main/WARN] [dev.architectury.registry.registries.forge.RegistrarManagerImpl/]: Registry entry listened Registry Entry [minecraft:item / fossil:egg_item_chicken] was not realized!
[07Jan2026 20:58:48.077] [main/WARN] [dev.architectury.registry.registries.forge.RegistrarManagerImpl/]: Registry entry listened Registry Entry [minecraft:item / fossil:bone_unique_ankylosaurus] was not realized!
[07Jan2026 20:58:48.077] [main/WARN] [dev.architectury.registry.registries.forge.RegistrarManagerImpl/]: Registry entry listened Registry Entry [minecraft:item / fossil:polar_bear_dna] was not realized!
[07Jan2026 20:58:48.077] [main/WARN] [dev.architectury.registry.registries.forge.RegistrarManagerImpl/]: Registry entry listened Registry Entry [minecraft:item / fossil:bone_vertebrae_ceratosaurus] was not realized!
[07Jan2026 20:58:48.077] [main/WARN] [dev.architectury.registry.registries.forge.RegistrarManagerImpl/]: Registry entry listened Registry Entry [minecraft:item / fossil:bone_arm_brachiosaurus] was not realized!
[07Jan2026 20:58:48.077] [main/WARN] [dev.architectury.registry.registries.forge.RegistrarManagerImpl/]: Registry entry listened Registry Entry [minecraft:item / fossil:meat_dimetrodon] was not realized!
[07Jan2026 20:58:48.077] [main/WARN] [dev.architectury.registry.registries.forge.RegistrarManagerImpl/]: Registry entry listened Registry Entry [minecraft:item / fossil:egg_item_diplodocus] was not realized!
[07Jan2026 20:58:48.077] [main/WARN] [dev.architectury.registry.registries.forge.RegistrarManagerImpl/]: Registry entry listened Registry Entry [minecraft:item / fossil:egg_item_titanis] was not realized!
[07Jan2026 20:58:48.077] [main/WARN] [dev.architectury.registry.registries.forge.RegistrarManagerImpl/]: Registry entry listened Registry Entry [minecraft:item / fossil:bone_foot_ceratosaurus] was not realized!
[07Jan2026 20:58:48.077] [main/WARN] [dev.architectury.registry.registries.forge.RegistrarManagerImpl/]: Registry entry listened Registry Entry [minecraft:item / fossil:bone_ribcage_confuciusornis] was not realized!
[07Jan2026 20:58:48.077] [main/WARN] [dev.architectury.registry.registries.forge.RegistrarManagerImpl/]: Registry entry listened Registry Entry [minecraft:item / fossil:egg_item_ichthyosaurus] was not realized!
[07Jan2026 20:58:48.077] [main/WARN] [dev.architectury.registry.registries.forge.RegistrarManagerImpl/]: Registry entry listened Registry Entry [minecraft:item / fossil:bone_foot_diplocaulus] was not realized!
[07Jan2026 20:58:48.078] [main/WARN] [dev.architectury.registry.registries.forge.RegistrarManagerImpl/]: Registry entry listened Registry Entry [minecraft:item / fossil:bone_leg_citipati] was not realized!
[07Jan2026 20:58:48.078] [main/WARN] [dev.architectury.registry.registries.forge.RegistrarManagerImpl/]: Registry entry listened Registry Entry [minecraft:item / fossil:cooked_diplodocus] was not realized!
[07Jan2026 20:58:48.078] [main/WARN] [dev.architectury.registry.registries.forge.RegistrarManagerImpl/]: Registry entry listened Registry Entry [minecraft:item / fossil:egg_item_phorusrhacos] was not realized!
[07Jan2026 20:58:48.078] [main/WARN] [dev.architectury.registry.registries.forge.RegistrarManagerImpl/]: Registry entry listened Registry Entry [minecraft:item / fossil:bone_foot_triceratops] was not realized!
[07Jan2026 20:58:48.078] [main/WARN] [dev.architectury.registry.registries.forge.RegistrarManagerImpl/]: Registry entry listened Registry Entry [minecraft:item / fossil:spawn_egg_scotoharpes] was not realized!
[07Jan2026 20:58:48.078] [main/WARN] [dev.architectury.registry.registries.forge.RegistrarManagerImpl/]: Registry entry listened Registry Entry [minecraft:item / fossil:bone_arm_diplodocus] was not realized!
[07Jan2026 20:58:48.078] [main/WARN] [dev.architectury.registry.registries.forge.RegistrarManagerImpl/]: Registry entry listened Registry Entry [minecraft:item / fossil:axolotl_dna] was not realized!
[07Jan2026 20:58:48.078] [main/WARN] [dev.architectury.registry.registries.forge.RegistrarManagerImpl/]: Registry entry listened Registry Entry [minecraft:item / fossil:syringe_polar_bear] was not realized!
[07Jan2026 20:58:48.078] [main/WARN] [dev.architectury.registry.registries.forge.RegistrarManagerImpl/]: Registry entry listened Registry Entry [minecraft:item / fossil:bone_arm_parasaurolophus] was not realized!
[07Jan2026 20:58:48.078] [main/WARN] [dev.architectury.registry.registries.forge.RegistrarManagerImpl/]: Registry entry listened Registry Entry [minecraft:item / fossil:syringe_mammoth] was not realized!
[07Jan2026 20:58:48.078] [main/WARN] [dev.architectury.registry.registries.forge.RegistrarManagerImpl/]: Registry entry listened Registry Entry [minecraft:item / fossil:cooked_parasaurolophus] was not realized!
[07Jan2026 20:58:48.078] [main/WARN] [dev.architectury.registry.registries.forge.RegistrarManagerImpl/]: Registry entry listened Registry Entry [minecraft:item / fossil:bone_arm_dryosaurus] was not realized!
[07Jan2026 20:58:48.079] [main/WARN] [dev.architectury.registry.registries.forge.RegistrarManagerImpl/]: Registry entry listened Registry Entry [minecraft:item / fossil:egg_item_cod] was not realized!
[07Jan2026 20:58:48.079] [main/WARN] [dev.architectury.registry.registries.forge.RegistrarManagerImpl/]: Registry entry listened Registry Entry [minecraft:item / fossil:bone_skull_quagga] was not realized!
[07Jan2026 20:58:48.079] [main/WARN] [dev.architectury.registry.registries.forge.RegistrarManagerImpl/]: Registry entry listened Registry Entry [minecraft:item / fossil:bone_ribcage_triceratops] was not realized!
[07Jan2026 20:58:48.079] [main/WARN] [dev.architectury.registry.registries.forge.RegistrarManagerImpl/]: Registry entry listened Registry Entry [minecraft:item / fossil:syringe_pig] was not realized!
[07Jan2026 20:58:48.079] [main/WARN] [dev.architectury.registry.registries.forge.RegistrarManagerImpl/]: Registry entry listened Registry Entry [minecraft:item / fossil:bone_foot_ichthyosaurus] was not realized!
[07Jan2026 20:58:48.079] [main/WARN] [dev.architectury.registry.registries.forge.RegistrarManagerImpl/]: Registry entry listened Registry Entry [minecraft:item / fossil:syringe_rabbit] was not realized!
[07Jan2026 20:58:48.079] [main/WARN] [dev.architectury.registry.registries.forge.RegistrarManagerImpl/]: Registry entry listened Registry Entry [minecraft:item / fossil:egg_item_crassigyrinus] was not realized!
[07Jan2026 20:58:48.079] [main/WARN] [dev.architectury.registry.registries.forge.RegistrarManagerImpl/]: Registry entry listened Registry Entry [minecraft:item / fossil:syringe_cow] was not realized!
[07Jan2026 20:58:48.079] [main/WARN] [dev.architectury.registry.registries.forge.RegistrarManagerImpl/]: Registry entry listened Registry Entry [minecraft:item / fossil:llama_dna] was not realized!
[07Jan2026 20:58:48.079] [main/WARN] [dev.architectury.registry.registries.forge.RegistrarManagerImpl/]: Registry entry listened Registry Entry [minecraft:item / fossil:bone_tail_quetzalcoatlus] was not realized!
[07Jan2026 20:58:48.080] [main/WARN] [dev.architectury.registry.registries.forge.RegistrarManagerImpl/]: Registry entry listened Registry Entry [minecraft:item / fossil:spawn_egg_megalania] was not realized!
[07Jan2026 20:58:48.080] [main/WARN] [dev.architectury.registry.registries.forge.RegistrarManagerImpl/]: Registry entry listened Registry Entry [minecraft:item / fossil:dolphin_dna] was not realized!
[07Jan2026 20:58:48.080] [main/WARN] [dev.architectury.registry.registries.forge.RegistrarManagerImpl/]: Registry entry listened Registry Entry [minecraft:item / fossil:bone_ribcage_compsognathus] was not realized!
[07Jan2026 20:58:48.080] [main/WARN] [dev.architectury.registry.registries.forge.RegistrarManagerImpl/]: Registry entry listened Registry Entry [minecraft:item / fossil:bone_ribcage_pachycephalosaurus] was not realized!
[07Jan2026 20:58:48.080] [main/WARN] [dev.architectury.registry.registries.forge.RegistrarManagerImpl/]: Registry entry listened Registry Entry [minecraft:item / fossil:bone_arm_tiktaalik] was not realized!
[07Jan2026 20:58:48.080] [main/WARN] [dev.architectury.registry.registries.forge.RegistrarManagerImpl/]: Registry entry listened Registry Entry [minecraft:item / fossil:bone_ribcage_therizinosaurus] was not realized!
[07Jan2026 20:58:48.080] [main/WARN] [dev.architectury.registry.registries.forge.RegistrarManagerImpl/]: Registry entry listened Registry Entry [minecraft:item / fossil:bone_leg_ornitholestes] was not realized!
[07Jan2026 20:58:48.080] [main/WARN] [dev.architectury.registry.registries.forge.RegistrarManagerImpl/]: Registry entry listened Registry Entry [minecraft:item / fossil:bone_leg_pachycephalosaurus] was not realized!
[07Jan2026 20:58:48.080] [main/WARN] [dev.architectury.registry.registries.forge.RegistrarManagerImpl/]: Registry entry listened Registry Entry [minecraft:item / fossil:bone_ribcage_brachiosaurus] was not realized!
[07Jan2026 20:58:48.080] [main/WARN] [dev.architectury.registry.registries.forge.RegistrarManagerImpl/]: Registry entry listened Registry Entry [minecraft:item / fossil:bone_skull_pteranodon] was not realized!
[07Jan2026 20:58:48.081] [main/WARN] [dev.architectury.registry.registries.forge.RegistrarManagerImpl/]: Registry entry listened Registry Entry [minecraft:item / fossil:bone_arm_henodus] was not realized!
[07Jan2026 20:58:48.081] [main/WARN] [dev.architectury.registry.registries.forge.RegistrarManagerImpl/]: Registry entry listened Registry Entry [minecraft:item / fossil:cooked_coelacanth] was not realized!
[07Jan2026 20:58:48.081] [main/WARN] [dev.architectury.registry.registries.forge.RegistrarManagerImpl/]: Registry entry listened Registry Entry [minecraft:item / fossil:bone_skull_stegosaurus] was not realized!
[07Jan2026 20:58:48.081] [main/WARN] [dev.architectury.registry.registries.forge.RegistrarManagerImpl/]: Registry entry listened Registry Entry [minecraft:item / fossil:bone_leg_velociraptor] was not realized!
[07Jan2026 20:58:48.081] [main/WARN] [dev.architectury.registry.registries.forge.RegistrarManagerImpl/]: Registry entry listened Registry Entry [minecraft:item / fossil:bone_vertebrae_therizinosaurus] was not realized!
[07Jan2026 20:58:48.081] [main/WARN] [dev.architectury.registry.registries.forge.RegistrarManagerImpl/]: Registry entry listened Registry Entry [minecraft:item / fossil:camel_dna] was not realized!
[07Jan2026 20:58:48.081] [main/WARN] [dev.architectury.registry.registries.forge.RegistrarManagerImpl/]: Registry entry listened Registry Entry [minecraft:item / fossil:bone_vertebrae_dodo] was not realized!
[07Jan2026 20:58:48.081] [main/WARN] [dev.architectury.registry.registries.forge.RegistrarManagerImpl/]: Registry entry listened Registry Entry [minecraft:item / fossil:spawn_egg_quagga] was not realized!
[07Jan2026 20:58:48.081] [main/WARN] [dev.architectury.registry.registries.forge.RegistrarManagerImpl/]: Registry entry listened Registry Entry [minecraft:item / fossil:bone_ribcage_diplocaulus] was not realized!
[07Jan2026 20:58:48.081] [main/WARN] [dev.architectury.registry.registries.forge.RegistrarManagerImpl/]: Registry entry listened Registry Entry [minecraft:item / fossil:syringe_platybelodon] was not realized!
[07Jan2026 20:58:48.081] [main/WARN] [dev.architectury.registry.registries.forge.RegistrarManagerImpl/]: Registry entry listened Registry Entry [minecraft:item / fossil:bone_arm_ceratosaurus] was not realized!
[07Jan2026 20:58:48.082] [main/WARN] [dev.architectury.registry.registries.forge.RegistrarManagerImpl/]: Registry entry listened Registry Entry [minecraft:item / fossil:bone_tail_diplocaulus] was not realized!
[07Jan2026 20:58:48.082] [main/WARN] [dev.architectury.registry.registries.forge.RegistrarManagerImpl/]: Registry entry listened Registry Entry [minecraft:item / fossil:bucket_item_ichthyosaurus] was not realized!
[07Jan2026 20:58:48.082] [main/WARN] [dev.architectury.registry.registries.forge.RegistrarManagerImpl/]: Registry entry listened Registry Entry [minecraft:item / fossil:meat_lonchodomas] was not realized!
[07Jan2026 20:58:48.082] [main/WARN] [dev.architectury.registry.registries.forge.RegistrarManagerImpl/]: Registry entry listened Registry Entry [minecraft:item / fossil:bone_tail_ankylosaurus] was not realized!
[07Jan2026 20:58:48.082] [main/WARN] [dev.architectury.registry.registries.forge.RegistrarManagerImpl/]: Registry entry listened Registry Entry [minecraft:item / fossil:bone_foot_edaphosaurus] was not realized!
[07Jan2026 20:58:48.082] [main/WARN] [dev.architectury.registry.registries.forge.RegistrarManagerImpl/]: Registry entry listened Registry Entry [minecraft:item / fossil:bone_arm_allosaurus] was not realized!
[07Jan2026 20:58:48.082] [main/WARN] [dev.architectury.registry.registries.forge.RegistrarManagerImpl/]: Registry entry listened Registry Entry [minecraft:item / fossil:spawn_egg_velociraptor] was not realized!
[07Jan2026 20:58:48.082] [main/WARN] [dev.architectury.registry.registries.forge.RegistrarManagerImpl/]: Registry entry listened Registry Entry [minecraft:item / fossil:egg_item_megalodon] was not realized!
[07Jan2026 20:58:48.082] [main/WARN] [dev.architectury.registry.registries.forge.RegistrarManagerImpl/]: Registry entry listened Registry Entry [minecraft:item / fossil:bone_ribcage_sarcosuchus] was not realized!
[07Jan2026 20:58:48.082] [main/WARN] [dev.architectury.registry.registries.forge.RegistrarManagerImpl/]: Registry entry listened Registry Entry [minecraft:item / fossil:bone_vertebrae_postosuchus] was not realized!
[07Jan2026 20:58:48.083] [main/WARN] [dev.architectury.registry.registries.forge.RegistrarManagerImpl/]: Registry entry listened Registry Entry [minecraft:item / fossil:bone_unique_henodus] was not realized!
[07Jan2026 20:58:48.083] [main/WARN] [dev.architectury.registry.registries.forge.RegistrarManagerImpl/]: Registry entry listened Registry Entry [minecraft:item / fossil:spawn_egg_dicranurus] was not realized!
[07Jan2026 20:58:48.083] [main/WARN] [dev.architectury.registry.registries.forge.RegistrarManagerImpl/]: Registry entry listened Registry Entry [minecraft:item / fossil:bone_ribcage_megalania] was not realized!
[07Jan2026 20:58:48.083] [main/WARN] [dev.architectury.registry.registries.forge.RegistrarManagerImpl/]: Registry entry listened Registry Entry [minecraft:item / fossil:bone_unique_edaphosaurus] was not realized!
[07Jan2026 20:58:48.083] [main/WARN] [dev.architectury.registry.registries.forge.RegistrarManagerImpl/]: Registry entry listened Registry Entry [minecraft:item / fossil:bone_arm_phorusrhacos] was not realized!
[07Jan2026 20:58:48.083] [main/WARN] [dev.architectury.registry.registries.forge.RegistrarManagerImpl/]: Registry entry listened Registry Entry [minecraft:item / fossil:bone_foot_megaloceros] was not realized!
[07Jan2026 20:58:48.083] [main/WARN] [dev.architectury.registry.registries.forge.RegistrarManagerImpl/]: Registry entry listened Registry Entry [minecraft:item / fossil:bone_vertebrae_crassigyrinus] was not realized!
[07Jan2026 20:58:48.083] [main/WARN] [dev.architectury.registry.registries.forge.RegistrarManagerImpl/]: Registry entry listened Registry Entry [minecraft:item / fossil:donkey_dna] was not realized!
[07Jan2026 20:58:48.083] [main/WARN] [dev.architectury.registry.registries.forge.RegistrarManagerImpl/]: Registry entry listened Registry Entry [minecraft:item / fossil:bone_unique_compsognathus] was not realized!
[07Jan2026 20:58:48.083] [main/WARN] [dev.architectury.registry.registries.forge.RegistrarManagerImpl/]: Registry entry listened Registry Entry [minecraft:item / fossil:bone_leg_henodus] was not realized!
[07Jan2026 20:58:48.083] [main/WARN] [dev.architectury.registry.registries.forge.RegistrarManagerImpl/]: Registry entry listened Registry Entry [minecraft:item / fossil:bone_arm_dilophosaurus] was not realized!
[07Jan2026 20:58:48.084] [main/WARN] [dev.architectury.registry.registries.forge.RegistrarManagerImpl/]: Registry entry listened Registry Entry [minecraft:item / fossil:bone_unique_quagga] was not realized!
[07Jan2026 20:58:48.084] [main/WARN] [dev.architectury.registry.registries.forge.RegistrarManagerImpl/]: Registry entry listened Registry Entry [minecraft:item / fossil:cooked_megalania] was not realized!
[07Jan2026 20:58:48.084] [main/WARN] [dev.architectury.registry.registries.forge.RegistrarManagerImpl/]: Registry entry listened Registry Entry [minecraft:item / fossil:syringe_panda] was not realized!
[07Jan2026 20:58:48.084] [main/WARN] [dev.architectury.registry.registries.forge.RegistrarManagerImpl/]: Registry entry listened Registry Entry [minecraft:item / fossil:pachycephalosaurus_dna] was not realized!
[07Jan2026 20:58:48.084] [main/WARN] [dev.architectury.registry.registries.forge.RegistrarManagerImpl/]: Registry entry listened Registry Entry [minecraft:item / fossil:bone_foot_mammoth] was not realized!
[07Jan2026 20:58:48.084] [main/WARN] [dev.architectury.registry.registries.forge.RegistrarManagerImpl/]: Registry entry listened Registry Entry [minecraft:item / fossil:bone_ribcage_velociraptor] was not realized!
[07Jan2026 20:58:48.084] [main/WARN] [dev.architectury.registry.registries.forge.RegistrarManagerImpl/]: Registry entry listened Registry Entry [minecraft:item / fossil:spawn_egg_stegosaurus] was not realized!
[07Jan2026 20:58:48.084] [main/WARN] [dev.architectury.registry.registries.forge.RegistrarManagerImpl/]: Registry entry listened Registry Entry [minecraft:item / fossil:bone_leg_pteranodon] was not realized!
[07Jan2026 20:58:48.084] [main/WARN] [dev.architectury.registry.registries.forge.RegistrarManagerImpl/]: Registry entry listened Registry Entry [minecraft:item / fossil:bone_leg_dilophosaurus] was not realized!
[07Jan2026 20:58:48.084] [main/WARN] [dev.architectury.registry.registries.forge.RegistrarManagerImpl/]: Registry entry listened Registry Entry [minecraft:item / fossil:spawn_egg_gallimimus] was not realized!
[07Jan2026 20:58:48.084] [main/WARN] [dev.architectury.registry.registries.forge.RegistrarManagerImpl/]: Registry entry listened Registry Entry [minecraft:item / fossil:pteranodon_dna] was not realized!
[07Jan2026 20:58:48.085] [main/WARN] [dev.architectury.registry.registries.forge.RegistrarManagerImpl/]: Registry entry listened Registry Entry [minecraft:item / fossil:tyrannosaurus_dna] was not realized!
[07Jan2026 20:58:48.085] [main/WARN] [dev.architectury.registry.registries.forge.RegistrarManagerImpl/]: Registry entry listened Registry Entry [minecraft:item / fossil:cooked_platybelodon] was not realized!
[07Jan2026 20:58:48.085] [main/WARN] [dev.architectury.registry.registries.forge.RegistrarManagerImpl/]: Registry entry listened Registry Entry [minecraft:item / fossil:bone_skull_edaphosaurus] was not realized!
[07Jan2026 20:58:48.085] [main/WARN] [dev.architectury.registry.registries.forge.RegistrarManagerImpl/]: Registry entry listened Registry Entry [minecraft:item / fossil:bone_vertebrae_kelenken] was not realized!
[07Jan2026 20:58:48.085] [main/WARN] [dev.architectury.registry.registries.forge.RegistrarManagerImpl/]: Registry entry listened Registry Entry [minecraft:item / fossil:bone_unique_gallimimus] was not realized!
[07Jan2026 20:58:48.085] [main/WARN] [dev.architectury.registry.registries.forge.RegistrarManagerImpl/]: Registry entry listened Registry Entry [minecraft:item / fossil:cooked_ichthyosaurus] was not realized!
[07Jan2026 20:58:48.085] [main/WARN] [dev.architectury.registry.registries.forge.RegistrarManagerImpl/]: Registry entry listened Registry Entry [minecraft:item / fossil:bone_arm_quetzalcoatlus] was not realized!
[07Jan2026 20:58:48.085] [main/WARN] [dev.architectury.registry.registries.forge.RegistrarManagerImpl/]: Registry entry listened Registry Entry [minecraft:item / fossil:bone_foot_tiktaalik] was not realized!
[07Jan2026 20:58:48.085] [main/WARN] [dev.architectury.registry.registries.forge.RegistrarManagerImpl/]: Registry entry listened Registry Entry [minecraft:item / fossil:egg_item_stegosaurus] was not realized!
[07Jan2026 20:58:48.085] [main/WARN] [dev.architectury.registry.registries.forge.RegistrarManagerImpl/]: Registry entry listened Registry Entry [minecraft:item / fossil:mooshroom_dna] was not realized!
[07Jan2026 20:58:48.085] [main/WARN] [dev.architectury.registry.registries.forge.RegistrarManagerImpl/]: Registry entry listened Registry Entry [minecraft:item / fossil:bone_leg_diplocaulus] was not realized!
[07Jan2026 20:58:48.086] [main/WARN] [dev.architectury.registry.registries.forge.RegistrarManagerImpl/]: Registry entry listened Registry Entry [minecraft:item / fossil:spawn_egg_confuciusornis] was not realized!
[07Jan2026 20:58:48.086] [main/WARN] [dev.architectury.registry.registries.forge.RegistrarManagerImpl/]: Registry entry listened Registry Entry [minecraft:item / fossil:postosuchus_dna] was not realized!
[07Jan2026 20:58:48.086] [main/WARN] [dev.architectury.registry.registries.forge.RegistrarManagerImpl/]: Registry entry listened Registry Entry [minecraft:item / fossil:cooked_confuciusornis] was not realized!
[07Jan2026 20:58:48.086] [main/WARN] [dev.architectury.registry.registries.forge.RegistrarManagerImpl/]: Registry entry listened Registry Entry [minecraft:item / fossil:bone_skull_citipati] was not realized!
[07Jan2026 20:58:48.086] [main/WARN] [dev.architectury.registry.registries.forge.RegistrarManagerImpl/]: Registry entry listened Registry Entry [minecraft:item / fossil:meat_spinosaurus] was not realized!
[07Jan2026 20:58:48.086] [main/WARN] [dev.architectury.registry.registries.forge.RegistrarManagerImpl/]: Registry entry listened Registry Entry [minecraft:item / fossil:cooked_stegosaurus] was not realized!
[07Jan2026 20:58:48.086] [main/WARN] [dev.architectury.registry.registries.forge.RegistrarManagerImpl/]: Registry entry listened Registry Entry [minecraft:item / fossil:bone_unique_dilophosaurus] was not realized!
[07Jan2026 20:58:48.086] [main/WARN] [dev.architectury.registry.registries.forge.RegistrarManagerImpl/]: Registry entry listened Registry Entry [minecraft:item / fossil:bone_leg_platybelodon] was not realized!
[07Jan2026 20:58:48.086] [main/WARN] [dev.architectury.registry.registries.forge.RegistrarManagerImpl/]: Registry entry listened Registry Entry [minecraft:item / fossil:bone_vertebrae_mosasaurus] was not realized!
[07Jan2026 20:58:48.086] [main/WARN] [dev.architectury.registry.registries.forge.RegistrarManagerImpl/]: Registry entry listened Registry Entry [minecraft:item / fossil:egg_item_megalania] was not realized!
[07Jan2026 20:58:48.087] [main/WARN] [dev.architectury.registry.registries.forge.RegistrarManagerImpl/]: Registry entry listened Registry Entry [minecraft:item / fossil:bone_unique_citipati] was not realized!
[07Jan2026 20:58:48.087] [main/WARN] [dev.architectury.registry.registries.forge.RegistrarManagerImpl/]: Registry entry listened Registry Entry [minecraft:item / fossil:bone_ribcage_henodus] was not realized!
[07Jan2026 20:58:48.087] [main/WARN] [dev.architectury.registry.registries.forge.RegistrarManagerImpl/]: Registry entry listened Registry Entry [minecraft:item / fossil:meat_protoceratops] was not realized!
[07Jan2026 20:58:48.087] [main/WARN] [dev.architectury.registry.registries.forge.RegistrarManagerImpl/]: Registry entry listened Registry Entry [minecraft:item / fossil:bone_foot_dimorphodon] was not realized!
[07Jan2026 20:58:48.087] [main/WARN] [dev.architectury.registry.registries.forge.RegistrarManagerImpl/]: Registry entry listened Registry Entry [minecraft:item / fossil:bone_ribcage_megaloceros] was not realized!
[07Jan2026 20:58:48.087] [main/WARN] [dev.architectury.registry.registries.forge.RegistrarManagerImpl/]: Registry entry listened Registry Entry [minecraft:item / fossil:glow_squid_dna] was not realized!
[07Jan2026 20:58:48.087] [main/WARN] [dev.architectury.registry.registries.forge.RegistrarManagerImpl/]: Registry entry listened Registry Entry [minecraft:item / fossil:egg_item_arthropleura] was not realized!
[07Jan2026 20:58:48.087] [main/WARN] [dev.architectury.registry.registries.forge.RegistrarManagerImpl/]: Registry entry listened Registry Entry [minecraft:item / fossil:bone_tail_dilophosaurus] was not realized!
[07Jan2026 20:58:48.087] [main/WARN] [dev.architectury.registry.registries.forge.RegistrarManagerImpl/]: Registry entry listened Registry Entry [minecraft:item / fossil:bone_foot_pachyrhinosaurus] was not realized!
[07Jan2026 20:58:48.087] [main/WARN] [dev.architectury.registry.registries.forge.RegistrarManagerImpl/]: Registry entry listened Registry Entry [minecraft:item / fossil:bone_arm_kelenken] was not realized!
[07Jan2026 20:58:48.088] [main/WARN] [dev.architectury.registry.registries.forge.RegistrarManagerImpl/]: Registry entry listened Registry Entry [minecraft:item / fossil:bone_leg_spinosaurus] was not realized!
[07Jan2026 20:58:48.088] [main/WARN] [dev.architectury.registry.registries.forge.RegistrarManagerImpl/]: Registry entry listened Registry Entry [minecraft:item / fossil:bone_unique_ceratosaurus] was not realized!
[07Jan2026 20:58:48.088] [main/WARN] [dev.architectury.registry.registries.forge.RegistrarManagerImpl/]: Registry entry listened Registry Entry [minecraft:item / fossil:crassigyrinus_dna] was not realized!
[07Jan2026 20:58:48.088] [main/WARN] [dev.architectury.registry.registries.forge.RegistrarManagerImpl/]: Registry entry listened Registry Entry [minecraft:item / fossil:spawn_egg_arthropleura] was not realized!
[07Jan2026 20:58:48.088] [main/WARN] [dev.architectury.registry.registries.forge.RegistrarManagerImpl/]: Registry entry listened Registry Entry [minecraft:item / fossil:bone_arm_triceratops] was not realized!
[07Jan2026 20:58:48.088] [main/WARN] [dev.architectury.registry.registries.forge.RegistrarManagerImpl/]: Registry entry listened Registry Entry [minecraft:item / fossil:cooked_kelenken] was not realized!
[07Jan2026 20:58:48.088] [main/WARN] [dev.architectury.registry.registries.forge.RegistrarManagerImpl/]: Registry entry listened Registry Entry [minecraft:item / fossil:bone_vertebrae_diplocaulus] was not realized!
[07Jan2026 20:58:48.088] [main/WARN] [dev.architectury.registry.registries.forge.RegistrarManagerImpl/]: Registry entry listened Registry Entry [minecraft:item / fossil:cooked_spinosaurus] was not realized!
[07Jan2026 20:58:48.088] [main/WARN] [dev.architectury.registry.registries.forge.RegistrarManagerImpl/]: Registry entry listened Registry Entry [minecraft:item / fossil:bone_unique_liopleurodon] was not realized!
[07Jan2026 20:58:48.088] [main/WARN] [dev.architectury.registry.registries.forge.RegistrarManagerImpl/]: Registry entry listened Registry Entry [minecraft:item / fossil:bone_foot_pachycephalosaurus] was not realized!
[07Jan2026 20:58:48.088] [main/WARN] [dev.architectury.registry.registries.forge.RegistrarManagerImpl/]: Registry entry listened Registry Entry [minecraft:item / fossil:bone_vertebrae_megaloceros] was not realized!
[07Jan2026 20:58:48.088] [main/WARN] [dev.architectury.registry.registries.forge.RegistrarManagerImpl/]: Registry entry listened Registry Entry [minecraft:item / fossil:arthropleura_dna] was not realized!
[07Jan2026 20:58:48.089] [main/WARN] [dev.architectury.registry.registries.forge.RegistrarManagerImpl/]: Registry entry listened Registry Entry [minecraft:item / fossil:spawn_egg_tyrannosaurus] was not realized!
[07Jan2026 20:58:48.089] [main/WARN] [dev.architectury.registry.registries.forge.RegistrarManagerImpl/]: Registry entry listened Registry Entry [minecraft:item / fossil:bone_arm_sarcosuchus] was not realized!
[07Jan2026 20:58:48.089] [main/WARN] [dev.architectury.registry.registries.forge.RegistrarManagerImpl/]: Registry entry listened Registry Entry [minecraft:item / fossil:bone_ribcage_liopleurodon] was not realized!
[07Jan2026 20:58:48.089] [main/WARN] [dev.architectury.registry.registries.forge.RegistrarManagerImpl/]: Registry entry listened Registry Entry [minecraft:item / fossil:bone_unique_psittacosaurus] was not realized!
[07Jan2026 20:58:48.089] [main/WARN] [dev.architectury.registry.registries.forge.RegistrarManagerImpl/]: Registry entry listened Registry Entry [minecraft:item / fossil:syringe_dolphin] was not realized!
[07Jan2026 20:58:48.089] [main/WARN] [dev.architectury.registry.registries.forge.RegistrarManagerImpl/]: Registry entry listened Registry Entry [minecraft:item / fossil:spinosaurus_dna] was not realized!
[07Jan2026 20:58:48.089] [main/WARN] [dev.architectury.registry.registries.forge.RegistrarManagerImpl/]: Registry entry listened Registry Entry [minecraft:item / fossil:spawn_egg_mammoth] was not realized!
[07Jan2026 20:58:48.089] [main/WARN] [dev.architectury.registry.registries.forge.RegistrarManagerImpl/]: Registry entry listened Registry Entry [minecraft:item / fossil:bone_ribcage_gallimimus] was not realized!
[07Jan2026 20:58:48.089] [main/WARN] [dev.architectury.registry.registries.forge.RegistrarManagerImpl/]: Registry entry listened Registry Entry [minecraft:item / fossil:bone_unique_pteranodon] was not realized!
[07Jan2026 20:58:48.089] [main/WARN] [dev.architectury.registry.registries.forge.RegistrarManagerImpl/]: Registry entry listened Registry Entry [minecraft:item / fossil:egg_item_deinonychus] was not realized!
[07Jan2026 20:58:48.089] [main/WARN] [dev.architectury.registry.registries.forge.RegistrarManagerImpl/]: Registry entry listened Registry Entry [minecraft:item / fossil:cooked_dicranurus] was not realized!
[07Jan2026 20:58:48.090] [main/WARN] [dev.architectury.registry.registries.forge.RegistrarManagerImpl/]: Registry entry listened Registry Entry [minecraft:item / fossil:spawn_egg_dimetrodon] was not realized!
[07Jan2026 20:58:48.090] [main/WARN] [dev.architectury.registry.registries.forge.RegistrarManagerImpl/]: Registry entry listened Registry Entry [minecraft:item / fossil:panda_dna] was not realized!
[07Jan2026 20:58:48.090] [main/WARN] [dev.architectury.registry.registries.forge.RegistrarManagerImpl/]: Registry entry listened Registry Entry [minecraft:item / fossil:titanis_dna] was not realized!
[07Jan2026 20:58:48.090] [main/WARN] [dev.architectury.registry.registries.forge.RegistrarManagerImpl/]: Registry entry listened Registry Entry [minecraft:item / fossil:spawn_egg_titanis] was not realized!
[07Jan2026 20:58:48.090] [main/WARN] [dev.architectury.registry.registries.forge.RegistrarManagerImpl/]: Registry entry listened Registry Entry [minecraft:item / fossil:bone_foot_dryosaurus] was not realized!
[07Jan2026 20:58:48.090] [main/WARN] [dev.architectury.registry.registries.forge.RegistrarManagerImpl/]: Registry entry listened Registry Entry [minecraft:item / fossil:spawn_egg_dryosaurus] was not realized!
[07Jan2026 20:58:48.090] [main/WARN] [dev.architectury.registry.registries.forge.RegistrarManagerImpl/]: Registry entry listened Registry Entry [minecraft:item / fossil:bone_ribcage_citipati] was not realized!
[07Jan2026 20:58:48.090] [main/WARN] [dev.architectury.registry.registries.forge.RegistrarManagerImpl/]: Registry entry listened Registry Entry [minecraft:item / fossil:bone_ribcage_smilodon] was not realized!
[07Jan2026 20:58:48.090] [main/WARN] [dev.architectury.registry.registries.forge.RegistrarManagerImpl/]: Registry entry listened Registry Entry [minecraft:item / fossil:bone_leg_brachiosaurus] was not realized!
[07Jan2026 20:58:48.090] [main/WARN] [dev.architectury.registry.registries.forge.RegistrarManagerImpl/]: Registry entry listened Registry Entry [minecraft:item / fossil:scotoharpes_dna] was not realized!
[07Jan2026 20:58:48.090] [main/WARN] [dev.architectury.registry.registries.forge.RegistrarManagerImpl/]: Registry entry listened Registry Entry [minecraft:item / fossil:bone_skull_ankylosaurus] was not realized!
[07Jan2026 20:58:48.091] [main/WARN] [dev.architectury.registry.registries.forge.RegistrarManagerImpl/]: Registry entry listened Registry Entry [minecraft:item / fossil:cooked_gallimimus] was not realized!
[07Jan2026 20:58:48.091] [main/WARN] [dev.architectury.registry.registries.forge.RegistrarManagerImpl/]: Registry entry listened Registry Entry [minecraft:item / fossil:bone_tail_pteranodon] was not realized!
[07Jan2026 20:58:48.091] [main/WARN] [dev.architectury.registry.registries.forge.RegistrarManagerImpl/]: Registry entry listened Registry Entry [minecraft:item / fossil:bone_leg_megaloceros] was not realized!
[07Jan2026 20:58:48.091] [main/WARN] [dev.architectury.registry.registries.forge.RegistrarManagerImpl/]: Registry entry listened Registry Entry [minecraft:item / fossil:bone_foot_parasaurolophus] was not realized!
[07Jan2026 20:58:48.091] [main/WARN] [dev.architectury.registry.registries.forge.RegistrarManagerImpl/]: Registry entry listened Registry Entry [minecraft:item / fossil:cod_dna] was not realized!
[07Jan2026 20:58:48.091] [main/WARN] [dev.architectury.registry.registries.forge.RegistrarManagerImpl/]: Registry entry listened Registry Entry [minecraft:item / fossil:bone_vertebrae_edaphosaurus] was not realized!
[07Jan2026 20:58:48.091] [main/WARN] [dev.architectury.registry.registries.forge.RegistrarManagerImpl/]: Registry entry listened Registry Entry [minecraft:item / fossil:bone_unique_elasmotherium] was not realized!
[07Jan2026 20:58:48.091] [main/WARN] [dev.architectury.registry.registries.forge.RegistrarManagerImpl/]: Registry entry listened Registry Entry [minecraft:item / fossil:spawn_egg_quetzalcoatlus] was not realized!
[07Jan2026 20:58:48.091] [main/WARN] [dev.architectury.registry.registries.forge.RegistrarManagerImpl/]: Registry entry listened Registry Entry [minecraft:item / fossil:cooked_crassigyrinus] was not realized!
[07Jan2026 20:58:48.091] [main/WARN] [dev.architectury.registry.registries.forge.RegistrarManagerImpl/]: Registry entry listened Registry Entry [minecraft:item / fossil:cooked_deinonychus] was not realized!
[07Jan2026 20:58:48.091] [main/WARN] [dev.architectury.registry.registries.forge.RegistrarManagerImpl/]: Registry entry listened Registry Entry [minecraft:item / fossil:spawn_egg_coelacanth] was not realized!
[07Jan2026 20:58:48.092] [main/WARN] [dev.architectury.registry.registries.forge.RegistrarManagerImpl/]: Registry entry listened Registry Entry [minecraft:item / fossil:meat_dodo] was not realized!
[07Jan2026 20:58:48.092] [main/WARN] [dev.architectury.registry.registries.forge.RegistrarManagerImpl/]: Registry entry listened Registry Entry [minecraft:item / fossil:spawn_egg_protoceratops] was not realized!
[07Jan2026 20:58:48.092] [main/WARN] [dev.architectury.registry.registries.forge.RegistrarManagerImpl/]: Registry entry listened Registry Entry [minecraft:item / fossil:egg_item_coelacanth] was not realized!
[07Jan2026 20:58:48.092] [main/WARN] [dev.architectury.registry.registries.forge.RegistrarManagerImpl/]: Registry entry listened Registry Entry [minecraft:item / fossil:psittacosaurus_dna] was not realized!
[07Jan2026 20:58:48.092] [main/WARN] [dev.architectury.registry.registries.forge.RegistrarManagerImpl/]: Registry entry listened Registry Entry [minecraft:item / fossil:cooked_allosaurus] was not realized!
[07Jan2026 20:58:48.092] [main/WARN] [dev.architectury.registry.registries.forge.RegistrarManagerImpl/]: Registry entry listened Registry Entry [minecraft:item / fossil:egg_item_dodo] was not realized!
[07Jan2026 20:58:48.092] [main/WARN] [dev.architectury.registry.registries.forge.RegistrarManagerImpl/]: Registry entry listened Registry Entry [minecraft:item / fossil:bone_foot_crassigyrinus] was not realized!
[07Jan2026 20:58:48.092] [main/WARN] [dev.architectury.registry.registries.forge.RegistrarManagerImpl/]: Registry entry listened Registry Entry [minecraft:item / fossil:bone_foot_ankylosaurus] was not realized!
[07Jan2026 20:58:48.092] [main/WARN] [dev.architectury.registry.registries.forge.RegistrarManagerImpl/]: Registry entry listened Registry Entry [minecraft:item / fossil:bone_vertebrae_ichthyosaurus] was not realized!
[07Jan2026 20:58:48.092] [main/WARN] [dev.architectury.registry.registries.forge.RegistrarManagerImpl/]: Registry entry listened Registry Entry [minecraft:item / fossil:bone_leg_liopleurodon] was not realized!
[07Jan2026 20:58:48.092] [main/WARN] [dev.architectury.registry.registries.forge.RegistrarManagerImpl/]: Registry entry listened Registry Entry [minecraft:item / fossil:bone_foot_quetzalcoatlus] was not realized!
[07Jan2026 20:58:48.093] [main/WARN] [dev.architectury.registry.registries.forge.RegistrarManagerImpl/]: Registry entry listened Registry Entry [minecraft:item / fossil:meat_ankylosaurus] was not realized!
[07Jan2026 20:58:48.093] [main/WARN] [dev.architectury.registry.registries.forge.RegistrarManagerImpl/]: Registry entry listened Registry Entry [minecraft:item / fossil:meat_mammoth] was not realized!
[07Jan2026 20:58:48.093] [main/WARN] [dev.architectury.registry.registries.forge.RegistrarManagerImpl/]: Registry entry listened Registry Entry [minecraft:item / fossil:bone_tail_psittacosaurus] was not realized!
[07Jan2026 20:58:48.093] [main/WARN] [dev.architectury.registry.registries.forge.RegistrarManagerImpl/]: Registry entry listened Registry Entry [minecraft:item / fossil:bone_ribcage_allosaurus] was not realized!
[07Jan2026 20:58:48.093] [main/WARN] [dev.architectury.registry.registries.forge.RegistrarManagerImpl/]: Registry entry listened Registry Entry [minecraft:item / fossil:bone_foot_titanis] was not realized!
[07Jan2026 20:58:48.093] [main/WARN] [dev.architectury.registry.registries.forge.RegistrarManagerImpl/]: Registry entry listened Registry Entry [minecraft:item / fossil:meat_tyrannosaurus] was not realized!
[07Jan2026 20:58:48.093] [main/WARN] [dev.architectury.registry.registries.forge.RegistrarManagerImpl/]: Registry entry listened Registry Entry [minecraft:item / fossil:smilodon_dna] was not realized!
[07Jan2026 20:58:48.093] [main/WARN] [dev.architectury.registry.registries.forge.RegistrarManagerImpl/]: Registry entry listened Registry Entry [minecraft:item / fossil:meat_stegosaurus] was not realized!
[07Jan2026 20:58:48.093] [main/WARN] [dev.architectury.registry.registries.forge.RegistrarManagerImpl/]: Registry entry listened Registry Entry [minecraft:item / fossil:bone_arm_edaphosaurus] was not realized!
[07Jan2026 20:58:48.093] [main/WARN] [dev.architectury.registry.registries.forge.RegistrarManagerImpl/]: Registry entry listened Registry Entry [minecraft:item / fossil:bone_vertebrae_megalania] was not realized!
[07Jan2026 20:58:48.093] [main/WARN] [dev.architectury.registry.registries.forge.RegistrarManagerImpl/]: Registry entry listened Registry Entry [minecraft:item / fossil:bone_tail_ornitholestes] was not realized!
[07Jan2026 20:58:48.094] [main/WARN] [dev.architectury.registry.registries.forge.RegistrarManagerImpl/]: Registry entry listened Registry Entry [minecraft:item / fossil:bone_foot_postosuchus] was not realized!
[07Jan2026 20:58:48.094] [main/WARN] [dev.architectury.registry.registries.forge.RegistrarManagerImpl/]: Registry entry listened Registry Entry [minecraft:item / fossil:coelacanth_dna] was not realized!
[07Jan2026 20:58:48.094] [main/WARN] [dev.architectury.registry.registries.forge.RegistrarManagerImpl/]: Registry entry listened Registry Entry [minecraft:item / fossil:bone_tail_citipati] was not realized!
[07Jan2026 20:58:48.094] [main/WARN] [dev.architectury.registry.registries.forge.RegistrarManagerImpl/]: Registry entry listened Registry Entry [minecraft:item / fossil:henodus_dna] was not realized!
[07Jan2026 20:58:48.094] [main/WARN] [dev.architectury.registry.registries.forge.RegistrarManagerImpl/]: Registry entry listened Registry Entry [minecraft:item / fossil:egg_item_dryosaurus] was not realized!
[07Jan2026 20:58:48.094] [main/WARN] [dev.architectury.registry.registries.forge.RegistrarManagerImpl/]: Registry entry listened Registry Entry [minecraft:item / fossil:mammoth_dna] was not realized!
[07Jan2026 20:58:48.094] [main/WARN] [dev.architectury.registry.registries.forge.RegistrarManagerImpl/]: Registry entry listened Registry Entry [minecraft:item / fossil:meat_deinonychus] was not realized!
[07Jan2026 20:58:48.094] [main/WARN] [dev.architectury.registry.registries.forge.RegistrarManagerImpl/]: Registry entry listened Registry Entry [minecraft:item / fossil:bat_dna] was not realized!
[07Jan2026 20:58:48.094] [main/WARN] [dev.architectury.registry.registries.forge.RegistrarManagerImpl/]: Registry entry listened Registry Entry [minecraft:item / fossil:egg_item_squid] was not realized!
[07Jan2026 20:58:48.094] [main/WARN] [dev.architectury.registry.registries.forge.RegistrarManagerImpl/]: Registry entry listened Registry Entry [minecraft:item / fossil:protoceratops_dna] was not realized!
[07Jan2026 20:58:48.094] [main/WARN] [dev.architectury.registry.registries.forge.RegistrarManagerImpl/]: Registry entry listened Registry Entry [minecraft:item / fossil:sturgeon_dna] was not realized!
[07Jan2026 20:58:48.095] [main/WARN] [dev.architectury.registry.registries.forge.RegistrarManagerImpl/]: Registry entry listened Registry Entry [minecraft:item / fossil:liopleurodon_dna] was not realized!
[07Jan2026 20:58:48.095] [main/WARN] [dev.architectury.registry.registries.forge.RegistrarManagerImpl/]: Registry entry listened Registry Entry [minecraft:item / fossil:bone_ribcage_mammoth] was not realized!
[07Jan2026 20:58:48.095] [main/WARN] [dev.architectury.registry.registries.forge.RegistrarManagerImpl/]: Registry entry listened Registry Entry [minecraft:item / fossil:meat_dryosaurus] was not realized!
[07Jan2026 20:58:48.095] [main/WARN] [dev.architectury.registry.registries.forge.RegistrarManagerImpl/]: Registry entry listened Registry Entry [minecraft:item / fossil:bone_arm_ankylosaurus] was not realized!
[07Jan2026 20:58:48.095] [main/WARN] [dev.architectury.registry.registries.forge.RegistrarManagerImpl/]: Registry entry listened Registry Entry [minecraft:item / fossil:spawn_egg_dilophosaurus] was not realized!
[07Jan2026 20:58:48.095] [main/WARN] [dev.architectury.registry.registries.forge.RegistrarManagerImpl/]: Registry entry listened Registry Entry [minecraft:item / fossil:bone_unique_dryosaurus] was not realized!
[07Jan2026 20:58:48.095] [main/WARN] [dev.architectury.registry.registries.forge.RegistrarManagerImpl/]: Registry entry listened Registry Entry [minecraft:item / fossil:cooked_tyrannosaurus] was not realized!
[07Jan2026 20:58:48.095] [main/WARN] [dev.architectury.registry.registries.forge.RegistrarManagerImpl/]: Registry entry listened Registry Entry [minecraft:item / fossil:bone_vertebrae_pachycephalosaurus] was not realized!
[07Jan2026 20:58:48.095] [main/WARN] [dev.architectury.registry.registries.forge.RegistrarManagerImpl/]: Registry entry listened Registry Entry [minecraft:item / fossil:spawn_egg_pachycephalosaurus] was not realized!
[07Jan2026 20:58:48.095] [main/WARN] [dev.architectury.registry.registries.forge.RegistrarManagerImpl/]: Registry entry listened Registry Entry [minecraft:item / fossil:meat_allosaurus] was not realized!
[07Jan2026 20:58:48.095] [main/WARN] [dev.architectury.registry.registries.forge.RegistrarManagerImpl/]: Registry entry listened Registry Entry [minecraft:item / fossil:meat_coelacanth] was not realized!
[07Jan2026 20:58:48.095] [main/WARN] [dev.architectury.registry.registries.forge.RegistrarManagerImpl/]: Registry entry listened Registry Entry [minecraft:item / fossil:bone_tail_gastornis] was not realized!
[07Jan2026 20:58:48.096] [main/WARN] [dev.architectury.registry.registries.forge.RegistrarManagerImpl/]: Registry entry listened Registry Entry [minecraft:item / fossil:bone_foot_dodo] was not realized!
[07Jan2026 20:58:48.096] [main/WARN] [dev.architectury.registry.registries.forge.RegistrarManagerImpl/]: Registry entry listened Registry Entry [minecraft:item / fossil:bone_unique_allosaurus] was not realized!
[07Jan2026 20:58:48.096] [main/WARN] [dev.architectury.registry.registries.forge.RegistrarManagerImpl/]: Registry entry listened Registry Entry [minecraft:item / fossil:cooked_pachyrhinosaurus] was not realized!
[07Jan2026 20:58:48.096] [main/WARN] [dev.architectury.registry.registries.forge.RegistrarManagerImpl/]: Registry entry listened Registry Entry [minecraft:item / fossil:bone_foot_spinosaurus] was not realized!
[07Jan2026 20:58:48.096] [main/WARN] [dev.architectury.registry.registries.forge.RegistrarManagerImpl/]: Registry entry listened Registry Entry [minecraft:item / fossil:bone_foot_therizinosaurus] was not realized!
[07Jan2026 20:58:48.096] [main/WARN] [dev.architectury.registry.registries.forge.RegistrarManagerImpl/]: Registry entry listened Registry Entry [minecraft:item / fossil:bone_tail_ceratosaurus] was not realized!
[07Jan2026 20:58:48.096] [main/WARN] [dev.architectury.registry.registries.forge.RegistrarManagerImpl/]: Registry entry listened Registry Entry [minecraft:item / fossil:bone_tail_megalania] was not realized!
[07Jan2026 20:58:48.096] [main/WARN] [dev.architectury.registry.registries.forge.RegistrarManagerImpl/]: Registry entry listened Registry Entry [minecraft:item / fossil:bone_vertebrae_stegosaurus] was not realized!
[07Jan2026 20:58:48.096] [main/WARN] [dev.architectury.registry.registries.forge.RegistrarManagerImpl/]: Registry entry listened Registry Entry [minecraft:item / fossil:citipati_dna] was not realized!
[07Jan2026 20:58:48.096] [main/WARN] [dev.architectury.registry.registries.forge.RegistrarManagerImpl/]: Registry entry listened Registry Entry [minecraft:item / fossil:bone_skull_pachycephalosaurus] was not realized!
[07Jan2026 20:58:48.096] [main/WARN] [dev.architectury.registry.registries.forge.RegistrarManagerImpl/]: Registry entry listened Registry Entry [minecraft:item / fossil:bone_tail_elasmotherium] was not realized!
[07Jan2026 20:58:48.097] [main/WARN] [dev.architectury.registry.registries.forge.RegistrarManagerImpl/]: Registry entry listened Registry Entry [minecraft:item / fossil:bone_leg_smilodon] was not realized!
[07Jan2026 20:58:48.097] [main/WARN] [dev.architectury.registry.registries.forge.RegistrarManagerImpl/]: Registry entry listened Registry Entry [minecraft:item / fossil:bone_tail_spinosaurus] was not realized!
[07Jan2026 20:58:48.097] [main/WARN] [dev.architectury.registry.registries.forge.RegistrarManagerImpl/]: Registry entry listened Registry Entry [minecraft:item / fossil:bone_ribcage_ankylosaurus] was not realized!
[07Jan2026 20:58:48.097] [main/WARN] [dev.architectury.registry.registries.forge.RegistrarManagerImpl/]: Registry entry listened Registry Entry [minecraft:item / fossil:bone_skull_spinosaurus] was not realized!
[07Jan2026 20:58:48.097] [main/WARN] [dev.architectury.registry.registries.forge.RegistrarManagerImpl/]: Registry entry listened Registry Entry [minecraft:item / fossil:bone_arm_dimetrodon] was not realized!
[07Jan2026 20:58:48.097] [main/WARN] [dev.architectury.registry.registries.forge.RegistrarManagerImpl/]: Registry entry listened Registry Entry [minecraft:item / fossil:egg_item_edaphosaurus] was not realized!
[07Jan2026 20:58:48.097] [main/WARN] [dev.architectury.registry.registries.forge.RegistrarManagerImpl/]: Registry entry listened Registry Entry [minecraft:item / fossil:bone_unique_triceratops] was not realized!
[07Jan2026 20:58:48.097] [main/WARN] [dev.architectury.registry.registries.forge.RegistrarManagerImpl/]: Registry entry listened Registry Entry [minecraft:item / fossil:bone_leg_ichthyosaurus] was not realized!
[07Jan2026 20:58:48.097] [main/WARN] [dev.architectury.registry.registries.forge.RegistrarManagerImpl/]: Registry entry listened Registry Entry [minecraft:item / fossil:meat_pachyrhinosaurus] was not realized!
[07Jan2026 20:58:48.097] [main/WARN] [dev.architectury.registry.registries.forge.RegistrarManagerImpl/]: Registry entry listened Registry Entry [minecraft:item / fossil:cooked_titanis] was not realized!
[07Jan2026 20:58:48.097] [main/WARN] [dev.architectury.registry.registries.forge.RegistrarManagerImpl/]: Registry entry listened Registry Entry [minecraft:item / fossil:bone_vertebrae_dimorphodon] was not realized!
[07Jan2026 20:58:48.098] [main/WARN] [dev.architectury.registry.registries.forge.RegistrarManagerImpl/]: Registry entry listened Registry Entry [minecraft:item / fossil:egg_item_dimetrodon] was not realized!
[07Jan2026 20:58:48.098] [main/WARN] [dev.architectury.registry.registries.forge.RegistrarManagerImpl/]: Registry entry listened Registry Entry [minecraft:item / fossil:bone_vertebrae_plesiosaurus] was not realized!
[07Jan2026 20:58:48.098] [main/WARN] [dev.architectury.registry.registries.forge.RegistrarManagerImpl/]: Registry entry listened Registry Entry [minecraft:item / fossil:bone_ribcage_dodo] was not realized!
[07Jan2026 20:58:48.098] [main/WARN] [dev.architectury.registry.registries.forge.RegistrarManagerImpl/]: Registry entry listened Registry Entry [minecraft:item / fossil:bone_tail_parasaurolophus] was not realized!
[07Jan2026 20:58:48.098] [main/WARN] [dev.architectury.registry.registries.forge.RegistrarManagerImpl/]: Registry entry listened Registry Entry [minecraft:item / fossil:walliserops_dna] was not realized!
[07Jan2026 20:58:48.098] [main/WARN] [dev.architectury.registry.registries.forge.RegistrarManagerImpl/]: Registry entry listened Registry Entry [minecraft:item / fossil:bone_leg_deinonychus] was not realized!
[07Jan2026 20:58:48.098] [main/WARN] [dev.architectury.registry.registries.forge.RegistrarManagerImpl/]: Registry entry listened Registry Entry [minecraft:item / fossil:bone_foot_plesiosaurus] was not realized!
[07Jan2026 20:58:48.098] [main/WARN] [dev.architectury.registry.registries.forge.RegistrarManagerImpl/]: Registry entry listened Registry Entry [minecraft:item / fossil:syringe_horse] was not realized!
[07Jan2026 20:58:48.098] [main/WARN] [dev.architectury.registry.registries.forge.RegistrarManagerImpl/]: Registry entry listened Registry Entry [minecraft:item / fossil:bone_vertebrae_titanis] was not realized!
[07Jan2026 20:58:48.098] [main/WARN] [dev.architectury.registry.registries.forge.RegistrarManagerImpl/]: Registry entry listened Registry Entry [minecraft:item / fossil:bone_leg_mammoth] was not realized!
[07Jan2026 20:58:48.098] [main/WARN] [dev.architectury.registry.registries.forge.RegistrarManagerImpl/]: Registry entry listened Registry Entry [minecraft:item / fossil:bone_unique_mosasaurus] was not realized!
[07Jan2026 20:58:48.099] [main/WARN] [dev.architectury.registry.registries.forge.RegistrarManagerImpl/]: Registry entry listened Registry Entry [minecraft:item / fossil:meat_mosasaurus] was not realized!
[07Jan2026 20:58:48.099] [main/WARN] [dev.architectury.registry.registries.forge.RegistrarManagerImpl/]: Registry entry listened Registry Entry [minecraft:item / fossil:bone_vertebrae_quagga] was not realized!
[07Jan2026 20:58:48.099] [main/WARN] [dev.architectury.registry.registries.forge.RegistrarManagerImpl/]: Registry entry listened Registry Entry [minecraft:item / fossil:bone_vertebrae_dilophosaurus] was not realized!
[07Jan2026 20:58:48.099] [main/WARN] [dev.architectury.registry.registries.forge.RegistrarManagerImpl/]: Registry entry listened Registry Entry [minecraft:item / fossil:meat_henodus] was not realized!
[07Jan2026 20:58:48.099] [main/WARN] [dev.architectury.registry.registries.forge.RegistrarManagerImpl/]: Registry entry listened Registry Entry [minecraft:item / fossil:plesiosaurus_dna] was not realized!
[07Jan2026 20:58:48.099] [main/WARN] [dev.architectury.registry.registries.forge.RegistrarManagerImpl/]: Registry entry listened Registry Entry [minecraft:item / fossil:syringe_hoglin] was not realized!
[07Jan2026 20:58:48.099] [main/WARN] [dev.architectury.registry.registries.forge.RegistrarManagerImpl/]: Registry entry listened Registry Entry [minecraft:item / fossil:bone_tail_gallimimus] was not realized!
[07Jan2026 20:58:48.099] [main/WARN] [dev.architectury.registry.registries.forge.RegistrarManagerImpl/]: Registry entry listened Registry Entry [minecraft:item / fossil:megaloceros_dna] was not realized!
[07Jan2026 20:58:48.099] [main/WARN] [dev.architectury.registry.registries.forge.RegistrarManagerImpl/]: Registry entry listened Registry Entry [minecraft:item / fossil:bone_ribcage_protoceratops] was not realized!
[07Jan2026 20:58:48.099] [main/WARN] [dev.architectury.registry.registries.forge.RegistrarManagerImpl/]: Registry entry listened Registry Entry [minecraft:item / fossil:meat_smilodon] was not realized!
[07Jan2026 20:58:48.100] [main/WARN] [dev.architectury.registry.registries.forge.RegistrarManagerImpl/]: Registry entry listened Registry Entry [minecraft:item / fossil:bone_arm_megalania] was not realized!
[07Jan2026 20:58:48.100] [main/WARN] [dev.architectury.registry.registries.forge.RegistrarManagerImpl/]: Registry entry listened Registry Entry [minecraft:item / fossil:bucket_item_alligator_gar] was not realized!
[07Jan2026 20:58:48.100] [main/WARN] [dev.architectury.registry.registries.forge.RegistrarManagerImpl/]: Registry entry listened Registry Entry [minecraft:item / fossil:bone_arm_megaloceros] was not realized!
[07Jan2026 20:58:48.100] [main/WARN] [dev.architectury.registry.registries.forge.RegistrarManagerImpl/]: Registry entry listened Registry Entry [minecraft:item / fossil:spawn_egg_tiktaalik] was not realized!
[07Jan2026 20:58:48.100] [main/WARN] [dev.architectury.registry.registries.forge.RegistrarManagerImpl/]: Registry entry listened Registry Entry [minecraft:item / fossil:bone_vertebrae_brachiosaurus] was not realized!
[07Jan2026 20:58:48.100] [main/WARN] [dev.architectury.registry.registries.forge.RegistrarManagerImpl/]: Registry entry listened Registry Entry [minecraft:item / fossil:pig_dna] was not realized!
[07Jan2026 20:58:48.100] [main/WARN] [dev.architectury.registry.registries.forge.RegistrarManagerImpl/]: Registry entry listened Registry Entry [minecraft:item / fossil:cooked_dodo] was not realized!
[07Jan2026 20:58:48.100] [main/WARN] [dev.architectury.registry.registries.forge.RegistrarManagerImpl/]: Registry entry listened Registry Entry [minecraft:item / fossil:meat_platybelodon] was not realized!
[07Jan2026 20:58:48.100] [main/WARN] [dev.architectury.registry.registries.forge.RegistrarManagerImpl/]: Registry entry listened Registry Entry [minecraft:item / fossil:bone_leg_dimetrodon] was not realized!
[07Jan2026 20:58:48.100] [main/WARN] [dev.architectury.registry.registries.forge.RegistrarManagerImpl/]: Registry entry listened Registry Entry [minecraft:item / fossil:bone_arm_diplocaulus] was not realized!
[07Jan2026 20:58:48.404] [main/WARN] [dev.architectury.registry.registries.forge.RegistrarManagerImpl/]: Registry entry listened Registry Entry [minecraft:item / fossil:bone_foot_brachiosaurus] was not realized!
[07Jan2026 20:58:48.404] [main/WARN] [dev.architectury.registry.registries.forge.RegistrarManagerImpl/]: Registry entry listened Registry Entry [minecraft:item / fossil:egg_gastornis] was not realized!
[07Jan2026 20:58:48.405] [main/WARN] [dev.architectury.registry.registries.forge.RegistrarManagerImpl/]: Registry entry listened Registry Entry [minecraft:item / fossil:bone_arm_quagga] was not realized!
[07Jan2026 20:58:48.405] [main/WARN] [dev.architectury.registry.registries.forge.RegistrarManagerImpl/]: Registry entry listened Registry Entry [minecraft:item / fossil:egg_item_ornitholestes] was not realized!
[07Jan2026 20:58:48.405] [main/WARN] [dev.architectury.registry.registries.forge.RegistrarManagerImpl/]: Registry entry listened Registry Entry [minecraft:item / fossil:bone_unique_protoceratops] was not realized!
[07Jan2026 20:58:48.405] [main/WARN] [dev.architectury.registry.registries.forge.RegistrarManagerImpl/]: Registry entry listened Registry Entry [minecraft:item / fossil:bone_foot_megalania] was not realized!
[07Jan2026 20:58:48.405] [main/WARN] [dev.architectury.registry.registries.forge.RegistrarManagerImpl/]: Registry entry listened Registry Entry [minecraft:item / fossil:bone_ribcage_parasaurolophus] was not realized!
[07Jan2026 20:58:48.405] [main/WARN] [dev.architectury.registry.registries.forge.RegistrarManagerImpl/]: Registry entry listened Registry Entry [minecraft:item / fossil:bone_vertebrae_phorusrhacos] was not realized!
[07Jan2026 20:58:48.405] [main/WARN] [dev.architectury.registry.registries.forge.RegistrarManagerImpl/]: Registry entry listened Registry Entry [minecraft:item / fossil:bone_ribcage_psittacosaurus] was not realized!
[07Jan2026 20:58:48.405] [main/WARN] [dev.architectury.registry.registries.forge.RegistrarManagerImpl/]: Registry entry listened Registry Entry [minecraft:item / fossil:meat_crassigyrinus] was not realized!
[07Jan2026 20:58:48.405] [main/WARN] [dev.architectury.registry.registries.forge.RegistrarManagerImpl/]: Registry entry listened Registry Entry [minecraft:item / fossil:bucket_item_plesiosaurus] was not realized!
[07Jan2026 20:58:48.406] [main/WARN] [dev.architectury.registry.registries.forge.RegistrarManagerImpl/]: Registry entry listened Registry Entry [minecraft:item / fossil:compsognathus_dna] was not realized!
[07Jan2026 20:58:48.406] [main/WARN] [dev.architectury.registry.registries.forge.RegistrarManagerImpl/]: Registry entry listened Registry Entry [minecraft:item / fossil:ceratosaurus_dna] was not realized!
[07Jan2026 20:58:48.406] [main/WARN] [dev.architectury.registry.registries.forge.RegistrarManagerImpl/]: Registry entry listened Registry Entry [minecraft:item / fossil:egg_item_tiktaalik] was not realized!
[07Jan2026 20:58:48.406] [main/WARN] [dev.architectury.registry.registries.forge.RegistrarManagerImpl/]: Registry entry listened Registry Entry [minecraft:item / fossil:cooked_henodus] was not realized!
[07Jan2026 20:58:48.406] [main/WARN] [dev.architectury.registry.registries.forge.RegistrarManagerImpl/]: Registry entry listened Registry Entry [minecraft:item / fossil:spawn_egg_citipati] was not realized!
[07Jan2026 20:58:48.406] [main/WARN] [dev.architectury.registry.registries.forge.RegistrarManagerImpl/]: Registry entry listened Registry Entry [minecraft:item / fossil:meat_parasaurolophus] was not realized!
[07Jan2026 20:58:48.406] [main/WARN] [dev.architectury.registry.registries.forge.RegistrarManagerImpl/]: Registry entry listened Registry Entry [minecraft:item / fossil:egg_item_sturgeon] was not realized!
[07Jan2026 20:58:48.406] [main/WARN] [dev.architectury.registry.registries.forge.RegistrarManagerImpl/]: Registry entry listened Registry Entry [minecraft:item / fossil:bone_skull_elasmotherium] was not realized!
[07Jan2026 20:58:48.406] [main/WARN] [dev.architectury.registry.registries.forge.RegistrarManagerImpl/]: Registry entry listened Registry Entry [minecraft:item / fossil:bone_unique_kelenken] was not realized!
[07Jan2026 20:58:48.406] [main/WARN] [dev.architectury.registry.registries.forge.RegistrarManagerImpl/]: Registry entry listened Registry Entry [minecraft:item / fossil:bone_ribcage_ornitholestes] was not realized!
[07Jan2026 20:58:48.406] [main/WARN] [dev.architectury.registry.registries.forge.RegistrarManagerImpl/]: Registry entry listened Registry Entry [minecraft:item / fossil:egg_item_meganeura] was not realized!
[07Jan2026 20:58:48.407] [main/WARN] [dev.architectury.registry.registries.forge.RegistrarManagerImpl/]: Registry entry listened Registry Entry [minecraft:item / fossil:meat_arthropleura] was not realized!
[07Jan2026 20:58:48.407] [main/WARN] [dev.architectury.registry.registries.forge.RegistrarManagerImpl/]: Registry entry listened Registry Entry [minecraft:item / fossil:cooked_quagga] was not realized!
[07Jan2026 20:58:48.407] [main/WARN] [dev.architectury.registry.registries.forge.RegistrarManagerImpl/]: Registry entry listened Registry Entry [minecraft:item / fossil:bone_foot_tyrannosaurus] was not realized!
[07Jan2026 20:58:48.407] [main/WARN] [dev.architectury.registry.registries.forge.RegistrarManagerImpl/]: Registry entry listened Registry Entry [minecraft:item / fossil:bone_ribcage_quetzalcoatlus] was not realized!
[07Jan2026 20:58:48.407] [main/WARN] [dev.architectury.registry.registries.forge.RegistrarManagerImpl/]: Registry entry listened Registry Entry [minecraft:item / fossil:spawn_egg_allosaurus] was not realized!
[07Jan2026 20:58:48.407] [main/WARN] [dev.architectury.registry.registries.forge.RegistrarManagerImpl/]: Registry entry listened Registry Entry [minecraft:item / fossil:dimorphodon_dna] was not realized!
[07Jan2026 20:58:48.407] [main/WARN] [dev.architectury.registry.registries.forge.RegistrarManagerImpl/]: Registry entry listened Registry Entry [minecraft:item / fossil:syringe_llama] was not realized!
[07Jan2026 20:58:48.407] [main/WARN] [dev.architectury.registry.registries.forge.RegistrarManagerImpl/]: Registry entry listened Registry Entry [minecraft:item / fossil:bone_vertebrae_henodus] was not realized!
[07Jan2026 20:58:48.407] [main/WARN] [dev.architectury.registry.registries.forge.RegistrarManagerImpl/]: Registry entry listened Registry Entry [minecraft:item / fossil:egg_item_megalograptus] was not realized!
[07Jan2026 20:58:48.407] [main/WARN] [dev.architectury.registry.registries.forge.RegistrarManagerImpl/]: Registry entry listened Registry Entry [minecraft:item / fossil:cooked_psittacosaurus] was not realized!
[07Jan2026 20:58:48.407] [main/WARN] [dev.architectury.registry.registries.forge.RegistrarManagerImpl/]: Registry entry listened Registry Entry [minecraft:item / fossil:bone_arm_ichthyosaurus] was not realized!
[07Jan2026 20:58:48.408] [main/WARN] [dev.architectury.registry.registries.forge.RegistrarManagerImpl/]: Registry entry listened Registry Entry [minecraft:item / fossil:bone_tail_pachycephalosaurus] was not realized!
[07Jan2026 20:58:48.408] [main/WARN] [dev.architectury.registry.registries.forge.RegistrarManagerImpl/]: Registry entry listened Registry Entry [minecraft:item / fossil:bone_unique_parasaurolophus] was not realized!
[07Jan2026 20:58:48.408] [main/WARN] [dev.architectury.registry.registries.forge.RegistrarManagerImpl/]: Registry entry listened Registry Entry [minecraft:item / fossil:bone_unique_sarcosuchus] was not realized!
[07Jan2026 20:58:48.408] [main/WARN] [dev.architectury.registry.registries.forge.RegistrarManagerImpl/]: Registry entry listened Registry Entry [minecraft:item / fossil:sniffer_dna] was not realized!
[07Jan2026 20:58:48.408] [main/WARN] [dev.architectury.registry.registries.forge.RegistrarManagerImpl/]: Registry entry listened Registry Entry [minecraft:item / fossil:parasaurolophus_dna] was not realized!
[07Jan2026 20:58:48.408] [main/WARN] [dev.architectury.registry.registries.forge.RegistrarManagerImpl/]: Registry entry listened Registry Entry [minecraft:item / fossil:egg_item_dicranurus] was not realized!
[07Jan2026 20:58:48.408] [main/WARN] [dev.architectury.registry.registries.forge.RegistrarManagerImpl/]: Registry entry listened Registry Entry [minecraft:item / fossil:bone_arm_deinonychus] was not realized!
[07Jan2026 20:58:48.408] [main/WARN] [dev.architectury.registry.registries.forge.RegistrarManagerImpl/]: Registry entry listened Registry Entry [minecraft:item / fossil:egg_item_brachiosaurus] was not realized!
[07Jan2026 20:58:48.408] [main/WARN] [dev.architectury.registry.registries.forge.RegistrarManagerImpl/]: Registry entry listened Registry Entry [minecraft:item / fossil:cooked_arthropleura] was not realized!
[07Jan2026 20:58:48.408] [main/WARN] [dev.architectury.registry.registries.forge.RegistrarManagerImpl/]: Registry entry listened Registry Entry [minecraft:item / fossil:bone_foot_quagga] was not realized!
[07Jan2026 20:58:48.408] [main/WARN] [dev.architectury.registry.registries.forge.RegistrarManagerImpl/]: Registry entry listened Registry Entry [minecraft:item / fossil:spawn_egg_deinonychus] was not realized!
[07Jan2026 20:58:48.409] [main/WARN] [dev.architectury.registry.registries.forge.RegistrarManagerImpl/]: Registry entry listened Registry Entry [minecraft:item / fossil:syringe_bat] was not realized!
[07Jan2026 20:58:48.409] [main/WARN] [dev.architectury.registry.registries.forge.RegistrarManagerImpl/]: Registry entry listened Registry Entry [minecraft:item / fossil:meat_titanis] was not realized!
[07Jan2026 20:58:48.409] [main/WARN] [dev.architectury.registry.registries.forge.RegistrarManagerImpl/]: Registry entry listened Registry Entry [minecraft:item / fossil:bone_unique_megalodon] was not realized!
[07Jan2026 20:58:48.409] [main/WARN] [dev.architectury.registry.registries.forge.RegistrarManagerImpl/]: Registry entry listened Registry Entry [minecraft:item / fossil:bone_ribcage_dimetrodon] was not realized!
[07Jan2026 20:58:48.409] [main/WARN] [dev.architectury.registry.registries.forge.RegistrarManagerImpl/]: Registry entry listened Registry Entry [minecraft:item / fossil:bone_arm_gastornis] was not realized!
[07Jan2026 20:58:48.409] [main/WARN] [dev.architectury.registry.registries.forge.RegistrarManagerImpl/]: Registry entry listened Registry Entry [minecraft:item / fossil:bone_leg_pachyrhinosaurus] was not realized!
[07Jan2026 20:58:48.409] [main/WARN] [dev.architectury.registry.registries.forge.RegistrarManagerImpl/]: Registry entry listened Registry Entry [minecraft:item / fossil:egg_item_nautilus] was not realized!
[07Jan2026 20:58:48.409] [main/WARN] [dev.architectury.registry.registries.forge.RegistrarManagerImpl/]: Registry entry listened Registry Entry [minecraft:item / fossil:dilophosaurus_dna] was not realized!
[07Jan2026 20:58:48.409] [main/WARN] [dev.architectury.registry.registries.forge.RegistrarManagerImpl/]: Registry entry listened Registry Entry [minecraft:item / fossil:bone_foot_diplodocus] was not realized!
[07Jan2026 20:58:48.409] [main/WARN] [dev.architectury.registry.registries.forge.RegistrarManagerImpl/]: Registry entry listened Registry Entry [minecraft:item / fossil:bone_ribcage_elasmotherium] was not realized!
[07Jan2026 20:58:48.409] [main/WARN] [dev.architectury.registry.registries.forge.RegistrarManagerImpl/]: Registry entry listened Registry Entry [minecraft:item / fossil:meat_gallimimus] was not realized!
[07Jan2026 20:58:48.409] [main/WARN] [dev.architectury.registry.registries.forge.RegistrarManagerImpl/]: Registry entry listened Registry Entry [minecraft:item / fossil:bone_tail_deinonychus] was not realized!
[07Jan2026 20:58:48.409] [main/WARN] [dev.architectury.registry.registries.forge.RegistrarManagerImpl/]: Registry entry listened Registry Entry [minecraft:item / fossil:egg_phorusrhacos] was not realized!
[07Jan2026 20:58:48.410] [main/WARN] [dev.architectury.registry.registries.forge.RegistrarManagerImpl/]: Registry entry listened Registry Entry [minecraft:item / fossil:bone_skull_deinonychus] was not realized!
[07Jan2026 20:58:48.410] [main/WARN] [dev.architectury.registry.registries.forge.RegistrarManagerImpl/]: Registry entry listened Registry Entry [minecraft:item / fossil:bone_vertebrae_pachyrhinosaurus] was not realized!
[07Jan2026 20:58:48.410] [main/WARN] [dev.architectury.registry.registries.forge.RegistrarManagerImpl/]: Registry entry listened Registry Entry [minecraft:item / fossil:bone_skull_ornitholestes] was not realized!
[07Jan2026 20:58:48.410] [main/WARN] [dev.architectury.registry.registries.forge.RegistrarManagerImpl/]: Registry entry listened Registry Entry [minecraft:item / fossil:bone_foot_pteranodon] was not realized!
[07Jan2026 20:58:48.410] [main/WARN] [dev.architectury.registry.registries.forge.RegistrarManagerImpl/]: Registry entry listened Registry Entry [minecraft:item / fossil:chicken_dna] was not realized!
[07Jan2026 20:58:48.410] [main/WARN] [dev.architectury.registry.registries.forge.RegistrarManagerImpl/]: Registry entry listened Registry Entry [minecraft:item / fossil:bone_arm_dodo] was not realized!
[07Jan2026 20:58:48.410] [main/WARN] [dev.architectury.registry.registries.forge.RegistrarManagerImpl/]: Registry entry listened Registry Entry [minecraft:item / fossil:turtle_dna] was not realized!
[07Jan2026 20:58:48.410] [main/WARN] [dev.architectury.registry.registries.forge.RegistrarManagerImpl/]: Registry entry listened Registry Entry [minecraft:item / fossil:quetzalcoatlus_dna] was not realized!
[07Jan2026 20:58:48.410] [main/WARN] [dev.architectury.registry.registries.forge.RegistrarManagerImpl/]: Registry entry listened Registry Entry [minecraft:item / fossil:meat_compsognathus] was not realized!
[07Jan2026 20:58:48.410] [main/WARN] [dev.architectury.registry.registries.forge.RegistrarManagerImpl/]: Registry entry listened Registry Entry [minecraft:item / fossil:bone_leg_diplodocus] was not realized!
[07Jan2026 20:58:48.410] [main/WARN] [dev.architectury.registry.registries.forge.RegistrarManagerImpl/]: Registry entry listened Registry Entry [minecraft:item / fossil:meat_gastornis] was not realized!
[07Jan2026 20:58:48.410] [main/WARN] [dev.architectury.registry.registries.forge.RegistrarManagerImpl/]: Registry entry listened Registry Entry [minecraft:item / fossil:meat_velociraptor] was not realized!
[07Jan2026 20:58:48.410] [main/WARN] [dev.architectury.registry.registries.forge.RegistrarManagerImpl/]: Registry entry listened Registry Entry [minecraft:item / fossil:bone_tail_protoceratops] was not realized!
[07Jan2026 20:58:48.411] [main/WARN] [dev.architectury.registry.registries.forge.RegistrarManagerImpl/]: Registry entry listened Registry Entry [minecraft:item / fossil:salmon_dna] was not realized!
[07Jan2026 20:58:48.411] [main/WARN] [dev.architectury.registry.registries.forge.RegistrarManagerImpl/]: Registry entry listened Registry Entry [minecraft:item / fossil:sheep_dna] was not realized!
[07Jan2026 20:58:48.411] [main/WARN] [dev.architectury.registry.registries.forge.RegistrarManagerImpl/]: Registry entry listened Registry Entry [minecraft:item / fossil:cooked_gastornis] was not realized!
[07Jan2026 20:58:48.411] [main/WARN] [dev.architectury.registry.registries.forge.RegistrarManagerImpl/]: Registry entry listened Registry Entry [minecraft:item / fossil:bone_tail_titanis] was not realized!
[07Jan2026 20:58:48.411] [main/WARN] [dev.architectury.registry.registries.forge.RegistrarManagerImpl/]: Registry entry listened Registry Entry [minecraft:item / fossil:bone_tail_megaloceros] was not realized!
[07Jan2026 20:58:48.411] [main/WARN] [dev.architectury.registry.registries.forge.RegistrarManagerImpl/]: Registry entry listened Registry Entry [minecraft:item / fossil:egg_item_compsognathus] was not realized!
[07Jan2026 20:58:48.411] [main/WARN] [dev.architectury.registry.registries.forge.RegistrarManagerImpl/]: Registry entry listened Registry Entry [minecraft:item / fossil:cooked_mosasaurus] was not realized!
[07Jan2026 20:58:48.411] [main/WARN] [dev.architectury.registry.registries.forge.RegistrarManagerImpl/]: Registry entry listened Registry Entry [minecraft:item / fossil:meat_megalania] was not realized!
[07Jan2026 20:58:48.411] [main/WARN] [dev.architectury.registry.registries.forge.RegistrarManagerImpl/]: Registry entry listened Registry Entry [minecraft:item / fossil:spawn_egg_parasaurolophus] was not realized!
[07Jan2026 20:58:48.412] [main/WARN] [dev.architectury.registry.registries.forge.RegistrarManagerImpl/]: Registry entry listened Registry Entry [minecraft:item / fossil:bone_skull_dimetrodon] was not realized!
[07Jan2026 20:58:48.412] [main/WARN] [dev.architectury.registry.registries.forge.RegistrarManagerImpl/]: Registry entry listened Registry Entry [minecraft:item / fossil:bone_leg_quetzalcoatlus] was not realized!
[07Jan2026 20:58:48.412] [main/WARN] [dev.architectury.registry.registries.forge.RegistrarManagerImpl/]: Registry entry listened Registry Entry [minecraft:item / fossil:bone_ribcage_deinonychus] was not realized!
[07Jan2026 20:58:48.412] [main/WARN] [dev.architectury.registry.registries.forge.RegistrarManagerImpl/]: Registry entry listened Registry Entry [minecraft:item / fossil:bone_arm_spinosaurus] was not realized!
[07Jan2026 20:58:48.412] [main/WARN] [dev.architectury.registry.registries.forge.RegistrarManagerImpl/]: Registry entry listened Registry Entry [minecraft:item / fossil:egg_item_lonchodomas] was not realized!
[07Jan2026 20:58:48.412] [main/WARN] [dev.architectury.registry.registries.forge.RegistrarManagerImpl/]: Registry entry listened Registry Entry [minecraft:item / fossil:gallimimus_dna] was not realized!
[07Jan2026 20:58:48.413] [main/WARN] [dev.architectury.registry.registries.forge.RegistrarManagerImpl/]: Registry entry listened Registry Entry [minecraft:item / fossil:egg_item_tyrannosaurus] was not realized!
[07Jan2026 20:58:48.413] [main/WARN] [dev.architectury.registry.registries.forge.RegistrarManagerImpl/]: Registry entry listened Registry Entry [minecraft:item / fossil:bone_unique_pachycephalosaurus] was not realized!
[07Jan2026 20:58:48.413] [main/WARN] [dev.architectury.registry.registries.forge.RegistrarManagerImpl/]: Registry entry listened Registry Entry [minecraft:item / fossil:bone_skull_ceratosaurus] was not realized!
[07Jan2026 20:58:48.413] [main/WARN] [dev.architectury.registry.registries.forge.RegistrarManagerImpl/]: Registry entry listened Registry Entry [minecraft:item / fossil:bone_leg_gastornis] was not realized!
[07Jan2026 20:58:48.413] [main/WARN] [dev.architectury.registry.registries.forge.RegistrarManagerImpl/]: Registry entry listened Registry Entry [minecraft:item / fossil:spawn_egg_lonchodomas] was not realized!
[07Jan2026 20:58:48.413] [main/WARN] [dev.architectury.registry.registries.forge.RegistrarManagerImpl/]: Registry entry listened Registry Entry [minecraft:item / fossil:bone_skull_crassigyrinus] was not realized!
[07Jan2026 20:58:48.413] [main/WARN] [dev.architectury.registry.registries.forge.RegistrarManagerImpl/]: Registry entry listened Registry Entry [minecraft:item / fossil:diplodocus_dna] was not realized!
[07Jan2026 20:58:48.413] [main/WARN] [dev.architectury.registry.registries.forge.RegistrarManagerImpl/]: Registry entry listened Registry Entry [minecraft:item / fossil:bone_skull_quetzalcoatlus] was not realized!
[07Jan2026 20:58:48.413] [main/WARN] [dev.architectury.registry.registries.forge.RegistrarManagerImpl/]: Registry entry listened Registry Entry [minecraft:item / fossil:cooked_lonchodomas] was not realized!
[07Jan2026 20:58:48.414] [main/WARN] [dev.architectury.registry.registries.forge.RegistrarManagerImpl/]: Registry entry listened Registry Entry [minecraft:item / fossil:meat_quetzalcoatlus] was not realized!
[07Jan2026 20:58:48.414] [main/WARN] [dev.architectury.registry.registries.forge.RegistrarManagerImpl/]: Registry entry listened Registry Entry [minecraft:item / fossil:bucket_item_diplocaulus] was not realized!
[07Jan2026 20:58:48.414] [main/WARN] [dev.architectury.registry.registries.forge.RegistrarManagerImpl/]: Registry entry listened Registry Entry [minecraft:item / fossil:bone_unique_megalania] was not realized!
[07Jan2026 20:58:48.414] [main/WARN] [dev.architectury.registry.registries.forge.RegistrarManagerImpl/]: Registry entry listened Registry Entry [minecraft:item / fossil:nautilus_dna] was not realized!
[07Jan2026 20:58:48.414] [main/WARN] [dev.architectury.registry.registries.forge.RegistrarManagerImpl/]: Registry entry listened Registry Entry [minecraft:item / fossil:tiktaalik_dna] was not realized!
[07Jan2026 20:58:48.414] [main/WARN] [dev.architectury.registry.registries.forge.RegistrarManagerImpl/]: Registry entry listened Registry Entry [minecraft:item / fossil:bone_tail_therizinosaurus] was not realized!
[07Jan2026 20:58:48.414] [main/WARN] [dev.architectury.registry.registries.forge.RegistrarManagerImpl/]: Registry entry listened Registry Entry [minecraft:item / fossil:bucket_item_walliserops] was not realized!
[07Jan2026 20:58:48.414] [main/WARN] [dev.architectury.registry.registries.forge.RegistrarManagerImpl/]: Registry entry listened Registry Entry [minecraft:item / fossil:bone_tail_edaphosaurus] was not realized!
[07Jan2026 20:58:48.414] [main/WARN] [dev.architectury.registry.registries.forge.RegistrarManagerImpl/]: Registry entry listened Registry Entry [minecraft:item / fossil:bone_leg_parasaurolophus] was not realized!
[07Jan2026 20:58:48.414] [main/WARN] [dev.architectury.registry.registries.forge.RegistrarManagerImpl/]: Registry entry listened Registry Entry [minecraft:item / fossil:bone_tail_mosasaurus] was not realized!
[07Jan2026 20:58:48.414] [main/WARN] [dev.architectury.registry.registries.forge.RegistrarManagerImpl/]: Registry entry listened Registry Entry [minecraft:item / fossil:spawn_egg_therizinosaurus] was not realized!
[07Jan2026 20:58:48.415] [main/WARN] [dev.architectury.registry.registries.forge.RegistrarManagerImpl/]: Registry entry listened Registry Entry [minecraft:item / fossil:cooked_dryosaurus] was not realized!
[07Jan2026 20:58:48.415] [main/WARN] [dev.architectury.registry.registries.forge.RegistrarManagerImpl/]: Registry entry listened Registry Entry [minecraft:item / fossil:bone_foot_phorusrhacos] was not realized!
[07Jan2026 20:58:48.415] [main/WARN] [dev.architectury.registry.registries.forge.RegistrarManagerImpl/]: Registry entry listened Registry Entry [minecraft:item / fossil:meat_liopleurodon] was not realized!
[07Jan2026 20:58:48.415] [main/WARN] [dev.architectury.registry.registries.forge.RegistrarManagerImpl/]: Registry entry listened Registry Entry [minecraft:item / fossil:bone_leg_ankylosaurus] was not realized!
[07Jan2026 20:58:48.415] [main/WARN] [dev.architectury.registry.registries.forge.RegistrarManagerImpl/]: Registry entry listened Registry Entry [minecraft:item / fossil:bone_ribcage_dimorphodon] was not realized!
[07Jan2026 20:58:48.415] [main/WARN] [dev.architectury.registry.registries.forge.RegistrarManagerImpl/]: Registry entry listened Registry Entry [minecraft:item / fossil:spawn_egg_meganeura] was not realized!
[07Jan2026 20:58:48.415] [main/WARN] [dev.architectury.registry.registries.forge.RegistrarManagerImpl/]: Registry entry listened Registry Entry [minecraft:item / fossil:egg_item_ceratosaurus] was not realized!
[07Jan2026 20:58:48.415] [main/WARN] [dev.architectury.registry.registries.forge.RegistrarManagerImpl/]: Registry entry listened Registry Entry [minecraft:item / fossil:bucket_item_aquilolamna] was not realized!
[07Jan2026 20:58:48.416] [main/WARN] [dev.architectury.registry.registries.forge.RegistrarManagerImpl/]: Registry entry listened Registry Entry [minecraft:item / fossil:cooked_megalodon] was not realized!
[07Jan2026 20:58:48.416] [main/WARN] [dev.architectury.registry.registries.forge.RegistrarManagerImpl/]: Registry entry listened Registry Entry [minecraft:item / fossil:bone_tail_henodus] was not realized!
[07Jan2026 20:58:48.416] [main/WARN] [dev.architectury.registry.registries.forge.RegistrarManagerImpl/]: Registry entry listened Registry Entry [minecraft:item / fossil:bone_arm_dimorphodon] was not realized!
[07Jan2026 20:58:48.416] [main/WARN] [dev.architectury.registry.registries.forge.RegistrarManagerImpl/]: Registry entry listened Registry Entry [minecraft:item / fossil:meat_elasmotherium] was not realized!
[07Jan2026 20:58:48.417] [main/WARN] [dev.architectury.registry.registries.forge.RegistrarManagerImpl/]: Registry entry listened Registry Entry [minecraft:item / fossil:bone_tail_ichthyosaurus] was not realized!
[07Jan2026 20:58:48.417] [main/WARN] [dev.architectury.registry.registries.forge.RegistrarManagerImpl/]: Registry entry listened Registry Entry [minecraft:item / fossil:dicranurus_dna] was not realized!
[07Jan2026 20:58:48.417] [main/WARN] [dev.architectury.registry.registries.forge.RegistrarManagerImpl/]: Registry entry listened Registry Entry [minecraft:item / fossil:cooked_liopleurodon] was not realized!
[07Jan2026 20:58:48.417] [main/WARN] [dev.architectury.registry.registries.forge.RegistrarManagerImpl/]: Registry entry listened Registry Entry [minecraft:item / fossil:meat_megalodon] was not realized!
[07Jan2026 20:58:48.417] [main/WARN] [dev.architectury.registry.registries.forge.RegistrarManagerImpl/]: Registry entry listened Registry Entry [minecraft:item / fossil:bone_unique_dodo] was not realized!
[07Jan2026 20:58:48.417] [main/WARN] [dev.architectury.registry.registries.forge.RegistrarManagerImpl/]: Registry entry listened Registry Entry [minecraft:item / fossil:bone_ribcage_spinosaurus] was not realized!
[07Jan2026 20:58:48.417] [main/WARN] [dev.architectury.registry.registries.forge.RegistrarManagerImpl/]: Registry entry listened Registry Entry [minecraft:item / fossil:egg_item_parasaurolophus] was not realized!
[07Jan2026 20:58:48.417] [main/WARN] [dev.architectury.registry.registries.forge.RegistrarManagerImpl/]: Registry entry listened Registry Entry [minecraft:item / fossil:bone_ribcage_pachyrhinosaurus] was not realized!
[07Jan2026 20:58:48.417] [main/WARN] [dev.architectury.registry.registries.forge.RegistrarManagerImpl/]: Registry entry listened Registry Entry [minecraft:item / fossil:bone_unique_confuciusornis] was not realized!
[07Jan2026 20:58:48.417] [main/WARN] [dev.architectury.registry.registries.forge.RegistrarManagerImpl/]: Registry entry listened Registry Entry [minecraft:item / fossil:bone_tail_dimorphodon] was not realized!
[07Jan2026 20:58:48.418] [main/WARN] [dev.architectury.registry.registries.forge.RegistrarManagerImpl/]: Registry entry listened Registry Entry [minecraft:item / fossil:bone_unique_ichthyosaurus] was not realized!
[07Jan2026 20:58:48.418] [main/WARN] [dev.architectury.registry.registries.forge.RegistrarManagerImpl/]: Registry entry listened Registry Entry [minecraft:item / fossil:bone_arm_pteranodon] was not realized!
[07Jan2026 20:58:48.418] [main/WARN] [dev.architectury.registry.registries.forge.RegistrarManagerImpl/]: Registry entry listened Registry Entry [minecraft:item / fossil:bone_foot_dilophosaurus] was not realized!
[07Jan2026 20:58:48.418] [main/WARN] [dev.architectury.registry.registries.forge.RegistrarManagerImpl/]: Registry entry listened Registry Entry [minecraft:item / fossil:bone_vertebrae_gallimimus] was not realized!
[07Jan2026 20:58:48.418] [main/WARN] [dev.architectury.registry.registries.forge.RegistrarManagerImpl/]: Registry entry listened Registry Entry [minecraft:item / fossil:egg_item_plesiosaurus] was not realized!
[07Jan2026 20:58:48.419] [main/WARN] [dev.architectury.registry.registries.forge.RegistrarManagerImpl/]: Registry entry listened Registry Entry [minecraft:item / fossil:egg_item_axolotl] was not realized!
[07Jan2026 20:58:48.419] [main/WARN] [dev.architectury.registry.registries.forge.RegistrarManagerImpl/]: Registry entry listened Registry Entry [minecraft:item / fossil:spawn_egg_ankylosaurus] was not realized!
[07Jan2026 20:58:48.419] [main/WARN] [dev.architectury.registry.registries.forge.RegistrarManagerImpl/]: Registry entry listened Registry Entry [minecraft:item / fossil:bone_tail_mammoth] was not realized!
[07Jan2026 20:58:48.419] [main/WARN] [dev.architectury.registry.registries.forge.RegistrarManagerImpl/]: Registry entry listened Registry Entry [minecraft:item / fossil:spawn_egg_kelenken] was not realized!
[07Jan2026 20:58:48.419] [main/WARN] [dev.architectury.registry.registries.forge.RegistrarManagerImpl/]: Registry entry listened Registry Entry [minecraft:item / fossil:bone_leg_megalania] was not realized!
[07Jan2026 20:58:48.419] [main/WARN] [dev.architectury.registry.registries.forge.RegistrarManagerImpl/]: Registry entry listened Registry Entry [minecraft:item / fossil:meat_ornitholestes] was not realized!
[07Jan2026 20:58:48.419] [main/WARN] [dev.architectury.registry.registries.forge.RegistrarManagerImpl/]: Registry entry listened Registry Entry [minecraft:item / fossil:bone_skull_compsognathus] was not realized!
[07Jan2026 20:58:48.419] [main/WARN] [dev.architectury.registry.registries.forge.RegistrarManagerImpl/]: Registry entry listened Registry Entry [minecraft:item / fossil:tropical_fish_dna] was not realized!
[07Jan2026 20:58:48.419] [main/WARN] [dev.architectury.registry.registries.forge.RegistrarManagerImpl/]: Registry entry listened Registry Entry [minecraft:item / fossil:bone_skull_tiktaalik] was not realized!
[07Jan2026 20:58:48.420] [main/WARN] [dev.architectury.registry.registries.forge.RegistrarManagerImpl/]: Registry entry listened Registry Entry [minecraft:item / fossil:cooked_dilophosaurus] was not realized!
[07Jan2026 20:58:48.420] [main/WARN] [dev.architectury.registry.registries.forge.RegistrarManagerImpl/]: Registry entry listened Registry Entry [minecraft:item / fossil:bucket_item_scotoharpes] was not realized!
[07Jan2026 20:58:48.420] [main/WARN] [dev.architectury.registry.registries.forge.RegistrarManagerImpl/]: Registry entry listened Registry Entry [minecraft:item / fossil:bone_unique_postosuchus] was not realized!
[07Jan2026 20:58:48.420] [main/WARN] [dev.architectury.registry.registries.forge.RegistrarManagerImpl/]: Registry entry listened Registry Entry [minecraft:item / fossil:bone_skull_plesiosaurus] was not realized!
[07Jan2026 20:58:48.420] [main/WARN] [dev.architectury.registry.registries.forge.RegistrarManagerImpl/]: Registry entry listened Registry Entry [minecraft:item / fossil:meat_pachycephalosaurus] was not realized!
[07Jan2026 20:58:48.420] [main/WARN] [dev.architectury.registry.registries.forge.RegistrarManagerImpl/]: Registry entry listened Registry Entry [minecraft:item / fossil:bone_leg_therizinosaurus] was not realized!
[07Jan2026 20:58:48.420] [main/WARN] [dev.architectury.registry.registries.forge.RegistrarManagerImpl/]: Registry entry listened Registry Entry [minecraft:item / fossil:rabbit_dna] was not realized!
[07Jan2026 20:58:48.420] [main/WARN] [dev.architectury.registry.registries.forge.RegistrarManagerImpl/]: Registry entry listened Registry Entry [minecraft:item / fossil:bone_tail_dryosaurus] was not realized!
[07Jan2026 20:58:48.420] [main/WARN] [dev.architectury.registry.registries.forge.RegistrarManagerImpl/]: Registry entry listened Registry Entry [minecraft:item / fossil:bone_vertebrae_allosaurus] was not realized!
[07Jan2026 20:58:48.420] [main/WARN] [dev.architectury.registry.registries.forge.RegistrarManagerImpl/]: Registry entry listened Registry Entry [minecraft:item / fossil:meat_kelenken] was not realized!
[07Jan2026 20:58:48.421] [main/WARN] [dev.architectury.registry.registries.forge.RegistrarManagerImpl/]: Registry entry listened Registry Entry [minecraft:item / fossil:bone_skull_phorusrhacos] was not realized!
[07Jan2026 20:58:48.446] [main/DEBUG] [mixin/]: Mixing TagsProviderForgeMixin from puzzleslib.forge.mixins.json into net.minecraft.data.tags.TagsProvider
[07Jan2026 20:58:48.909] [main/DEBUG] [dev.architectury.core.item.ArchitecturySpawnEggItem/]: Registering spawn egg mimic_spawn_egg for artifacts:mimic
[07Jan2026 20:58:48.910] [main/WARN] [dev.architectury.registry.registries.forge.RegistrarManagerImpl/]: Registry entry listened Registry Entry [minecraft:entity_type / fossil:allosaurus] was not realized!
[07Jan2026 20:58:48.910] [main/WARN] [dev.architectury.registry.registries.forge.RegistrarManagerImpl/]: Registry entry listened Registry Entry [minecraft:entity_type / fossil:elasmotherium] was not realized!
[07Jan2026 20:58:48.910] [main/WARN] [dev.architectury.registry.registries.forge.RegistrarManagerImpl/]: Registry entry listened Registry Entry [minecraft:entity_type / fossil:postosuchus] was not realized!
[07Jan2026 20:58:48.910] [main/WARN] [dev.architectury.registry.registries.forge.RegistrarManagerImpl/]: Registry entry listened Registry Entry [minecraft:entity_type / fossil:walliserops] was not realized!
[07Jan2026 20:58:48.910] [main/WARN] [dev.architectury.registry.registries.forge.RegistrarManagerImpl/]: Registry entry listened Registry Entry [minecraft:entity_type / fossil:dryosaurus] was not realized!
[07Jan2026 20:58:48.910] [main/WARN] [dev.architectury.registry.registries.forge.RegistrarManagerImpl/]: Registry entry listened Registry Entry [minecraft:entity_type / fossil:coelacanth] was not realized!
[07Jan2026 20:58:48.910] [main/WARN] [dev.architectury.registry.registries.forge.RegistrarManagerImpl/]: Registry entry listened Registry Entry [minecraft:entity_type / fossil:tiktaalik] was not realized!
[07Jan2026 20:58:48.910] [main/WARN] [dev.architectury.registry.registries.forge.RegistrarManagerImpl/]: Registry entry listened Registry Entry [minecraft:entity_type / fossil:quetzalcoatlus] was not realized!
[07Jan2026 20:58:48.910] [main/WARN] [dev.architectury.registry.registries.forge.RegistrarManagerImpl/]: Registry entry listened Registry Entry [minecraft:entity_type / fossil:parasaurolophus] was not realized!
[07Jan2026 20:58:48.910] [main/WARN] [dev.architectury.registry.registries.forge.RegistrarManagerImpl/]: Registry entry listened Registry Entry [minecraft:entity_type / fossil:liopleurodon] was not realized!
[07Jan2026 20:58:48.910] [main/WARN] [dev.architectury.registry.registries.forge.RegistrarManagerImpl/]: Registry entry listened Registry Entry [minecraft:entity_type / fossil:ankylosaurus] was not realized!
[07Jan2026 20:58:48.910] [main/WARN] [dev.architectury.registry.registries.forge.RegistrarManagerImpl/]: Registry entry listened Registry Entry [minecraft:entity_type / fossil:megalograptus] was not realized!
[07Jan2026 20:58:48.911] [main/WARN] [dev.architectury.registry.registries.forge.RegistrarManagerImpl/]: Registry entry listened Registry Entry [minecraft:entity_type / fossil:megaloceros] was not realized!
[07Jan2026 20:58:48.911] [main/WARN] [dev.architectury.registry.registries.forge.RegistrarManagerImpl/]: Registry entry listened Registry Entry [minecraft:entity_type / fossil:scotoharpes] was not realized!
[07Jan2026 20:58:48.911] [main/WARN] [dev.architectury.registry.registries.forge.RegistrarManagerImpl/]: Registry entry listened Registry Entry [minecraft:entity_type / fossil:meganeura] was not realized!
[07Jan2026 20:58:48.911] [main/WARN] [dev.architectury.registry.registries.forge.RegistrarManagerImpl/]: Registry entry listened Registry Entry [minecraft:entity_type / fossil:protoceratops] was not realized!
[07Jan2026 20:58:48.911] [main/WARN] [dev.architectury.registry.registries.forge.RegistrarManagerImpl/]: Registry entry listened Registry Entry [minecraft:entity_type / fossil:gastornis] was not realized!
[07Jan2026 20:58:48.911] [main/WARN] [dev.architectury.registry.registries.forge.RegistrarManagerImpl/]: Registry entry listened Registry Entry [minecraft:entity_type / fossil:aquilolamna] was not realized!
[07Jan2026 20:58:48.911] [main/WARN] [dev.architectury.registry.registries.forge.RegistrarManagerImpl/]: Registry entry listened Registry Entry [minecraft:entity_type / fossil:tyrannosaurus] was not realized!
[07Jan2026 20:58:48.911] [main/WARN] [dev.architectury.registry.registries.forge.RegistrarManagerImpl/]: Registry entry listened Registry Entry [minecraft:entity_type / fossil:failuresaurus] was not realized!
[07Jan2026 20:58:48.911] [main/WARN] [dev.architectury.registry.registries.forge.RegistrarManagerImpl/]: Registry entry listened Registry Entry [minecraft:entity_type / fossil:edaphosaurus] was not realized!
[07Jan2026 20:58:48.911] [main/WARN] [dev.architectury.registry.registries.forge.RegistrarManagerImpl/]: Registry entry listened Registry Entry [minecraft:entity_type / fossil:psittacosaurus] was not realized!
[07Jan2026 20:58:48.911] [main/WARN] [dev.architectury.registry.registries.forge.RegistrarManagerImpl/]: Registry entry listened Registry Entry [minecraft:entity_type / fossil:alligator_gar] was not realized!
[07Jan2026 20:58:48.911] [main/WARN] [dev.architectury.registry.registries.forge.RegistrarManagerImpl/]: Registry entry listened Registry Entry [minecraft:entity_type / fossil:titanis] was not realized!
[07Jan2026 20:58:48.911] [main/WARN] [dev.architectury.registry.registries.forge.RegistrarManagerImpl/]: Registry entry listened Registry Entry [minecraft:entity_type / fossil:brachiosaurus] was not realized!
[07Jan2026 20:58:48.911] [main/WARN] [dev.architectury.registry.registries.forge.RegistrarManagerImpl/]: Registry entry listened Registry Entry [minecraft:entity_type / fossil:ceratosaurus] was not realized!
[07Jan2026 20:58:48.911] [main/WARN] [dev.architectury.registry.registries.forge.RegistrarManagerImpl/]: Registry entry listened Registry Entry [minecraft:entity_type / fossil:pachycephalosaurus] was not realized!
[07Jan2026 20:58:48.911] [main/WARN] [dev.architectury.registry.registries.forge.RegistrarManagerImpl/]: Registry entry listened Registry Entry [minecraft:entity_type / fossil:dodo] was not realized!
[07Jan2026 20:58:48.912] [main/WARN] [dev.architectury.registry.registries.forge.RegistrarManagerImpl/]: Registry entry listened Registry Entry [minecraft:entity_type / fossil:stegosaurus] was not realized!
[07Jan2026 20:58:48.912] [main/WARN] [dev.architectury.registry.registries.forge.RegistrarManagerImpl/]: Registry entry listened Registry Entry [minecraft:entity_type / fossil:sentry_piglin] was not realized!
[07Jan2026 20:58:48.912] [main/WARN] [dev.architectury.registry.registries.forge.RegistrarManagerImpl/]: Registry entry listened Registry Entry [minecraft:entity_type / fossil:diplocaulus] was not realized!
[07Jan2026 20:58:48.912] [main/WARN] [dev.architectury.registry.registries.forge.RegistrarManagerImpl/]: Registry entry listened Registry Entry [minecraft:entity_type / fossil:kelenken] was not realized!
[07Jan2026 20:58:48.912] [main/WARN] [dev.architectury.registry.registries.forge.RegistrarManagerImpl/]: Registry entry listened Registry Entry [minecraft:entity_type / fossil:dilophosaurus] was not realized!
[07Jan2026 20:58:48.912] [main/WARN] [dev.architectury.registry.registries.forge.RegistrarManagerImpl/]: Registry entry listened Registry Entry [minecraft:entity_type / fossil:tar_slime] was not realized!
[07Jan2026 20:58:48.912] [main/WARN] [dev.architectury.registry.registries.forge.RegistrarManagerImpl/]: Registry entry listened Registry Entry [minecraft:entity_type / fossil:smilodon] was not realized!
[07Jan2026 20:58:48.912] [main/WARN] [dev.architectury.registry.registries.forge.RegistrarManagerImpl/]: Registry entry listened Registry Entry [minecraft:entity_type / fossil:citipati] was not realized!
[07Jan2026 20:58:48.912] [main/WARN] [dev.architectury.registry.registries.forge.RegistrarManagerImpl/]: Registry entry listened Registry Entry [minecraft:entity_type / fossil:deinonychus] was not realized!
[07Jan2026 20:58:48.912] [main/WARN] [dev.architectury.registry.registries.forge.RegistrarManagerImpl/]: Registry entry listened Registry Entry [minecraft:entity_type / fossil:dimorphodon] was not realized!
[07Jan2026 20:58:48.912] [main/WARN] [dev.architectury.registry.registries.forge.RegistrarManagerImpl/]: Registry entry listened Registry Entry [minecraft:entity_type / fossil:quagga] was not realized!
[07Jan2026 20:58:48.912] [main/WARN] [dev.architectury.registry.registries.forge.RegistrarManagerImpl/]: Registry entry listened Registry Entry [minecraft:entity_type / fossil:spinosaurus] was not realized!
[07Jan2026 20:58:48.912] [main/WARN] [dev.architectury.registry.registries.forge.RegistrarManagerImpl/]: Registry entry listened Registry Entry [minecraft:entity_type / fossil:gallimimus] was not realized!
[07Jan2026 20:58:48.912] [main/WARN] [dev.architectury.registry.registries.forge.RegistrarManagerImpl/]: Registry entry listened Registry Entry [minecraft:entity_type / fossil:sturgeon] was not realized!
[07Jan2026 20:58:48.912] [main/WARN] [dev.architectury.registry.registries.forge.RegistrarManagerImpl/]: Registry entry listened Registry Entry [minecraft:entity_type / fossil:lonchodomas] was not realized!
[07Jan2026 20:58:48.912] [main/WARN] [dev.architectury.registry.registries.forge.RegistrarManagerImpl/]: Registry entry listened Registry Entry [minecraft:entity_type / fossil:crassigyrinus] was not realized!
[07Jan2026 20:58:48.913] [main/WARN] [dev.architectury.registry.registries.forge.RegistrarManagerImpl/]: Registry entry listened Registry Entry [minecraft:entity_type / fossil:mosasaurus] was not realized!
[07Jan2026 20:58:48.913] [main/WARN] [dev.architectury.registry.registries.forge.RegistrarManagerImpl/]: Registry entry listened Registry Entry [minecraft:entity_type / fossil:plesiosaurus] was not realized!
[07Jan2026 20:58:48.913] [main/WARN] [dev.architectury.registry.registries.forge.RegistrarManagerImpl/]: Registry entry listened Registry Entry [minecraft:entity_type / fossil:ichthyosaurus] was not realized!
[07Jan2026 20:58:48.913] [main/WARN] [dev.architectury.registry.registries.forge.RegistrarManagerImpl/]: Registry entry listened Registry Entry [minecraft:entity_type / fossil:pteranodon] was not realized!
[07Jan2026 20:58:48.913] [main/WARN] [dev.architectury.registry.registries.forge.RegistrarManagerImpl/]: Registry entry listened Registry Entry [minecraft:entity_type / fossil:phorusrhacos] was not realized!
[07Jan2026 20:58:48.913] [main/WARN] [dev.architectury.registry.registries.forge.RegistrarManagerImpl/]: Registry entry listened Registry Entry [minecraft:entity_type / fossil:nautilus] was not realized!
[07Jan2026 20:58:48.913] [main/WARN] [dev.architectury.registry.registries.forge.RegistrarManagerImpl/]: Registry entry listened Registry Entry [minecraft:entity_type / fossil:therizinosaurus] was not realized!
[07Jan2026 20:58:48.913] [main/WARN] [dev.architectury.registry.registries.forge.RegistrarManagerImpl/]: Registry entry listened Registry Entry [minecraft:entity_type / fossil:henodus] was not realized!
[07Jan2026 20:58:48.913] [main/WARN] [dev.architectury.registry.registries.forge.RegistrarManagerImpl/]: Registry entry listened Registry Entry [minecraft:entity_type / fossil:arthropleura] was not realized!
[07Jan2026 20:58:48.913] [main/WARN] [dev.architectury.registry.registries.forge.RegistrarManagerImpl/]: Registry entry listened Registry Entry [minecraft:entity_type / fossil:velociraptor] was not realized!
[07Jan2026 20:58:48.913] [main/WARN] [dev.architectury.registry.registries.forge.RegistrarManagerImpl/]: Registry entry listened Registry Entry [minecraft:entity_type / fossil:platybelodon] was not realized!
[07Jan2026 20:58:48.913] [main/WARN] [dev.architectury.registry.registries.forge.RegistrarManagerImpl/]: Registry entry listened Registry Entry [minecraft:entity_type / fossil:triceratops] was not realized!
[07Jan2026 20:58:48.914] [main/WARN] [dev.architectury.registry.registries.forge.RegistrarManagerImpl/]: Registry entry listened Registry Entry [minecraft:entity_type / fossil:megalodon] was not realized!
[07Jan2026 20:58:48.914] [main/WARN] [dev.architectury.registry.registries.forge.RegistrarManagerImpl/]: Registry entry listened Registry Entry [minecraft:entity_type / fossil:ornitholestes] was not realized!
[07Jan2026 20:58:48.914] [main/WARN] [dev.architectury.registry.registries.forge.RegistrarManagerImpl/]: Registry entry listened Registry Entry [minecraft:entity_type / fossil:megalania] was not realized!
[07Jan2026 20:58:48.914] [main/WARN] [dev.architectury.registry.registries.forge.RegistrarManagerImpl/]: Registry entry listened Registry Entry [minecraft:entity_type / fossil:dimetrodon] was not realized!
[07Jan2026 20:58:48.914] [main/WARN] [dev.architectury.registry.registries.forge.RegistrarManagerImpl/]: Registry entry listened Registry Entry [minecraft:entity_type / fossil:pachyrhinosaurus] was not realized!
[07Jan2026 20:58:48.914] [main/WARN] [dev.architectury.registry.registries.forge.RegistrarManagerImpl/]: Registry entry listened Registry Entry [minecraft:entity_type / fossil:sarcosuchus] was not realized!
[07Jan2026 20:58:48.914] [main/WARN] [dev.architectury.registry.registries.forge.RegistrarManagerImpl/]: Registry entry listened Registry Entry [minecraft:entity_type / fossil:mammoth] was not realized!
[07Jan2026 20:58:48.914] [main/WARN] [dev.architectury.registry.registries.forge.RegistrarManagerImpl/]: Registry entry listened Registry Entry [minecraft:entity_type / fossil:confuciusornis] was not realized!
[07Jan2026 20:58:48.914] [main/WARN] [dev.architectury.registry.registries.forge.RegistrarManagerImpl/]: Registry entry listened Registry Entry [minecraft:entity_type / fossil:dicranurus] was not realized!
[07Jan2026 20:58:48.914] [main/WARN] [dev.architectury.registry.registries.forge.RegistrarManagerImpl/]: Registry entry listened Registry Entry [minecraft:entity_type / fossil:diplodocus] was not realized!
[07Jan2026 20:58:48.914] [main/WARN] [dev.architectury.registry.registries.forge.RegistrarManagerImpl/]: Registry entry listened Registry Entry [minecraft:entity_type / fossil:anu_boss] was not realized!
[07Jan2026 20:58:48.914] [main/WARN] [dev.architectury.registry.registries.forge.RegistrarManagerImpl/]: Registry entry listened Registry Entry [minecraft:entity_type / fossil:compsognathus] was not realized!
[07Jan2026 20:58:48.937] [main/DEBUG] [dev.architectury.core.item.ArchitecturySpawnEggItem/]: Registering spawn egg spawn_egg_alligator_gar for fossil:alligator_gar
[07Jan2026 20:58:48.938] [main/DEBUG] [dev.architectury.core.item.ArchitecturySpawnEggItem/]: Registering spawn egg spawn_egg_allosaurus for fossil:allosaurus
[07Jan2026 20:58:48.938] [main/DEBUG] [dev.architectury.core.item.ArchitecturySpawnEggItem/]: Registering spawn egg spawn_egg_ankylosaurus for fossil:ankylosaurus
[07Jan2026 20:58:48.938] [main/DEBUG] [dev.architectury.core.item.ArchitecturySpawnEggItem/]: Registering spawn egg spawn_egg_aquilolamna for fossil:aquilolamna
[07Jan2026 20:58:48.938] [main/DEBUG] [dev.architectury.core.item.ArchitecturySpawnEggItem/]: Registering spawn egg spawn_egg_arthropleura for fossil:arthropleura
[07Jan2026 20:58:48.938] [main/DEBUG] [dev.architectury.core.item.ArchitecturySpawnEggItem/]: Registering spawn egg spawn_egg_brachiosaurus for fossil:brachiosaurus
[07Jan2026 20:58:48.938] [main/DEBUG] [dev.architectury.core.item.ArchitecturySpawnEggItem/]: Registering spawn egg spawn_egg_ceratosaurus for fossil:ceratosaurus
[07Jan2026 20:58:48.938] [main/DEBUG] [dev.architectury.core.item.ArchitecturySpawnEggItem/]: Registering spawn egg spawn_egg_citipati for fossil:citipati
[07Jan2026 20:58:48.938] [main/DEBUG] [dev.architectury.core.item.ArchitecturySpawnEggItem/]: Registering spawn egg spawn_egg_coelacanth for fossil:coelacanth
[07Jan2026 20:58:48.938] [main/DEBUG] [dev.architectury.core.item.ArchitecturySpawnEggItem/]: Registering spawn egg spawn_egg_compsognathus for fossil:compsognathus
[07Jan2026 20:58:48.938] [main/DEBUG] [dev.architectury.core.item.ArchitecturySpawnEggItem/]: Registering spawn egg spawn_egg_confuciusornis for fossil:confuciusornis
[07Jan2026 20:58:48.938] [main/DEBUG] [dev.architectury.core.item.ArchitecturySpawnEggItem/]: Registering spawn egg spawn_egg_crassigyrinus for fossil:crassigyrinus
[07Jan2026 20:58:48.938] [main/DEBUG] [dev.architectury.core.item.ArchitecturySpawnEggItem/]: Registering spawn egg spawn_egg_deinonychus for fossil:deinonychus
[07Jan2026 20:58:48.938] [main/DEBUG] [dev.architectury.core.item.ArchitecturySpawnEggItem/]: Registering spawn egg spawn_egg_dilophosaurus for fossil:dilophosaurus
[07Jan2026 20:58:48.938] [main/DEBUG] [dev.architectury.core.item.ArchitecturySpawnEggItem/]: Registering spawn egg spawn_egg_dimetrodon for fossil:dimetrodon
[07Jan2026 20:58:48.938] [main/DEBUG] [dev.architectury.core.item.ArchitecturySpawnEggItem/]: Registering spawn egg spawn_egg_dimorphodon for fossil:dimorphodon
[07Jan2026 20:58:48.938] [main/DEBUG] [dev.architectury.core.item.ArchitecturySpawnEggItem/]: Registering spawn egg spawn_egg_diplocaulus for fossil:diplocaulus
[07Jan2026 20:58:48.938] [main/DEBUG] [dev.architectury.core.item.ArchitecturySpawnEggItem/]: Registering spawn egg spawn_egg_diplodocus for fossil:diplodocus
[07Jan2026 20:58:48.938] [main/DEBUG] [dev.architectury.core.item.ArchitecturySpawnEggItem/]: Registering spawn egg spawn_egg_dodo for fossil:dodo
[07Jan2026 20:58:48.938] [main/DEBUG] [dev.architectury.core.item.ArchitecturySpawnEggItem/]: Registering spawn egg spawn_egg_dryosaurus for fossil:dryosaurus
[07Jan2026 20:58:48.938] [main/DEBUG] [dev.architectury.core.item.ArchitecturySpawnEggItem/]: Registering spawn egg spawn_egg_edaphosaurus for fossil:edaphosaurus
[07Jan2026 20:58:48.939] [main/DEBUG] [dev.architectury.core.item.ArchitecturySpawnEggItem/]: Registering spawn egg spawn_egg_elasmotherium for fossil:elasmotherium
[07Jan2026 20:58:48.939] [main/DEBUG] [dev.architectury.core.item.ArchitecturySpawnEggItem/]: Registering spawn egg spawn_egg_gallimimus for fossil:gallimimus
[07Jan2026 20:58:48.939] [main/DEBUG] [dev.architectury.core.item.ArchitecturySpawnEggItem/]: Registering spawn egg spawn_egg_gastornis for fossil:gastornis
[07Jan2026 20:58:48.939] [main/DEBUG] [dev.architectury.core.item.ArchitecturySpawnEggItem/]: Registering spawn egg spawn_egg_henodus for fossil:henodus
[07Jan2026 20:58:48.939] [main/DEBUG] [dev.architectury.core.item.ArchitecturySpawnEggItem/]: Registering spawn egg spawn_egg_ichthyosaurus for fossil:ichthyosaurus
[07Jan2026 20:58:48.939] [main/DEBUG] [dev.architectury.core.item.ArchitecturySpawnEggItem/]: Registering spawn egg spawn_egg_kelenken for fossil:kelenken
[07Jan2026 20:58:48.939] [main/DEBUG] [dev.architectury.core.item.ArchitecturySpawnEggItem/]: Registering spawn egg spawn_egg_liopleurodon for fossil:liopleurodon
[07Jan2026 20:58:48.939] [main/DEBUG] [dev.architectury.core.item.ArchitecturySpawnEggItem/]: Registering spawn egg spawn_egg_mammoth for fossil:mammoth
[07Jan2026 20:58:48.939] [main/DEBUG] [dev.architectury.core.item.ArchitecturySpawnEggItem/]: Registering spawn egg spawn_egg_megalania for fossil:megalania
[07Jan2026 20:58:48.939] [main/DEBUG] [dev.architectury.core.item.ArchitecturySpawnEggItem/]: Registering spawn egg spawn_egg_megaloceros for fossil:megaloceros
[07Jan2026 20:58:48.939] [main/DEBUG] [dev.architectury.core.item.ArchitecturySpawnEggItem/]: Registering spawn egg spawn_egg_megalodon for fossil:megalodon
[07Jan2026 20:58:48.939] [main/DEBUG] [dev.architectury.core.item.ArchitecturySpawnEggItem/]: Registering spawn egg spawn_egg_megalograptus for fossil:megalograptus
[07Jan2026 20:58:48.939] [main/DEBUG] [dev.architectury.core.item.ArchitecturySpawnEggItem/]: Registering spawn egg spawn_egg_meganeura for fossil:meganeura
[07Jan2026 20:58:48.939] [main/DEBUG] [dev.architectury.core.item.ArchitecturySpawnEggItem/]: Registering spawn egg spawn_egg_mosasaurus for fossil:mosasaurus
[07Jan2026 20:58:48.939] [main/DEBUG] [dev.architectury.core.item.ArchitecturySpawnEggItem/]: Registering spawn egg spawn_egg_nautilus for fossil:nautilus
[07Jan2026 20:58:48.939] [main/DEBUG] [dev.architectury.core.item.ArchitecturySpawnEggItem/]: Registering spawn egg spawn_egg_ornitholestes for fossil:ornitholestes
[07Jan2026 20:58:48.939] [main/DEBUG] [dev.architectury.core.item.ArchitecturySpawnEggItem/]: Registering spawn egg spawn_egg_pachycephalosaurus for fossil:pachycephalosaurus
[07Jan2026 20:58:48.940] [main/DEBUG] [dev.architectury.core.item.ArchitecturySpawnEggItem/]: Registering spawn egg spawn_egg_pachyrhinosaurus for fossil:pachyrhinosaurus
[07Jan2026 20:58:48.940] [main/DEBUG] [dev.architectury.core.item.ArchitecturySpawnEggItem/]: Registering spawn egg spawn_egg_parasaurolophus for fossil:parasaurolophus
[07Jan2026 20:58:48.940] [main/DEBUG] [dev.architectury.core.item.ArchitecturySpawnEggItem/]: Registering spawn egg spawn_egg_phorusrhacos for fossil:phorusrhacos
[07Jan2026 20:58:48.940] [main/DEBUG] [dev.architectury.core.item.ArchitecturySpawnEggItem/]: Registering spawn egg spawn_egg_platybelodon for fossil:platybelodon
[07Jan2026 20:58:48.940] [main/DEBUG] [dev.architectury.core.item.ArchitecturySpawnEggItem/]: Registering spawn egg spawn_egg_plesiosaurus for fossil:plesiosaurus
[07Jan2026 20:58:48.940] [main/DEBUG] [dev.architectury.core.item.ArchitecturySpawnEggItem/]: Registering spawn egg spawn_egg_postosuchus for fossil:postosuchus
[07Jan2026 20:58:48.940] [main/DEBUG] [dev.architectury.core.item.ArchitecturySpawnEggItem/]: Registering spawn egg spawn_egg_protoceratops for fossil:protoceratops
[07Jan2026 20:58:48.940] [main/DEBUG] [dev.architectury.core.item.ArchitecturySpawnEggItem/]: Registering spawn egg spawn_egg_psittacosaurus for fossil:psittacosaurus
[07Jan2026 20:58:48.940] [main/DEBUG] [dev.architectury.core.item.ArchitecturySpawnEggItem/]: Registering spawn egg spawn_egg_pteranodon for fossil:pteranodon
[07Jan2026 20:58:48.940] [main/DEBUG] [dev.architectury.core.item.ArchitecturySpawnEggItem/]: Registering spawn egg spawn_egg_quagga for fossil:quagga
[07Jan2026 20:58:48.940] [main/DEBUG] [dev.architectury.core.item.ArchitecturySpawnEggItem/]: Registering spawn egg spawn_egg_quetzalcoatlus for fossil:quetzalcoatlus
[07Jan2026 20:58:48.940] [main/DEBUG] [dev.architectury.core.item.ArchitecturySpawnEggItem/]: Registering spawn egg spawn_egg_sarcosuchus for fossil:sarcosuchus
[07Jan2026 20:58:48.940] [main/DEBUG] [dev.architectury.core.item.ArchitecturySpawnEggItem/]: Registering spawn egg spawn_egg_smilodon for fossil:smilodon
[07Jan2026 20:58:48.940] [main/DEBUG] [dev.architectury.core.item.ArchitecturySpawnEggItem/]: Registering spawn egg spawn_egg_spinosaurus for fossil:spinosaurus
[07Jan2026 20:58:48.940] [main/DEBUG] [dev.architectury.core.item.ArchitecturySpawnEggItem/]: Registering spawn egg spawn_egg_stegosaurus for fossil:stegosaurus
[07Jan2026 20:58:48.940] [main/DEBUG] [dev.architectury.core.item.ArchitecturySpawnEggItem/]: Registering spawn egg spawn_egg_sturgeon for fossil:sturgeon
[07Jan2026 20:58:48.940] [main/DEBUG] [dev.architectury.core.item.ArchitecturySpawnEggItem/]: Registering spawn egg spawn_egg_therizinosaurus for fossil:therizinosaurus
[07Jan2026 20:58:48.940] [main/DEBUG] [dev.architectury.core.item.ArchitecturySpawnEggItem/]: Registering spawn egg spawn_egg_tiktaalik for fossil:tiktaalik
[07Jan2026 20:58:48.940] [main/DEBUG] [dev.architectury.core.item.ArchitecturySpawnEggItem/]: Registering spawn egg spawn_egg_titanis for fossil:titanis
[07Jan2026 20:58:48.940] [main/DEBUG] [dev.architectury.core.item.ArchitecturySpawnEggItem/]: Registering spawn egg spawn_egg_triceratops for fossil:triceratops
[07Jan2026 20:58:48.941] [main/DEBUG] [dev.architectury.core.item.ArchitecturySpawnEggItem/]: Registering spawn egg spawn_egg_tyrannosaurus for fossil:tyrannosaurus
[07Jan2026 20:58:48.941] [main/DEBUG] [dev.architectury.core.item.ArchitecturySpawnEggItem/]: Registering spawn egg spawn_egg_velociraptor for fossil:velociraptor
[07Jan2026 20:58:48.941] [main/DEBUG] [dev.architectury.core.item.ArchitecturySpawnEggItem/]: Registering spawn egg spawn_egg_dicranurus for fossil:dicranurus
[07Jan2026 20:58:48.941] [main/DEBUG] [dev.architectury.core.item.ArchitecturySpawnEggItem/]: Registering spawn egg spawn_egg_lonchodomas for fossil:lonchodomas
[07Jan2026 20:58:48.941] [main/DEBUG] [dev.architectury.core.item.ArchitecturySpawnEggItem/]: Registering spawn egg spawn_egg_scotoharpes for fossil:scotoharpes
[07Jan2026 20:58:48.941] [main/DEBUG] [dev.architectury.core.item.ArchitecturySpawnEggItem/]: Registering spawn egg spawn_egg_walliserops for fossil:walliserops
[07Jan2026 20:58:48.941] [main/DEBUG] [dev.architectury.core.item.ArchitecturySpawnEggItem/]: Registering spawn egg spawn_egg_failuresaurus for fossil:failuresaurus
[07Jan2026 20:58:48.941] [main/DEBUG] [dev.architectury.core.item.ArchitecturySpawnEggItem/]: Registering spawn egg spawn_egg_tar_slime for fossil:tar_slime
[07Jan2026 20:58:48.942] [main/DEBUG] [dev.architectury.core.item.ArchitecturySpawnEggItem/]: Registering spawn egg spawn_egg_anu_boss for fossil:anu_boss
[07Jan2026 20:58:48.942] [main/DEBUG] [dev.architectury.core.item.ArchitecturySpawnEggItem/]: Registering spawn egg spawn_egg_sentry_piglin for fossil:sentry_piglin
[07Jan2026 20:58:48.978] [main/DEBUG] [mixin/]: Mixing perf.dynamic_dfu.DataFixersMixin from modernfix-common.mixins.json into net.minecraft.util.datafix.DataFixers
[07Jan2026 20:58:48.978] [main/DEBUG] [mixin/]: Renaming synthetic method lambda$createLazyFixerUpper$0(Ljava/util/Set;)Lcom/mojang/datafixers/DataFixer; to md227283$lambda$createLazyFixerUpper$0$0 in modernfix-common.mixins.json:perf.dynamic_dfu.DataFixersMixin
[07Jan2026 20:58:49.052] [main/INFO] [ModernFix/]: Bypassed Mojang DFU
[07Jan2026 20:58:49.052] [main/INFO] [ModernFix/]: Instantiating Mojang DFU
[07Jan2026 20:58:49.920] [main/DEBUG] [mixin/]: Mixing common.access.item.AccessIngredientTagValue from crafttweaker.mixins.json into net.minecraft.world.item.crafting.Ingredient$TagValue
[07Jan2026 20:58:49.920] [main/DEBUG] [mixin/]: Mixing common.transform.item.MixinIngredientTagValue from crafttweaker.mixins.json into net.minecraft.world.item.crafting.Ingredient$TagValue
[07Jan2026 20:58:49.920] [main/DEBUG] [mixin/]: Renaming synthetic method lambda$crafttweaker$injectTags$1(Ljava/util/Map;)Ljava/util/Collection; to md227283$lambda$crafttweaker$injectTags$1$0 in crafttweaker.mixins.json:common.transform.item.MixinIngredientTagValue
[07Jan2026 20:58:49.920] [main/DEBUG] [mixin/]: Renaming synthetic method lambda$crafttweaker$injectTags$0(Lnet/minecraft/tags/TagManager$LoadResult;)Z to md227283$lambda$crafttweaker$injectTags$0$1 in crafttweaker.mixins.json:common.transform.item.MixinIngredientTagValue
[07Jan2026 20:58:50.185] [main/DEBUG] [mixin/]: Mixing perf.faster_ingredients.ForgeHooksMixin from modernfix-forge.mixins.json into net.minecraftforge.common.ForgeHooks
[07Jan2026 20:58:50.185] [main/DEBUG] [mixin/]: Mixing ForgeHooksMixin from tombstone.mixins.json into net.minecraftforge.common.ForgeHooks
[07Jan2026 20:58:50.220] [main/DEBUG] [mixin/]: Mixing SpawnRestrictionAccessor from graveyard-common.mixins.json into net.minecraft.world.entity.SpawnPlacements
[07Jan2026 20:58:50.221] [main/DEBUG] [mixin/]: Renaming @Invoker method callRegister(Lnet/minecraft/world/entity/EntityType;Lnet/minecraft/world/entity/SpawnPlacements$Type;Lnet/minecraft/world/level/levelgen/Heightmap$Types;Lnet/minecraft/world/entity/SpawnPlacements$SpawnPredicate;)V to callRegister_$md$227283$0 in graveyard-common.mixins.json:SpawnRestrictionAccessor
[07Jan2026 20:58:50.259] [main/DEBUG] [io.netty.util.internal.InternalThreadLocalMap/]: -Dio.netty.threadLocalMap.stringBuilder.initialSize: 1024
[07Jan2026 20:58:50.259] [main/DEBUG] [io.netty.util.internal.InternalThreadLocalMap/]: -Dio.netty.threadLocalMap.stringBuilder.maxSize: 4096
[07Jan2026 20:58:50.259] [main/DEBUG] [io.netty.util.internal.ThreadLocalRandom/]: -Dio.netty.initialSeedUniquifier: 0xc1a263422f706ade
[07Jan2026 20:58:50.268] [main/WARN] [net.minecraft.network.syncher.SynchedEntityData/]: defineId called for: class net.mcreator.borninchaosv.entity.BabySpiderEntity from class net.mcreator.borninchaosv.entity.MotherSpiderEntity
[07Jan2026 20:58:50.493] [main/DEBUG] [net.minecraftforge.fml.config.ConfigTracker/CONFIG]: Loading configs type COMMON
[07Jan2026 20:58:50.494] [main/DEBUG] [net.minecraftforge.fml.config.ConfigFileTypeHandler/CONFIG]: Built TOML config for /workspaces/Servy/servidor_minecraft/config/treechop-common.toml
[07Jan2026 20:58:50.494] [main/DEBUG] [net.minecraftforge.fml.config.ConfigFileTypeHandler/CONFIG]: Loaded TOML config file /workspaces/Servy/servidor_minecraft/config/treechop-common.toml
[07Jan2026 20:58:50.499] [main/DEBUG] [net.minecraftforge.fml.config.ConfigFileTypeHandler/CONFIG]: Watching TOML config file /workspaces/Servy/servidor_minecraft/config/treechop-common.toml for changes
[07Jan2026 20:58:50.502] [main/DEBUG] [net.minecraftforge.fml.config.ConfigFileTypeHandler/CONFIG]: Built TOML config for /workspaces/Servy/servidor_minecraft/config/modernfix-common.toml
[07Jan2026 20:58:50.503] [main/DEBUG] [net.minecraftforge.fml.config.ConfigFileTypeHandler/CONFIG]: Loaded TOML config file /workspaces/Servy/servidor_minecraft/config/modernfix-common.toml
[07Jan2026 20:58:50.503] [main/DEBUG] [net.minecraftforge.fml.config.ConfigFileTypeHandler/CONFIG]: Watching TOML config file /workspaces/Servy/servidor_minecraft/config/modernfix-common.toml for changes
[07Jan2026 20:58:50.503] [main/DEBUG] [net.minecraftforge.fml.config.ConfigFileTypeHandler/CONFIG]: Built TOML config for /workspaces/Servy/servidor_minecraft/config/citadel-common.toml
[07Jan2026 20:58:50.503] [main/DEBUG] [net.minecraftforge.fml.config.ConfigFileTypeHandler/CONFIG]: Loaded TOML config file /workspaces/Servy/servidor_minecraft/config/citadel-common.toml
[07Jan2026 20:58:50.504] [main/DEBUG] [net.minecraftforge.fml.config.ConfigFileTypeHandler/CONFIG]: Watching TOML config file /workspaces/Servy/servidor_minecraft/config/citadel-common.toml for changes
[07Jan2026 20:58:50.504] [main/DEBUG] [net.minecraftforge.fml.config.ConfigFileTypeHandler/CONFIG]: Built TOML config for /workspaces/Servy/servidor_minecraft/config/waystones-common.toml
[07Jan2026 20:58:50.505] [main/DEBUG] [net.minecraftforge.fml.config.ConfigFileTypeHandler/CONFIG]: Loaded TOML config file /workspaces/Servy/servidor_minecraft/config/waystones-common.toml
[07Jan2026 20:58:50.505] [main/DEBUG] [net.minecraftforge.fml.config.ConfigFileTypeHandler/CONFIG]: Watching TOML config file /workspaces/Servy/servidor_minecraft/config/waystones-common.toml for changes
[07Jan2026 20:58:50.509] [main/DEBUG] [net.minecraftforge.fml.config.ConfigFileTypeHandler/CONFIG]: Built TOML config for /workspaces/Servy/servidor_minecraft/config/uniquedungeons-city_snow_config.toml
[07Jan2026 20:58:50.510] [main/DEBUG] [net.minecraftforge.fml.config.ConfigFileTypeHandler/CONFIG]: Loaded TOML config file /workspaces/Servy/servidor_minecraft/config/uniquedungeons-city_snow_config.toml
[07Jan2026 20:58:50.510] [main/DEBUG] [net.minecraftforge.fml.config.ConfigFileTypeHandler/CONFIG]: Watching TOML config file /workspaces/Servy/servidor_minecraft/config/uniquedungeons-city_snow_config.toml for changes
[07Jan2026 20:58:50.511] [main/DEBUG] [net.minecraftforge.fml.config.ConfigFileTypeHandler/CONFIG]: Built TOML config for /workspaces/Servy/servidor_minecraft/config/uniquedungeons-desert_dungeon_config.toml
[07Jan2026 20:58:50.511] [main/DEBUG] [net.minecraftforge.fml.config.ConfigFileTypeHandler/CONFIG]: Loaded TOML config file /workspaces/Servy/servidor_minecraft/config/uniquedungeons-desert_dungeon_config.toml
[07Jan2026 20:58:50.511] [main/DEBUG] [net.minecraftforge.fml.config.ConfigFileTypeHandler/CONFIG]: Watching TOML config file /workspaces/Servy/servidor_minecraft/config/uniquedungeons-desert_dungeon_config.toml for changes
[07Jan2026 20:58:50.511] [main/DEBUG] [net.minecraftforge.fml.config.ConfigFileTypeHandler/CONFIG]: Built TOML config for /workspaces/Servy/servidor_minecraft/config/travelersbackpack-common.toml
[07Jan2026 20:58:50.512] [main/DEBUG] [net.minecraftforge.fml.config.ConfigFileTypeHandler/CONFIG]: Loaded TOML config file /workspaces/Servy/servidor_minecraft/config/travelersbackpack-common.toml
[07Jan2026 20:58:50.512] [main/DEBUG] [net.minecraftforge.fml.config.ConfigFileTypeHandler/CONFIG]: Watching TOML config file /workspaces/Servy/servidor_minecraft/config/travelersbackpack-common.toml for changes
[07Jan2026 20:58:50.512] [main/DEBUG] [net.minecraftforge.fml.config.ConfigFileTypeHandler/CONFIG]: Built TOML config for /workspaces/Servy/servidor_minecraft/config/alexsmobs.toml
[07Jan2026 20:58:50.515] [main/DEBUG] [net.minecraftforge.fml.config.ConfigFileTypeHandler/CONFIG]: Loaded TOML config file /workspaces/Servy/servidor_minecraft/config/alexsmobs.toml
[07Jan2026 20:58:50.515] [main/DEBUG] [net.minecraftforge.fml.config.ConfigFileTypeHandler/CONFIG]: Watching TOML config file /workspaces/Servy/servidor_minecraft/config/alexsmobs.toml for changes
[07Jan2026 20:58:50.587] [main/DEBUG] [net.minecraftforge.fml.config.ConfigFileTypeHandler/CONFIG]: Built TOML config for /workspaces/Servy/servidor_minecraft/config/twilightforest-common.toml
[07Jan2026 20:58:50.588] [main/DEBUG] [net.minecraftforge.fml.config.ConfigFileTypeHandler/CONFIG]: Loaded TOML config file /workspaces/Servy/servidor_minecraft/config/twilightforest-common.toml
[07Jan2026 20:58:50.588] [main/DEBUG] [net.minecraftforge.fml.config.ConfigFileTypeHandler/CONFIG]: Watching TOML config file /workspaces/Servy/servidor_minecraft/config/twilightforest-common.toml for changes
[07Jan2026 20:58:50.589] [main/DEBUG] [net.minecraftforge.fml.config.ConfigFileTypeHandler/CONFIG]: Built TOML config for /workspaces/Servy/servidor_minecraft/config/tconstruct-common.toml
[07Jan2026 20:58:50.590] [main/DEBUG] [net.minecraftforge.fml.config.ConfigFileTypeHandler/CONFIG]: Loaded TOML config file /workspaces/Servy/servidor_minecraft/config/tconstruct-common.toml
[07Jan2026 20:58:50.590] [main/DEBUG] [net.minecraftforge.fml.config.ConfigFileTypeHandler/CONFIG]: Watching TOML config file /workspaces/Servy/servidor_minecraft/config/tconstruct-common.toml for changes
[07Jan2026 20:58:50.591] [main/DEBUG] [net.minecraftforge.fml.config.ConfigFileTypeHandler/CONFIG]: Built TOML config for /workspaces/Servy/servidor_minecraft/config/borninconfiguration-general.toml
[07Jan2026 20:58:50.593] [main/DEBUG] [net.minecraftforge.fml.config.ConfigFileTypeHandler/CONFIG]: Loaded TOML config file /workspaces/Servy/servidor_minecraft/config/borninconfiguration-general.toml
[07Jan2026 20:58:50.594] [main/DEBUG] [net.minecraftforge.fml.config.ConfigFileTypeHandler/CONFIG]: Watching TOML config file /workspaces/Servy/servidor_minecraft/config/borninconfiguration-general.toml for changes
[07Jan2026 20:58:50.598] [main/DEBUG] [net.minecraftforge.fml.config.ConfigFileTypeHandler/CONFIG]: Built TOML config for /workspaces/Servy/servidor_minecraft/config/curios-common.toml
[07Jan2026 20:58:50.598] [main/DEBUG] [net.minecraftforge.fml.config.ConfigFileTypeHandler/CONFIG]: Loaded TOML config file /workspaces/Servy/servidor_minecraft/config/curios-common.toml
[07Jan2026 20:58:50.598] [main/DEBUG] [net.minecraftforge.fml.config.ConfigFileTypeHandler/CONFIG]: Watching TOML config file /workspaces/Servy/servidor_minecraft/config/curios-common.toml for changes
[07Jan2026 20:58:50.598] [main/DEBUG] [net.minecraftforge.fml.config.ConfigFileTypeHandler/CONFIG]: Built TOML config for /workspaces/Servy/servidor_minecraft/config/tombstone-common.toml
[07Jan2026 20:58:50.599] [main/DEBUG] [net.minecraftforge.fml.config.ConfigFileTypeHandler/CONFIG]: Loaded TOML config file /workspaces/Servy/servidor_minecraft/config/tombstone-common.toml
[07Jan2026 20:58:50.599] [main/DEBUG] [net.minecraftforge.fml.config.ConfigFileTypeHandler/CONFIG]: Watching TOML config file /workspaces/Servy/servidor_minecraft/config/tombstone-common.toml for changes
[07Jan2026 20:58:50.600] [main/DEBUG] [net.minecraftforge.fml.config.ConfigFileTypeHandler/CONFIG]: Built TOML config for /workspaces/Servy/servidor_minecraft/config/fossil-common.toml
[07Jan2026 20:58:50.600] [main/DEBUG] [net.minecraftforge.fml.config.ConfigFileTypeHandler/CONFIG]: Loaded TOML config file /workspaces/Servy/servidor_minecraft/config/fossil-common.toml
[07Jan2026 20:58:50.600] [main/DEBUG] [net.minecraftforge.fml.config.ConfigFileTypeHandler/CONFIG]: Watching TOML config file /workspaces/Servy/servidor_minecraft/config/fossil-common.toml for changes
[07Jan2026 20:58:50.752] [modloading-worker-0/INFO] [com.becks.uniquedungeons.UniqueDungeons/]: HELLO FROM COMMON SETUP
[07Jan2026 20:58:50.753] [modloading-worker-0/INFO] [com.becks.uniquedungeons.UniqueDungeons/]: DIRT BLOCK >> minecraft:dirt
[07Jan2026 20:58:50.780] [Forge Version Check/INFO] [net.minecraftforge.fml.VersionChecker/]: [reap] Starting version check at https://maxhenkel.de/update/reap.json
[07Jan2026 20:58:50.789] [modloading-worker-0/DEBUG] [ModernFix/]: Cleared 6337 object holder stacktrace references
[07Jan2026 20:58:50.829] [modloading-worker-0/DEBUG] [mixin/]: Mixing MixinSlotAttribute from curios.mixins.json into top.theillusivec4.curios.api.SlotAttribute
[07Jan2026 20:58:50.832] [modloading-worker-0/DEBUG] [mixin/]: Mixing MixinCuriosApi from curios.mixins.json into top.theillusivec4.curios.api.CuriosApi
[07Jan2026 20:58:51.188] [main/DEBUG] [net.minecraftforge.fml.DeferredWorkQueue/LOADING]: Dispatching synchronous work for work queue COMMON_SETUP: 41 jobs
[07Jan2026 20:58:51.246] [main/INFO] [com.tiviacz.travelersbackpack.TravelersBackpack/]: Registered the FluidEffect with Unique ID of minecraft:water for Water (Fluid Amount Required: 1000) with the ID 0
[07Jan2026 20:58:51.246] [main/INFO] [com.tiviacz.travelersbackpack.TravelersBackpack/]: Registered the FluidEffect with Unique ID of minecraft:lava for Lava (Fluid Amount Required: 1000) with the ID 1
[07Jan2026 20:58:51.247] [main/INFO] [com.tiviacz.travelersbackpack.TravelersBackpack/]: Registered the FluidEffect with Unique ID of travelersbackpack:potion for Uncraftable Potion (Fluid Amount Required: 250) with the ID 2
[07Jan2026 20:58:51.247] [main/INFO] [com.tiviacz.travelersbackpack.TravelersBackpack/]: Registered the FluidEffect with Unique ID of minecraft:milk for Milk (Fluid Amount Required: 1000) with the ID 3
[07Jan2026 20:58:51.295] [main/INFO] [terrablender/]: Registered region minecraft:overworld to index 0 for type OVERWORLD
[07Jan2026 20:58:51.295] [main/INFO] [terrablender/]: Registered region minecraft:nether to index 0 for type NETHER
[07Jan2026 20:58:51.295] [main/INFO] [terrablender/]: Registered region fossil:overworld to index 1 for type OVERWORLD
[07Jan2026 20:58:51.302] [main/DEBUG] [net.minecraftforge.fml.DeferredWorkQueue/LOADING]: Synchronous work queue completed in 114.1 ms
[07Jan2026 20:58:51.378] [modloading-worker-0/INFO] [xaero.map.server.WorldMapServer/]: Loading Xaero's World Map - Stage 1/2 (Server)
[07Jan2026 20:58:51.380] [modloading-worker-0/INFO] [xaero.minimap.XaeroMinimap/]: Loading Xaero's Minimap - Stage 1/2 (Server)
[07Jan2026 20:58:51.404] [main/DEBUG] [net.minecraftforge.fml.DeferredWorkQueue/LOADING]: Dispatching synchronous work for work queue SIDED_SETUP: 2 jobs
[07Jan2026 20:58:51.404] [main/INFO] [xaero.map.server.WorldMapServer/]: Loading Xaero's World Map - Stage 2/2 (Server)
[07Jan2026 20:58:51.404] [main/INFO] [xaero.minimap.XaeroMinimap/]: Loading Xaero's Minimap - Stage 2/2 (Server)
[07Jan2026 20:58:51.404] [main/DEBUG] [net.minecraftforge.fml.DeferredWorkQueue/LOADING]: Synchronous work queue completed in 354.7 μs
[07Jan2026 20:58:51.712] [modloading-worker-0/DEBUG] [mixin/]: Mixing perf.potential_spawns_alloc.PotentialSpawnsMixin from modernfix-forge.mixins.json into net.minecraftforge.event.level.LevelEvent$PotentialSpawns
[07Jan2026 20:58:51.728] [modloading-worker-0/INFO] [Jade/]: Start loading plugin at ht.treechop.compat.Jade
[07Jan2026 20:58:51.734] [modloading-worker-0/INFO] [Jade/]: Start loading plugin at net.blay09.mods.waystones.compat.JadeIntegration
[07Jan2026 20:58:51.734] [modloading-worker-0/INFO] [Jade/]: Start loading plugin at net.blay09.mods.balm.forge.compat.hudinfo.ForgeJadeModCompat
[07Jan2026 20:58:51.735] [modloading-worker-0/INFO] [Jade/]: Start loading plugin at twilightforest.compat.jade.JadeCompat
[07Jan2026 20:58:51.735] [modloading-worker-0/INFO] [Jade/]: Start loading plugin at snownee.jade.addon.vanilla.VanillaPlugin
[07Jan2026 20:58:51.745] [modloading-worker-0/INFO] [Jade/]: Start loading plugin at snownee.jade.addon.universal.UniversalPlugin
[07Jan2026 20:58:51.749] [modloading-worker-0/INFO] [Jade/]: Start loading plugin at snownee.jade.addon.core.CorePlugin
[07Jan2026 20:58:51.750] [modloading-worker-0/INFO] [Jade/]: Start loading plugin at net.geforcemods.securitycraft.compat.hudmods.JadeDataProvider
[07Jan2026 20:58:51.751] [modloading-worker-0/INFO] [Jade/]: Start loading plugin at ovh.corail.tombstone.compatibility.IntegrationJade
[07Jan2026 20:58:51.752] [modloading-worker-0/INFO] [Jade/]: Start loading plugin at com.github.teamfossilsarcheology.fossil.forge.compat.jade.FossilJadePluginForge
[07Jan2026 20:58:51.784] [main/DEBUG] [net.minecraftforge.fml.DeferredWorkQueue/LOADING]: Dispatching synchronous work for work queue COMPLETE: 1 jobs
[07Jan2026 20:58:51.784] [main/INFO] [citadel/]: adding citadel surface rules via terrablender...
[07Jan2026 20:58:51.786] [main/INFO] [citadel/]: Added 0 vanilla biome surface rule types via terrablender
[07Jan2026 20:58:51.786] [main/INFO] [citadel/]: Added 0 modded biome surface rule types via terrablender
[07Jan2026 20:58:51.787] [main/DEBUG] [net.minecraftforge.fml.DeferredWorkQueue/LOADING]: Synchronous work queue completed in 2.437 ms
[07Jan2026 20:58:51.906] [Forge Version Check/DEBUG] [net.minecraftforge.fml.VersionChecker/]: [reap] Received version check data:
{"1.18":{"1.18-1.0.1":"Fixed loader version requirement"},"1.19":{"1.19-1.0.1":"Updated Forge version"},"promos":{"1.14.4-recommended":"1.10.2","1.14.3-recommended":"1.9.0","1.19.3-recommended":"1.19.3-1.0.0","1.19.1-recommended":"1.19.1-1.0.0","1.19.4-recommended":"1.19.4-1.0.0","1.19.2-recommended":"1.19.2-1.0.0","1.10.2-latest":"1.3.5","1.14.2-recommended":"1.8.2","1.14.3-latest":"1.9.0","1.10.2-recommended":"1.3.5","1.20.1-latest":"1.20.1-1.1.2","1.16.4-latest":"1.16.4-1.0.3","1.11.2-recommended":"1.4.2","1.19.3-latest":"1.19.3-1.0.0","1.16.2-latest":"1.16.2-1.0.1","1.15.2-recommended":"1.12.4","1.19.1-latest":"1.19.1-1.0.0","1.15.1-recommended":"1.11.1","1.11.2-latest":"1.4.2","1.18.1-latest":"1.18.1-1.0.1","1.15.1-latest":"1.11.1","1.18.2-latest":"1.18.2-1.0.0","1.12.2-latest":"1.5.3","1.12.2-recommended":"1.5.2","1.19-latest":"1.19-1.0.1","1.17.1-recommended":"1.17.1-1.0.0","1.16.1-recommended":"1.16.1-1.0.2","1.16.2-recommended":"1.16.2-1.0.1","1.18-latest":"1.18-1.0.1","1.16.5-recommended":"1.16.5-1.0.0","1.16.4-recommended":"1.16.4-1.0.3","1.20.1-recommended":"1.20.1-1.0.2","1.16.3-recommended":"1.16.3-1.0.2","1.15.2-latest":"1.12.5","1.20.2-recommended":"1.20.2-1.0.2","1.14.4-latest":"1.10.2","1.13.2-recommended":"1.7.0","1.18.2-recommended":"1.18.2-1.0.0","1.17.1-latest":"1.17.1-1.0.0","1.13.2-latest":"1.7.0","1.18.1-recommended":"1.18.1-1.0.0","1.16.3-latest":"1.16.3-1.0.2","1.20.2-latest":"1.20.2-1.0.2","1.19.2-latest":"1.19.2-1.1.2","1.19.4-latest":"1.19.4-1.0.0","1.16.5-latest":"1.16.5-1.0.1","1.19-recommended":"1.19-1.0.1","1.16.1-latest":"1.16.1-1.0.3","1.18-recommended":"1.18-1.0.1","1.14.2-latest":"1.8.2"},"1.20.2":{"1.20.2-1.0.2":""},"1.20.1":{"1.20.1-1.1.2":"Added mod icon\nFixed too many seeds dropped","1.20.1-1.0.2":""},"1.16.4":{"1.16.4-1.0.3":"Fixed missing blocks not working in config"},"1.18.2":{"1.18.2-1.0.0":"Updated to 1.18.2"},"1.19.1":{"1.19.1-1.0.0":"Updated to 1.19.1"},"1.16.5":{"1.16.5-1.0.0":"Updated to 1.16.5","1.16.5-1.0.1":"Updated to official mappings"},"1.19.2":{"1.19.2-1.1.2":"Added mod icon\nFixed too many seeds dropped","1.19.2-1.0.0":"Updated to 1.19.2"},"1.19.3":{"1.19.3-1.0.0":"Updated to 1.19.3"},"1.19.4":{"1.19.4-1.0.0":"Updated to 1.19.4"},"1.14.2":{"1.8.2":"Fixed a crash on startup"},"1.15.1":{"1.11.1":"Fixed tree harvesting crouch issue"},"1.14.3":{"1.9.0":"Updated to 1.14.3"},"1.15.2":{"1.12.4":"Fixed tree tools not working","1.12.5":"Added dynamic tree breaking speed"},"1.16.1":{"1.16.1-1.0.3":"Internal changes","1.16.1-1.0.2":"Reorganized config\nAdded configurable breaking speed"},"1.14.4":{"1.10.2":"Added missing ground types to config"},"1.16.2":{"1.16.2-1.0.1":"Updated pack format"},"1.17.1":{"1.17.1-1.0.0":"Updated to 1.17.1"},"1.16.3":{"1.16.3-1.0.2":"Updated mods.toml"},"1.18.1":{"1.18.1-1.0.0":"Updated to 1.18.1","1.18.1-1.0.1":"Added Config option to specify the maximum amount of logs to get harvested in one go"},"1.10.2":{"1.3.5":"Fixed config error"},"1.11.2":{"1.4.2":"Fixed config error"},"1.12.2":{"1.5.2":"Fixed tree harvest config issue","1.5.3":"Fixed log axis harvesting issue"},"1.13.2":{"1.7.0":"Updated to 1.13.2"},"homepage":"https://www.curseforge.com/minecraft/mc-mods/reap-mod"}
[07Jan2026 20:58:51.907] [Forge Version Check/INFO] [net.minecraftforge.fml.VersionChecker/]: [reap] Found status: UP_TO_DATE Current: 1.20.1-1.0.2 Target: null
[07Jan2026 20:58:51.908] [Forge Version Check/INFO] [net.minecraftforge.fml.VersionChecker/]: [clumps] Starting version check at https://updates.blamejared.com/get?n=clumps&gv=1.20.1
[07Jan2026 20:58:52.250] [Forge Version Check/DEBUG] [net.minecraftforge.fml.VersionChecker/]: [clumps] Received version check data:
{"homepage":"https://www.curseforge.com/minecraft/mc-mods/clumps","promos":{"1.20.1-latest":"12.0.0.4"}}
[07Jan2026 20:58:52.251] [Forge Version Check/INFO] [net.minecraftforge.fml.VersionChecker/]: [clumps] Found status: BETA Current: 12.0.0.4 Target: 12.0.0.4
[07Jan2026 20:58:52.252] [Forge Version Check/INFO] [net.minecraftforge.fml.VersionChecker/]: [travelersbackpack] Starting version check at https://gist.githubusercontent.com/Tiviacz1337/906937677aa472285dff9d6c2a189d5e/raw
[07Jan2026 20:58:52.293] [Forge Version Check/DEBUG] [net.minecraftforge.fml.VersionChecker/]: [travelersbackpack] Received version check data:
{ 
        "homepage": "https://www.curseforge.com/minecraft/mc-mods/travelers-backpack", 
        "promos": {
		"1.20.4-recommended": "9.4.2",
		"1.20.4-latest": "9.4.2",
		"1.20.2-recommended": "9.2.4",
		"1.20.2-latest": "9.2.4",
		"1.20.1-recommended": "9.1.16",
		"1.20.1-latest": "9.1.16",
		"1.20-recommended": "9.0.2",
		"1.20-latest": "9.0.2",
		"1.19.4-recommended": "8.4.20",
		"1.19.4-latest": "8.4.20",
		"1.19.3-recommended": "8.3.9",
		"1.19.3-latest": "8.3.9",
		"1.19.2-recommended": "8.2.40",
		"1.19.2-latest": "8.2.40",
		"1.19.1-recommended": "8.1.1",
		"1.19.1-latest": "8.1.1",
		"1.19-recommended": "8.0.8",
		"1.19-latest": "8.0.8",
		"1.18.2-recommended": "7.1.48",
		"1.18.2-latest": "7.1.48",
		"1.18.1-recommended": "7.0.4",
		"1.18.1-latest": "7.0.5",
		"1.17.1-recommended": "6.0.52",
		"1.17.1-latest": "6.0.52",
		"1.16.5-recommended": "5.4.51",
		"1.16.5-latest": "5.4.51",
		"1.16.4-recommended": "5.3.8",
		"1.16.4-latest": "5.3.8",
		"1.16.3-recommended": "5.2.1",
		"1.16.3-latest": "5.2.1",
		"1.16.2-recommended": "5.1.1",
		"1.16.2-latest": "5.1.1",
		"1.16.1-recommended": "5.0.1",
		"1.16.1-latest": "5.0.1",
		"1.15.2-recommended": "4.0.8",
		"1.15.2-latest": "4.0.8",
		"1.14.4-recommended": "3.0.8",
		"1.14.4-latest": "3.0.8",
                "1.12.2-recommended": "1.0.34",
		"1.12.2-latest": "1.0.34"
        }, 
        "1.12.2": {
			"0.0.3a": "Added sleeping bag",
			"0.0.4a": "Added ability to wear backpack on player's back!",
			"0.0.5a": "Implemented swapping between tools!",
			"0.0.6a": "Added missing recipe for sleeping bag",
			"0.0.7a": "Fixes for server",
			"0.0.8a": "Added backpack renderer on player's back!",
			"0.0.9a": "Added tools render on backpack",
			"0.1.0a": "Fixed tile entity data loading",
			"0.1.1a": "Added hose, bug fixes",
			"0.1.2a": "Fixed server crash",
			"0.1.3a": "Added more backpack types!",
			"0.1.4a": "Added fluid render to block and wearable model",
			"0.1.5a": "Fixed some bugs and added more custom backpacks",
			"0.1.6a": "Added potions as fluids!",
			"0.1.7a": "Fixed rendering-thing on server",
			"0.1.8a": "Fixed some minor issues",
			"1.0.19.19": "First beta release",
			"1.0.20.20": "Mainly bug fixes",
			"1.0.21.21": "Bug fixes",
			"1.0.22.22": "Added backpack abilities",
			"1.0.23.23": "Bug fixes",
			"1.0.24.24": "Bug fixes",
			"1.0.25.25": "Bug fixes",
			"1.0.26.26": "Fixed NPE",
			"1.0.27": "Capability code clean-up, bug fix",
			"1.0.28": "Mod ID change, see note in 1.0.28 on the site",
			"1.0.29": "Mod ID change, see note in 1.0.29 on the site",
			"1.0.30": "Bug fixes, standard backpack texture improvements",
			"1.0.31": "Fixed bug that causes buckets to dissapear",
			"1.0.32": "Added in-game warning about modid change and method to keep backpacks after updating to newer version",
			"1.0.33": "Fixed backpack dissapear in explosions",
			"1.0.34": "Mainly bug fixes",
			"1.0.35": "Misc bug fixes"
        },
	"1.14.4":  { 
			"3.0.7": "Initial port",
			"3.0.8": "Compatibility for modded tools"
	},
	"1.15.2":  {
      			"4.0.0": "Initial port",
			"4.0.1": "FPS bug fix",
			"4.0.2": "Fixed unwanted backpack placement after death",
			"4.0.3": "Fixed NPE while using sleeping bag",
			"4.0.4": "Fixed crash, updated few textures",
			"4.0.5": "Bug fixes",
			"4.0.6": "Fixed backpack dissapear in explosions",
			"4.0.7": "Keybind for tool cycle",
			"4.0.8": "Compatibility for modded tools"
	},
	"1.16.1":  { 
			"5.0.0": "Initial port",
			"5.0.1": "Fixed backpack not saving contents, compatibility for modded tools"
	},
	"1.16.2":  { 
			"5.1.0": "Initial port",
			"5.1.1": "Fixed server crashes, backpack not saving contents, compatibility for modded tools"
	},
	"1.16.3":  { 
			"5.2.1": "Initial port"
	},
	"1.16.4":  { 
			"5.3.1": "Initial port",
			"5.3.2": "Bug fixes, game-breaking change",
			"5.3.3": "A lot of bug fixes",
			"5.3.4": "Dupe bug fix",
			"5.3.5": "Curios integration",
			"5.3.6": "Crafting grid dupe bug fix",
			"5.3.7": "Crash fix, curiosIntegration option migration",
			"5.3.8": "Fixed item saving bug"
	},
	"1.16.5":  { 
			"5.3.8": "Fixed item saving bug",
			"5.4.0": "Few new custom backpacks",
			"5.4.1": "Fixed villager trades",
			"5.4.2": "Fixed crash with turkish language and small tweaks",
			"5.4.3": "Fixed dupe bug",
			"5.4.4": "JEI dupe bug fix and more",
			"5.4.5": "Dyeable backpacks update! :>",
			"5.4.6": "More backpacks and bug fixes",
			"5.4.7": "Exploit and bug fixes",
			"5.4.8": "Fixed spawn point setting",
			"5.4.9": "20 new backpacks",
			"5.4.10": "Added backpack abilties",
			"5.4.11": "Code cleanup",
			"5.4.12": "Fixed crash",
			"5.4.13": "Added sorting buttons",
			"5.4.14": "Fixed LAN crash",
			"5.4.15": "Fixed few bugs",
			"5.4.16": "Fixed crash",
			"5.4.17": "Fixed bugs",
			"5.4.18": "Fixed crash",
			"5.4.19": "Fixed curio dupe bug",
			"5.4.20": "Added 9 new abilities",
			"5.4.21": "Added too many backpacks slowness effect",
			"5.4.22": "Fixed abilities",
			"5.4.23": "Added colorable sleeping bags",
			"5.4.24": "Bug fixes",
			"5.4.25": "Added slot memory",
			"5.4.26": "Added dedicated settings menu",
			"5.4.28": "Added milk and milk effect",
			"5.4.29": "Mobs can spawn with backpack equipped",
			"5.4.31": "Added /restore command",
			"5.4.32": "Added void protection config option",
			"5.4.33": "Fixed bad coded coordinates",
			"5.4.35": "Tweaked config and commands",
			"5.4.36": "Added backpack tiers",
			"5.4.37": "Changed tier upgrades recipes",
			"5.4.38": "Added enableTierUpgrades config option",
			"5.4.39": "Added Crafting widget",
			"5.4.40": "Fixed dupe bug",
			"5.4.41": "Backpack can be placed in fluids after death",
			"5.4.42": "Added compat with gravestone mods",
			"5.4.43": "Tweaked some recipes",
			"5.4.44": "Misc",
			"5.4.45": "Misc",
			"5.4.46": "Misc",
			"5.4.47": "Added tool slots widget",
			"5.4.48": "Fixed few bugs",
			"5.4.49": "Shift + Right Click with Empty Hand allows to place backpack on the ground",
			"5.4.50": "Sleeping bag can be used without backpack",
			"5.4.51": "Added loot to chests and fixed bugs"
	},
	"1.17.1":  { 
			"6.0.0": "Initial Release",
			"6.0.1": "Fixed datapack issue",
			"6.0.2": "Fixed crash with newest Forge",
			"6.0.3": "Fixed backpack disappearing on death",
			"6.0.4": "JEI integration and more",
			"6.0.5": "Dyeable backpacks update! :>",
			"6.0.6": "More backpacks and bug fixes",
			"6.0.7": "Fixed significant FPS drop",
			"6.0.8": "Fixed dupe bug",
			"6.0.9": "Fixed spawn point setting",
			"6.0.10": "20 new backpacks",
			"6.0.11": "Added backpack abilties",
			"6.0.12": "Code cleanup",
			"6.0.13": "Fixed crash",
			"6.0.14": "Added sorting buttons",
			"6.0.15": "Fixed LAN crash",
			"6.0.16": "Fixed few bugs",
			"6.0.17": "Fixed crash",
			"6.0.18": "Fixed bugs",
			"6.0.19": "Fixed crash",
			"6.0.20": "Fixed curio dupe bug",
			"6.0.21": "Added 9 new abilities",
			"6.0.22": "Added too many backpacks slowness effect",
			"6.0.23": "Fixed abilities",
			"6.0.24": "Added colorable sleeping bags",
			"6.0.25": "Bug fixes",
			"6.0.26": "Added slot memory",
			"6.0.27": "Added dedicated settings menu",
			"6.0.29": "Added milk and milk effect",
			"6.0.30": "Mobs can spawn with backpack equipped",
			"6.0.32": "Added /restore command",
			"6.0.33": "Added void protection config option",
			"6.0.34": "Fixed bad coded coordinates",
			"6.0.36": "Tweaked config and commands",
			"6.0.37": "Added backpack Tiers",
			"6.0.38": "Changed tier upgrades recipes",
			"6.0.39": "Added enableTierUpgrades config option",
			"6.0.40": "Added Crafting widget",
			"6.0.41": "Fixed dupe bug",
			"6.0.42": "Backpack can be placed in fluids after death",
			"6.0.43": "Added compat with gravestone mods",
			"6.0.44": "Added inventory tooltip in preview",
			"6.0.45": "Misc",
			"6.0.46": "Misc",
			"6.0.47": "Misc",
			"6.0.48": "Added tool slots widget",
			"6.0.49": "Fixed few bugs",
			"6.0.50": "Shift + Right Click with Empty Hand allows to place backpack on the ground",
			"6.0.51": "Sleeping bag can be used without backpack",
			"6.0.52": "Added loot to chests and fixed bugs"
	},
	"1.18.1":  { 
			"7.0.0": "Initial Release",
			"7.0.1": "Backpack lose items bug fix",
			"7.0.2": "New backpacks",
			"7.0.3": "Fixed dupe bug",
			"7.0.4": "Fixed spawn point setting"
	},
	"1.18.2":  { 
			"7.1.0": "Initial Release",
			"7.1.1": "Fixed spawn point setting",
			"7.1.2": "20 new backpacks",
			"7.1.3": "Added backpack abilties",
			"7.1.4": "Code cleanup",
			"7.1.5": "Fixed bug with duplicating buckets",
			"7.1.6": "Fixed crash",
			"7.1.7": "Added sorting buttons",
			"7.1.8": "Fixed LAN crash",
			"7.1.9": "Fixed few bugs",
			"7.1.10": "Fixed crash",
			"7.1.11": "Fixed bugs",
			"7.1.12": "Fixed crash",
			"7.1.13": "Fixed curio dupe bug",
			"7.1.14": "Added 9 new abilities",
			"7.1.15": "Added too many backpacks slowness effect",
			"7.1.16": "Fixed abilities",
			"7.1.17": "Added colorable sleeping bags",
			"7.1.18": "Bug fixes",
			"7.1.20": "Added slot memory",
			"7.1.21": "Added dedicated settings menu",
			"7.1.23": "Added milk and milk effect",
			"7.1.24": "Mobs can spawn with backpack equipped",
			"7.1.26": "Added /restore command",
			"7.1.27": "Added void protection config option",
			"7.1.28": "Fixed bad coded coordinates",
			"7.1.30": "Tweaked config and commands",
			"7.1.31": "Added backpack Tiers",
			"7.1.32": "Changed tier upgrades recipes",
			"7.1.33": "Added enableTierUpgrades config option",
			"7.1.34": "Added Crafting widget",
			"7.1.35": "Fixed dupe bug",
			"7.1.36": "Backpack can be placed in fluids after death",
			"7.1.37": "Added compat with gravestone mods",
			"7.1.38": "Added inventory preview in tooltip",
			"7.1.39": "Misc",
			"7.1.40": "Misc",
			"7.1.41": "Misc",
			"7.1.42": "Added tool slots widget",
			"7.1.43": "Fixed few bugs",
			"7.1.44": "Shift + Right Click with Empty Hand allows to place backpack on the ground",
			"7.1.45": "Sleeping bag can be used without backpack",
			"7.1.46": "Added loot to chests and fixed bugs",
			"7.1.47": "Configuration for backpack slots",
			"7.1.48": "Added recipes to recipe book"
			
	},
	"1.19":  { 
			"8.0.0": "Initial Release",
			"8.0.1": "Fixed crashes",
			"8.0.2": "20 new backpacks",
			"8.0.3": "Added backpack abilties",
			"8.0.4": "Updated Forge",
			"8.0.5": "Fixed few bugs",
			"8.0.6": "Code cleanup",
			"8.0.7": "Fixed crash",
			"8.0.8": "Added sorting buttons"
	},
	"1.19.1":  { 
			"8.1.0": "Initial Release",
			"8.1.1": "Fixed LAN crash"
	},
	"1.19.2":  { 
			"8.2.0": "Initial Release",
			"8.2.1": "Fixed few bugs",
			"8.2.2": "Fixed crash",
			"8.2.3": "Fixed bugs",
			"8.2.4": "Fixed crash",
			"8.2.5": "Fixed curio dupe bug",
			"8.2.6": "Added 9 new abilities",
			"8.2.7": "Added too many backpacks slowness effect",
			"8.2.8": "Fixed abilities",
			"8.2.9": "Added colorable sleeping bags",
			"8.2.10": "Bug fixes",
			"8.2.11": "Added slot memory",
			"8.2.12": "Added dedicated settings menu",
			"8.2.14": "Added milk and milk effect",
			"8.2.15": "Mobs can spawn with backpack equipped",
			"8.2.17": "Added /restore command",
			"8.2.18": "Added void protection config option",
			"8.2.19": "Fixed bad coded coordinates",
			"8.2.21": "Tweaked config and commands",
			"8.2.22": "Added backpack tiers",
			"8.2.23": "Changed tier upgrades recipes",
			"8.2.24": "Missing texture hotfix",
			"8.2.25": "Added enableTierUpgrades config option",
			"8.2.26": "Added Crafting widget",
			"8.2.27": "Fixed dupe bug",
			"8.2.28": "Backpack can be placed in fluids after death",
			"8.2.29": "Added compat with gravestone mods",
			"8.2.30": "Added inventory preview in tooltip",
			"8.2.31": "Misc",
			"8.2.32": "Misc",
			"8.2.33": "Misc",
			"8.2.34": "Added tool slots widget",
			"8.2.35": "Fixed few bugs",
			"8.2.36": "Shift + Right Click with Empty Hand allows to place backpack on the ground",
			"8.2.37": "Sleeping bag can be used without backpack",
			"8.2.38": "Added loot to chests and fixed bugs",
			"8.2.39": "Configuration for backpack slots",
			"8.2.40": "Added recipes to recipe book"
	},
	"1.19.3":  { 
			"8.3.0": "Initial Release",
			"8.3.2": "Added milk and milk effect",
			"8.3.3": "Mobs can spawn with backpack equipped",
			"8.3.5": "Added /restore command",
			"8.2.6": "Added void protection config option",
			"8.2.7": "Fixed bad coded coordinates",
			"8.2.9": "Tweaked config and commands"
	},
	"1.19.4":  { 
			"8.4.2": "Tweaked config and commands",
			"8.4.3": "Added backpack tiers",
			"8.4.4": "Changed tier upgrades recipes",
			"8.4.5": "Added enableTierUpgrades config option",
			"8.4.6": "Added support for new smithing table",
			"8.4.7": "Added support for new smithing table",
			"8.4.8": "Added Crafting widget",
			"8.4.9": "Fixed dupe bug",
			"8.4.10": "Backpack can be placed in fluids after death",
			"8.4.11": "Added compat with gravestone mods",
			"8.4.12": "Added inventory preview in tooltip",
			"8.4.13": "Misc",
			"8.4.14": "Misc",
			"8.4.15": "Misc",
			"8.4.16": "Added tool slots widget",
			"8.4.17": "Fixed few bugs",
			"8.4.18": "Shift + Right Click with Empty Hand allows to place backpack on the ground",
			"8.4.19": "Sleeping bag can be used without backpack",
			"8.4.20": "Added loot to chests and fixed bugs"
	},
	"1.20":  { 
			"9.0.0": "Initial update",
			"9.0.1": "Fixed disappearing backpack on contact with water",
			"9.0.2": "Fixed smithing bug and restored Curios compat"
	},
	"1.20.1":  { 
			"9.1.0": "Initial update",
			"9.1.1": "Initial update",
			"9.1.2": "Fixed dupe bug",
			"9.1.3": "Added compat with gravestone mods",
			"9.1.4": "Added inventory preview in tooltip",
			"9.1.5": "Misc",
			"9.1.6": "Misc",
			"9.1.7": "Misc",
			"9.1.8": "Added tool slots widget",
			"9.1.9": "Fixed few bugs",
			"9.1.10": "Shift + Right Click with Empty Hand allows to place backpack on the ground",
			"9.1.11": "Sleeping bag can be used without backpack",
			"9.1.12": "Configuration for backpack slots",
			"9.1.13": "Added loot to chests and fixed bugs",
			"9.1.14": "Added recipes to recipe book",
			"9.1.15": "Improvements",
			"9.1.16": "Stopped excessive drops of backpack from mob farms, added visibility button, fixed some bugs"
	},
	"1.20.2":  { 
			"9.2.0": "Initial update",
			"9.2.1": "Fixed few bugs",
			"9.2.2": "Shift + Right Click with Empty Hand allows to place backpack on the ground",
			"9.2.3": "Sleeping bag can be used without backpack",
			"9.2.4": "Added loot to chests and fixed bugs"
	},
	"1.20.4":  { 
			"9.4.0": "Initial update",
			"9.4.1": "Configuration for backpack slots",
			"9.4.2": "Added recipes to recipe book"
	}
}
[07Jan2026 20:58:52.294] [Forge Version Check/INFO] [net.minecraftforge.fml.VersionChecker/]: [travelersbackpack] Found status: AHEAD Current: 9.1.46 Target: null
[07Jan2026 20:58:52.294] [Forge Version Check/INFO] [net.minecraftforge.fml.VersionChecker/]: [pickupnotifier] Starting version check at https://raw.githubusercontent.com/Fuzss/modresources/main/update/pickupnotifier.json
[07Jan2026 20:58:52.323] [Forge Version Check/DEBUG] [net.minecraftforge.fml.VersionChecker/]: [pickupnotifier] Received version check data:
{
    "homepage": "https://www.curseforge.com/minecraft/mc-mods/pick-up-notifier",
    "promos": {
        "1.17.1-latest": "2.1.0",
        "1.17.1-recommended": "2.1.0",
        "1.18-latest": "3.1.0",
        "1.18-recommended": "3.1.0",
        "1.18.1-latest": "3.1.0",
        "1.18.1-recommended": "3.1.0",
        "1.18.2-latest": "3.2.1",
        "1.18.2-recommended": "3.2.1",
        "1.19-latest": "4.0.0",
        "1.19-recommended": "4.0.0",
        "1.19.1-latest": "4.2.3",
        "1.19.1-recommended": "4.2.3",
        "1.19.2-latest": "4.2.4",
        "1.19.2-recommended": "4.2.4",
        "1.19.3-latest": "5.0.1",
        "1.19.3-recommended": "5.0.1",
        "1.19.4-latest": "6.0.0",
        "1.19.4-recommended": "6.0.0",
        "1.20-latest": "7.0.0",
        "1.20-recommended": "7.0.0",
        "1.20.1-latest": "8.0.0",
        "1.20.1-recommended": "8.0.0",
        "1.20.4-latest": "20.4.2",
        "1.20.4-recommended": "20.4.2",
        "1.21-latest": "21.0.0",
        "1.21-recommended": "21.0.0",
        "1.21.1-latest": "21.1.1",
        "1.21.1-recommended": "21.1.1",
        "1.21.3-latest": "21.3.0",
        "1.21.3-recommended": "21.3.0",
        "1.21.4-latest": "21.4.0",
        "1.21.4-recommended": "21.4.0",
        "1.21.5-latest": "21.5.1",
        "1.21.5-recommended": "21.5.1",
        "1.21.7-latest": "21.7.0",
        "1.21.7-recommended": "21.7.0",
        "1.21.8-latest": "21.8.1",
        "1.21.8-recommended": "21.8.1",
        "1.21.9-latest": "21.9.0",
        "1.21.9-recommended": "21.9.0",
        "1.21.10-latest": "21.10.0",
        "1.21.10-recommended": "21.10.0"
    }
}
[07Jan2026 20:58:52.323] [Forge Version Check/INFO] [net.minecraftforge.fml.VersionChecker/]: [pickupnotifier] Found status: UP_TO_DATE Current: 8.0.0 Target: null
[07Jan2026 20:58:52.323] [Forge Version Check/INFO] [net.minecraftforge.fml.VersionChecker/]: [crafttweaker] Starting version check at https://updates.blamejared.com/get?n=crafttweaker&gv=1.20.1
[07Jan2026 20:58:52.423] [Forge Version Check/DEBUG] [net.minecraftforge.fml.VersionChecker/]: [crafttweaker] Received version check data:
{"homepage":"https://www.curseforge.com/minecraft/mc-mods/crafttweaker","promos":{"1.20.1-latest":"14.0.59"}}
[07Jan2026 20:58:52.423] [Forge Version Check/INFO] [net.minecraftforge.fml.VersionChecker/]: [crafttweaker] Found status: BETA Current: 14.0.59 Target: 14.0.59
[07Jan2026 20:58:52.423] [Forge Version Check/INFO] [net.minecraftforge.fml.VersionChecker/]: [puzzlesaccessapi] Starting version check at https://raw.githubusercontent.com/Fuzss/modresources/main/update/puzzlesaccessapi.json
[07Jan2026 20:58:52.433] [Forge Version Check/DEBUG] [net.minecraftforge.fml.VersionChecker/]: [puzzlesaccessapi] Received version check data:
{
    "homepage": "https://github.com/Fuzss/puzzlesaccessapi",
    "promos": {}
}
[07Jan2026 20:58:52.433] [Forge Version Check/INFO] [net.minecraftforge.fml.VersionChecker/]: [puzzlesaccessapi] Found status: BETA Current: 20.1.1 Target: null
[07Jan2026 20:58:52.433] [Forge Version Check/INFO] [net.minecraftforge.fml.VersionChecker/]: [forge] Starting version check at https://files.minecraftforge.net/net/minecraftforge/forge/promotions_slim.json
[07Jan2026 20:58:52.479] [main/DEBUG] [net.minecraftforge.coremod.transformer.CoreModBaseTransformer/COREMOD]: Transforming <init> with desc (JZZLjava/util/Optional;)V
[07Jan2026 20:58:52.483] [main/DEBUG] [net.minecraftforge.coremod.transformer.CoreModBaseTransformer/COREMOD]: Transforming m_226857_ with desc (Lnet/minecraft/world/level/levelgen/structure/pieces/StructurePieceSerializationContext;Lnet/minecraft/nbt/CompoundTag;J)Lnet/minecraft/world/level/levelgen/structure/StructureStart;
[07Jan2026 20:58:52.510] [main/INFO] [com.mojang.authlib.yggdrasil.YggdrasilAuthenticationService/]: Environment: authHost='https://authserver.mojang.com', accountsHost='https://api.mojang.com', sessionHost='https://sessionserver.mojang.com', servicesHost='https://api.minecraftservices.com', name='PROD'
[07Jan2026 20:58:52.533] [main/DEBUG] [mixin/]: Mixing bugfix.removed_dimensions.LevelStorageSourceMixin from modernfix-forge.mixins.json into net.minecraft.world.level.storage.LevelStorageSource
[07Jan2026 20:58:52.628] [Forge Version Check/DEBUG] [net.minecraftforge.fml.VersionChecker/]: [forge] Received version check data:
{
  "homepage": "https://files.minecraftforge.net/net/minecraftforge/forge/",
  "promos": {
    "1.1-latest": "1.3.4.29",
    "1.2.3-latest": "1.4.1.64",
    "1.2.4-latest": "2.0.0.68",
    "1.2.5-latest": "3.4.9.171",
    "1.3.2-latest": "4.3.5.318",
    "1.4.0-latest": "5.0.0.326",
    "1.4.1-latest": "6.0.0.329",
    "1.4.2-latest": "6.0.1.355",
    "1.4.3-latest": "6.2.1.358",
    "1.4.4-latest": "6.3.0.378",
    "1.4.5-latest": "6.4.2.448",
    "1.4.6-latest": "6.5.0.489",
    "1.4.7-latest": "6.6.2.534",
    "1.5-latest": "7.7.0.598",
    "1.5.1-latest": "7.7.2.682",
    "1.5.2-latest": "7.8.1.738",
    "1.5.2-recommended": "7.8.1.738",
    "1.6.1-latest": "8.9.0.775",
    "1.6.2-latest": "9.10.1.871",
    "1.6.2-recommended": "9.10.1.871",
    "1.6.3-latest": "9.11.0.878",
    "1.6.4-latest": "9.11.1.1345",
    "1.6.4-recommended": "9.11.1.1345",
    "1.7.2-latest": "10.12.2.1161",
    "1.7.2-recommended": "10.12.2.1161",
    "1.7.10-latest": "10.13.4.1614",
    "1.7.10-recommended": "10.13.4.1614",
    "1.8-latest": "11.14.4.1577",
    "1.8-recommended": "11.14.4.1563",
    "1.8.8-latest": "11.15.0.1655",
    "1.8.9-latest": "11.15.1.2318",
    "1.8.9-recommended": "11.15.1.2318",
    "1.9-latest": "12.16.1.1938",
    "1.9-recommended": "12.16.1.1887",
    "1.9.4-latest": "12.17.0.2317",
    "1.9.4-recommended": "12.17.0.2317",
    "1.10-latest": "12.18.0.2000",
    "1.10.2-latest": "12.18.3.2511",
    "1.10.2-recommended": "12.18.3.2511",
    "1.11-latest": "13.19.1.2199",
    "1.11-recommended": "13.19.1.2189",
    "1.11.2-latest": "13.20.1.2588",
    "1.11.2-recommended": "13.20.1.2588",
    "1.12-latest": "14.21.1.2443",
    "1.12-recommended": "14.21.1.2387",
    "1.12.1-latest": "14.22.1.2485",
    "1.12.1-recommended": "14.22.1.2478",
    "1.12.2-latest": "14.23.5.2864",
    "1.12.2-recommended": "14.23.5.2859",
    "1.13.2-latest": "25.0.223",
    "1.14.2-latest": "26.0.63",
    "1.14.3-latest": "27.0.60",
    "1.14.4-latest": "28.2.28",
    "1.14.4-recommended": "28.2.26",
    "1.15-latest": "29.0.4",
    "1.15.1-latest": "30.0.51",
    "1.15.2-latest": "31.2.60",
    "1.15.2-recommended": "31.2.57",
    "1.16.1-latest": "32.0.108",
    "1.16.2-latest": "33.0.61",
    "1.16.3-latest": "34.1.42",
    "1.16.3-recommended": "34.1.0",
    "1.16.4-latest": "35.1.37",
    "1.16.4-recommended": "35.1.4",
    "1.16.5-latest": "36.2.42",
    "1.16.5-recommended": "36.2.34",
    "1.17.1-latest": "37.1.1",
    "1.17.1-recommended": "37.1.1",
    "1.18-latest": "38.0.17",
    "1.18.1-latest": "39.1.2",
    "1.18.1-recommended": "39.1.0",
    "1.18.2-recommended": "40.3.0",
    "1.18.2-latest": "40.3.12",
    "1.19-latest": "41.1.0",
    "1.19-recommended": "41.1.0",
    "1.19.1-latest": "42.0.9",
    "1.19.2-recommended": "43.5.0",
    "1.19.2-latest": "43.5.2",
    "1.19.3-latest": "44.1.23",
    "1.19.3-recommended": "44.1.0",
    "1.19.4-recommended": "45.4.0",
    "1.19.4-latest": "45.4.3",
    "1.20-latest": "46.0.14",
    "1.20.1-recommended": "47.4.10",
    "1.20.1-latest": "47.4.13",
    "1.20.2-latest": "48.1.0",
    "1.20.2-recommended": "48.1.0",
    "1.20.3-latest": "49.0.2",
    "1.20.4-latest": "49.2.4",
    "1.20.4-recommended": "49.2.0",
    "1.20.6-latest": "50.2.4",
    "1.20.6-recommended": "50.2.0",
    "1.21-latest": "51.0.33",
    "1.21.1-latest": "52.1.8",
    "1.21.1-recommended": "52.1.0",
    "1.21.3-latest": "53.1.6",
    "1.21.3-recommended": "53.1.0",
    "1.21.4-latest": "54.1.11",
    "1.21.4-recommended": "54.1.0",
    "1.21.5-latest": "55.1.4",
    "1.21.5-recommended": "55.1.0",
    "1.21.6-latest": "56.0.9",
    "1.21.7-latest": "57.0.3",
    "1.21.8-latest": "58.1.11",
    "1.21.8-recommended": "58.1.0",
    "1.21.9-latest": "59.0.5",
    "1.21.10-latest": "60.1.5",
    "1.21.10-recommended": "60.1.0",
    "1.21.11-latest": "61.0.5"
  }
}
[07Jan2026 20:58:52.629] [Forge Version Check/INFO] [net.minecraftforge.fml.VersionChecker/]: [forge] Found status: OUTDATED Current: 47.3.7 Target: 47.4.10
[07Jan2026 20:58:52.629] [Forge Version Check/INFO] [net.minecraftforge.fml.VersionChecker/]: [twilightforest] Starting version check at https://gh.tamaized.com/TeamTwilight/twilightforest/update.json
[07Jan2026 20:58:52.727] [Forge Version Check/DEBUG] [net.minecraftforge.fml.VersionChecker/]: [twilightforest] Received version check data:
{
  "homepage": "https://minecraft.curseforge.com/projects/the-twilight-forest",
  "promos": {
	"1.20.2-latest": "4.4.1977",
	"1.20.2-recommended": "4.4.1977",
	"1.20.1-latest": "4.3.1893",
	"1.20.1-recommended": "4.3.1893",
	"1.19.4-latest": "4.2.1696",
	"1.19.4-recommended": "4.2.1696",
	"1.18.2-latest": "4.1.1494",
	"1.18.2-recommended": "4.1.1494",
	"1.17.1-latest": "4.0.943",
	"1.17.1-recommended": "4.0.943",
	"1.16.5-latest": "4.0.870",
	"1.16.5-recommended": "4.0.870",
	"1.12.2-latest": "3.11.1021",
	"1.12.2-recommended": "3.11.1021",
	"1.7.10-latest": "2.4.3",
	"1.7.10-recommended": "2.4.3"
  }
}
[07Jan2026 20:58:52.727] [Forge Version Check/INFO] [net.minecraftforge.fml.VersionChecker/]: [twilightforest] Found status: AHEAD Current: 4.3.2508 Target: null
[07Jan2026 20:58:52.727] [Forge Version Check/INFO] [net.minecraftforge.fml.VersionChecker/]: [securitycraft] Starting version check at https://www.github.com/Geforce132/SecurityCraft/raw/master/Updates/Forge.json
[07Jan2026 20:58:52.819] [Forge Version Check/DEBUG] [net.minecraftforge.fml.VersionChecker/]: [securitycraft] Received version check data:
{
    "homepage": "https://www.curseforge.com/minecraft/mc-mods/security-craft/",
    "promos": {
        "1.7.10-latest": "v1.8.13",
        "1.7.10-recommended": "v1.8.13",
        "1.8-latest": "v1.8.12.1",
        "1.8-recommended": "v1.8.12.1",
        "1.8.8-latest": "v1.8.12.1",
        "1.8.8-recommended": "v1.8.12.1",
        "1.8.9-latest": "v1.8.12.1",
        "1.8.9-recommended": "v1.8.12.1",
        "1.9.4-latest": "v1.8.12",
        "1.9.4-recommended": "v1.8.12",
        "1.10.2-latest": "v1.8.12",
        "1.10.2-recommended": "v1.8.12",
        "1.11.2-latest": "v1.8.12.1",
        "1.11.2-recommended": "v1.8.12.1",
        "1.12-latest": "v1.8.8.1",
        "1.12-recommended": "v1.8.8.1",
        "1.12.1-latest": "v1.8.8.1",
        "1.12.1-recommended": "v1.8.8.1",
        "1.12.2-latest": "v1.10.1",
        "1.12.2-recommended": "v1.10.1",
        "1.13.2-latest": "v1.8.13",
        "1.13.2-recommended": "v1.8.13",
        "1.14.3-latest": "v1.8.12-beta2",
        "1.14.3-recommended": "v1.8.12-beta2",
        "1.14.4-latest": "v1.8.22.2",
        "1.14.4-recommended": "v1.8.22.2",
        "1.15.1-latest": "v1.8.15-beta2",
        "1.15.1-recommended": "v1.8.15-beta2",
        "1.15.2-latest": "v1.9.1",
        "1.15.2-recommended": "v1.9.1",
        "1.16.1-latest": "v1.8.19.3",
        "1.16.1-recommended": "v1.8.19.3",
        "1.16.2-latest": "v1.8.19.3",
        "1.16.2-recommended": "v1.8.19.3",
        "1.16.3-latest": "v1.8.21.1",
        "1.16.3-recommended": "v1.8.21.1",
        "1.16.4-latest": "v1.8.21.1",
        "1.16.4-recommended": "v1.8.21.1",
        "1.16.5-latest": "v1.10.1",
        "1.16.5-recommended": "v1.10.1",
        "1.17.1-latest": "1.9.5",
        "1.17.1-recommended": "1.9.5",
        "1.18.1-latest": "1.9.0.2-beta1",
        "1.18.1-recommended": "1.9.0.2-beta1",
        "1.18.2-latest": "1.10.1",
        "1.18.2-recommended": "1.10.1",
        "1.19-latest": "1.9.3.1",
        "1.19-recommended": "1.9.3.1",
        "1.19.1-latest": "1.9.3.1",
        "1.19.1-recommended": "1.9.3.1",
        "1.19.2-latest": "1.9.6.1",
        "1.19.2-recommended": "1.9.6.1",
        "1.19.3-latest": "1.9.8",
        "1.19.3-recommended": "1.9.8",
        "1.19.4-latest": "1.10.1",
        "1.19.4-recommended": "1.10.1",
        "1.20-latest": "1.9.7-beta2",
        "1.20-recommended": "1.9.7-beta2",
        "1.20.2-latest": "1.9.9",
        "1.20.2-recommended": "1.9.9",
        "1.20.4-latest": "1.10.1",
        "1.20.4-recommended": "1.10.1",
        "1.20.6-latest": "1.10.1",
        "1.20.6-recommended": "1.10.1",
        "1.21-latest": "1.9.10-beta7",
        "1.21-recommended": "1.9.10-beta7",
        "1.21.2-latest": "1.9.11-beta2",
        "1.21.2-recommended": "1.9.11-beta2",
        "1.21.3-latest": "1.10.1",
        "1.21.3-recommended": "1.10.1",
        "1.21.4-latest": "1.10.1",
        "1.21.4-recommended": "1.10.1",
        "1.21.5-latest": "1.10.1",
        "1.21.5-recommended": "1.10.1",
        "1.21.6-latest": "1.10-beta3",
        "1.21.6-recommended": "1.10-beta3",
        "1.21.7-latest": "1.10-beta1",
        "1.21.7-recommended": "1.10-beta1",

        "1.20.1-latest": "1.10.1",
        "1.20.1-recommended": "1.10.1",
        "1.21.1-latest": "1.10.1",
        "1.21.1-recommended": "1.10.1",
        "1.21.8-latest": "1.10.1",
        "1.21.8-recommended": "1.10.1",
        "1.21.10-latest": "1.10.1-beta1",
        "1.21.10-recommended": "1.10.1-beta1",
        "1.21.11-latest": "1.10.1-beta1",
        "1.21.11-recommended": "1.10.1-beta1"
    },
    "1.7.10": {
        "v1.8.13": "https://github.com/Geforce132/SecurityCraft/blob/eol/1.7.10/Changelog%20v1.8.x.md"
    },
    "1.8": {
        "v1.8.12": "https://github.com/Geforce132/SecurityCraft/blob/eol/1.8/Changelog%20v1.8.x.md"
    },
    "1.8.8": {
        "v1.8.12.1": "https://github.com/Geforce132/SecurityCraft/blob/eol/1.8.9/Changelog%20v1.8.x.md"
    },
    "1.8.9": {
        "v1.8.12.1": "https://github.com/Geforce132/SecurityCraft/blob/eol/1.8.9/Changelog%20v1.8.x.md"
    },
    "1.9.4": {
        "v1.8.12": "https://github.com/Geforce132/SecurityCraft/blob/eol/1.9.4/Changelog%20v1.8.x.md"
    },
    "1.10.2": {
        "v1.8.12": "https://github.com/Geforce132/SecurityCraft/blob/eol/1.10.2/Changelog%20v1.8.x.md"
    },
    "1.11.2": {
        "v1.8.12.1": "https://github.com/Geforce132/SecurityCraft/blob/eol/1.11.2/Changelog%20v1.8.x.md"
    },
    "1.12": {
        "v1.8.8.1": "https://github.com/Geforce132/SecurityCraft/blob/54061f84f188c33db291770e550c4c84a927194c/Changelog%20v1.8.x.md"
    },
    "1.12.1": {
        "v1.8.8.1": "https://github.com/Geforce132/SecurityCraft/blob/54061f84f188c33db291770e550c4c84a927194c/Changelog%20v1.8.x.md"
    },
    "1.12.2": {
        "v1.10.1": "https://github.com/Geforce132/SecurityCraft/blob/eol/1.12.2/Changelog.md"
    },
    "1.13.2": {
        "v1.8.13": "https://github.com/Geforce132/SecurityCraft/blob/eol/1.13.2/Changelog%20v1.8.x.md"
    },
    "1.14.3": {
        "v1.8.12-beta2": "https://github.com/Geforce132/SecurityCraft/blob/b20ce0945abdccb8f2b6abaea5d26c28d0a3b916/Changelog%20v1.8.x.md"
    },
    "1.14.4": {
        "v1.8.22.2": "https://github.com/Geforce132/SecurityCraft/blob/eol/1.14.4/Changelog%20v1.8.x.md"
    },
    "1.15.1": {
        "v1.8.15-beta2": "https://github.com/Geforce132/SecurityCraft/blob/04f414232af5250193ed610da93696a830584cc9/Changelog%20v1.8.x.md"
    },
    "1.15.2": {
        "v1.9.1": "https://github.com/Geforce132/SecurityCraft/blob/eol/1.15.2/Changelog.md"
    },
    "1.16.1": {
        "v1.8.19.3": "https://github.com/Geforce132/SecurityCraft/blob/eol/1.16.1/Changelog%20v1.8.x.md"
    },
    "1.16.2": {
        "v1.8.19.3": "https://github.com/Geforce132/SecurityCraft/blob/2c1c0868dd26f8870bae1b8c0d57041cab3ba897/Changelog%20v1.8.x.md"
    },
    "1.16.3": {
        "v1.8.21.1": "https://github.com/Geforce132/SecurityCraft/blob/44460188b9bf30b94f122ba362092cba5e76e0d2/Changelog%20v1.8.x.md"
    },
    "1.16.4": {
        "v1.8.21.1": "https://github.com/Geforce132/SecurityCraft/blob/44460188b9bf30b94f122ba362092cba5e76e0d2/Changelog%20v1.8.x.md"
    },
    "1.16.5": {
        "v1.10.1": "https://github.com/Geforce132/SecurityCraft/blob/eol/1.16.5/Changelog.md"
    },
    "1.17.1": {
        "1.9.5": "https://github.com/Geforce132/SecurityCraft/blob/eol/1.17.1/Changelog.md"
    },
    "1.18.1": {
        "1.9.0.2-beta1": "https://github.com/Geforce132/SecurityCraft/blob/eol/1.18.1/Changelog.md"
    },
    "1.18.2": {
        "1.10.1": "https://github.com/Geforce132/SecurityCraft/blob/eol/1.18.2/Changelog.md"
    },
    "1.19": {
        "1.9.3.1": "https://github.com/Geforce132/SecurityCraft/blob/eol/1.19/Changelog.md"
    },
    "1.19.1": {
        "1.9.3.1": "https://github.com/Geforce132/SecurityCraft/blob/c60edcc5881fc8ca4394bfeae3254ab0d693ab5e/Changelog.md"
    },
    "1.19.2": {
        "1.9.6.1": "https://github.com/Geforce132/SecurityCraft/blob/eol/1.19.2/Changelog.md"
    },
    "1.19.3": {
        "1.9.8": "https://github.com/Geforce132/SecurityCraft/blob/eol/1.19.3/Changelog.md"
    },
    "1.19.4": {
        "1.10.1": "https://github.com/Geforce132/SecurityCraft/blob/eol/1.19.4/Changelog.md"
    },
    "1.20": {
        "1.9.7-beta2": "https://github.com/Geforce132/SecurityCraft/blob/2e41d10948280cfdfe693e52c3580adf5f0cb18c/Changelog.md"
    },
    "1.20.2": {
        "1.9.9": "https://github.com/Geforce132/SecurityCraft/blob/eol/1.20.2/Changelog.md"
    },
    "1.20.4": {
        "1.10.1": "https://github.com/Geforce132/SecurityCraft/blob/eol/1.20.4/Changelog.md"
    },
    "1.20.6": {
        "1.10.1": "https://github.com/Geforce132/SecurityCraft/blob/eol/1.20.6/Changelog.md"
    },
    "1.21": {
        "1.9.10-beta7": "https://github.com/Geforce132/SecurityCraft/blob/a74d63ec9796e54c5bd8d22c18a320146560a753/Changelog.md"
    },
    "1.21.2": {
        "1.9.11-beta2": "https://github.com/Geforce132/SecurityCraft/blob/63c87ccbc661cecac0e75d54b81b571a3d17a29e/Changelog.md"
    },
    "1.21.3": {
        "1.10.1": "https://github.com/Geforce132/SecurityCraft/blob/eol/1.21.3/Changelog.md"
    },
    "1.21.4": {
        "1.10.1": "https://github.com/Geforce132/SecurityCraft/blob/eol/1.21.4/Changelog.md"
    },
    "1.21.5": {
        "1.10.1": "https://github.com/Geforce132/SecurityCraft/blob/eol/1.21.5/Changelog.md"
    },
    "1.21.6": {
        "1.10-beta3": "https://github.com/Geforce132/SecurityCraft/blob/eol/1.21.6/Changelog.md"
    },
    "1.21.7": {
        "1.10-beta1": "https://github.com/Geforce132/SecurityCraft/blob/eol/1.21.7/Changelog.md"
    },

    "1.20.1": {
        "1.10.1": "https://github.com/Geforce132/SecurityCraft/blob/1.20.1/Changelog.md"
    },
    "1.21.1": {
        "1.10.1": "https://github.com/Geforce132/SecurityCraft/blob/1.21.1/Changelog.md"
    },
    "1.21.8": {
        "1.10.1": "https://github.com/Geforce132/SecurityCraft/blob/1.21.8/Changelog.md"
    },
    "1.21.10": {
        "1.10.1-beta1": "https://github.com/Geforce132/SecurityCraft/blob/1.21.10/Changelog.md"
    },
    "1.21.11": {
        "1.10.1-beta1": "https://github.com/Geforce132/SecurityCraft/blob/1.21.11/Changelog.md"
    }
}
[07Jan2026 20:58:52.820] [Forge Version Check/INFO] [net.minecraftforge.fml.VersionChecker/]: [securitycraft] Found status: UP_TO_DATE Current: 1.10.1 Target: null
[07Jan2026 20:58:52.820] [Forge Version Check/INFO] [net.minecraftforge.fml.VersionChecker/]: [tombstone] Starting version check at https://raw.githubusercontent.com/Corail31/tombstone_lite/master/update.json
[07Jan2026 20:58:52.829] [Forge Version Check/DEBUG] [net.minecraftforge.fml.VersionChecker/]: [tombstone] Received version check data:
{
	"homepage": "https://www.curseforge.com/minecraft/mc-mods/corail-tombstone",
	"promos": {
		"1.21.8-latest": "9.5.9",
		"1.21.8-recommended": "9.5.9",
		"1.21.7-latest": "9.5.9",
		"1.21.7-recommended": "9.5.9",
		"1.21.6-latest": "9.5.1",
		"1.21.6-recommended": "9.5.1",
		"1.21.5-latest": "9.4.3",
		"1.21.5-recommended": "9.4.3",
		"1.21.4-latest": "9.3.9",
		"1.21.4-recommended": "9.3.9",
		"1.21.3-latest": "9.2.4",
		"1.21.3-recommended": "9.2.4",
		"1.21.1-latest": "9.1.10",
		"1.21.1-recommended": "9.1.10",
		"1.20.4-latest": "8.6.4",
		"1.20.4-recommended": "8.6.4",
		"1.20.2-latest": "8.6.3",
		"1.20.2-recommended": "8.6.3",
		"1.20.1-latest": "9.0.9",
		"1.20.1-recommended": "9.0.9",
		"1.19.4-latest": "8.4.2",
		"1.19.4-recommended": "8.4.2",
		"1.19.3-latest": "8.3.2",
		"1.19.3-recommended": "8.3.2",
		"1.19.2-latest": "8.3.9",
		"1.19.2-recommended": "8.3.9",
		"1.19.1-latest": "8.1.0",
		"1.19.1-recommended": "8.1.0",
		"1.18.2-latest": "7.7.7",
		"1.18.2-recommended": "7.7.7",
		"1.18.1-latest": "7.4.1",
		"1.18.1-recommended": "7.4.1",
		"1.17.1-latest": "7.3.0",
		"1.17.1-recommended": "7.3.0",
		"1.16.5-latest": "6.9.7",
		"1.16.5-recommended": "6.9.7",
		"1.15.2-latest": "4.6.0",
		"1.15.2-recommended": "4.6.0",
		"1.14.4-latest": "4.3.6",
		"1.14.4-recommended": "4.3.6",
		"1.13.2-latest": "3.5.2",
		"1.13.2-recommended": "3.5.2",
		"1.12.2-latest": "4.7.5",
		"1.12.2-recommended": "4.7.5",
		"1.11.2-latest": "2.9.0.1",
		"1.11.2-recommended": "2.9.0.1",
		"1.10.2-latest": "2.9.4",
		"1.10.2-recommended": "2.9.4",
		"1.9.4-latest": "1.4.1",
		"1.9.4-recommended": "1.4.1",
		"1.8.9-latest": "1.4.1",
		"1.8.9-recommended": "1.4.1"
	},
	"1.21.8": {
		"9.5.9": "improvements",
		"9.5.8": "reworks the perk system & improves all guiscreens",
		"9.5.7": "fourth forgotten knowledge",
		"9.5.6": "third forgotten knowledge & ritual flute"
	},
	"1.21.7": {
		"9.5.8": "final version"
	},
	"1.21.6": {
		"9.5.1": "final version"
	},
	"1.21.5": {
		"9.4.3": "final version"
	},
	"1.21.4": {
		"9.3.9": "final version"
	},
	"1.21.3": {
		"9.2.4": "final version"
	},
	"1.21.1": {
		"9.1.10": "final version"
	},
	"1.20.4": {
		"8.6.4": "final version"
	},
	"1.20.2": {
		"8.6.3": "final version"
	},
	"1.20.1": {
		"9.0.9": "fixes",
		"9.0.8": "improvements",
		"9.0.7": "reworks the perk system",
		"9.0.6": "improves all guiscreens",
		"9.0.5": "fourth forgotten knowledge",
		"9.0.4": "third forgotten knowledge & ritual flute",
		"9.0.3": "screaming graves",
		"9.0.2": "second forgotten knowledge & readable scrolls",
		"9.0.1": "new event Spring Bloom",
		"9.0.0": "first forgotten knowledge"
	},
	"1.19.4": {
		"8.4.2": "final version"
	},
	"1.19.2": {
		"8.3.9": "final version"
	},
	"1.18.2": {
		"7.7.7": "final version"
	},
	"1.16.5": {
		"6.9.7": "final version"
	},
	"1.12.2": {
		"4.7.5": "final version"
	}
}
[07Jan2026 20:58:52.830] [Forge Version Check/INFO] [net.minecraftforge.fml.VersionChecker/]: [tombstone] Found status: UP_TO_DATE Current: 9.0.9 Target: null
[07Jan2026 20:58:52.830] [Forge Version Check/INFO] [net.minecraftforge.fml.VersionChecker/]: [puzzleslib] Starting version check at https://raw.githubusercontent.com/Fuzss/modresources/main/update/puzzleslib.json
[07Jan2026 20:58:52.842] [Forge Version Check/DEBUG] [net.minecraftforge.fml.VersionChecker/]: [puzzleslib] Received version check data:
{
    "homepage": "https://modrinth.com/mod/puzzles-lib",
    "promos": {
        "1.16.2-latest": "1.0.15",
        "1.16.2-recommended": "1.0.15",
        "1.16.3-latest": "1.0.15",
        "1.16.3-recommended": "1.0.15",
        "1.16.4-latest": "1.0.15",
        "1.16.4-recommended": "1.0.15",
        "1.16.5-latest": "1.0.15",
        "1.16.5-recommended": "1.0.15",
        "1.17.1-latest": "2.0.2",
        "1.17.1-recommended": "2.0.2",
        "1.18-latest": "3.2.1",
        "1.18-recommended": "3.2.1",
        "1.18.1-latest": "3.2.1",
        "1.18.1-recommended": "3.2.1",
        "1.18.2-latest": "3.5.10",
        "1.18.2-recommended": "3.5.10",
        "1.19-latest": "4.0.18",
        "1.19-recommended": "4.0.18",
        "1.19.1-latest": "4.2.4",
        "1.19.1-recommended": "4.2.4",
        "1.19.2-latest": "4.4.3",
        "1.19.2-recommended": "4.4.3",
        "1.19.3-latest": "5.0.33",
        "1.19.3-recommended": "5.0.33",
        "1.19.4-latest": "6.0.11",
        "1.19.4-recommended": "6.0.11",
        "1.20-latest": "7.0.9",
        "1.20-recommended": "7.0.9",
        "1.20.1-latest": "8.1.33",
        "1.20.1-recommended": "8.1.33",
        "1.20.4-latest": "20.4.53",
        "1.20.4-recommended": "20.4.53",
        "1.21-latest": "21.0.28",
        "1.21-recommended": "21.0.28",
        "1.21.1-latest": "21.1.39",
        "1.21.1-recommended": "21.1.39",
        "1.21.10-latest": "21.10.8",
        "1.21.10-recommended": "21.10.8",
        "1.21.11-latest": "21.11.1",
        "1.21.11-recommended": "21.11.1",
        "1.21.3-latest": "21.3.25",
        "1.21.3-recommended": "21.3.25",
        "1.21.4-latest": "21.4.14",
        "1.21.4-recommended": "21.4.14",
        "1.21.5-latest": "21.5.13",
        "1.21.5-recommended": "21.5.13",
        "1.21.6-latest": "21.6.6",
        "1.21.6-recommended": "21.6.6",
        "1.21.7-latest": "21.7.1",
        "1.21.7-recommended": "21.7.1",
        "1.21.8-latest": "21.8.9",
        "1.21.8-recommended": "21.8.9",
        "1.21.9-latest": "21.9.5",
        "1.21.9-recommended": "21.9.5"
    }
}
[07Jan2026 20:58:52.842] [Forge Version Check/INFO] [net.minecraftforge.fml.VersionChecker/]: [puzzleslib] Found status: UP_TO_DATE Current: 8.1.33 Target: null
[07Jan2026 20:58:52.843] [Forge Version Check/INFO] [net.minecraftforge.fml.VersionChecker/]: [moblassos] Starting version check at https://raw.githubusercontent.com/Fuzss/modresources/main/update/moblassos.json
[07Jan2026 20:58:52.853] [Forge Version Check/DEBUG] [net.minecraftforge.fml.VersionChecker/]: [moblassos] Received version check data:
{
    "homepage": "https://github.com/Fuzss/moblassos",
    "promos": {
        "1.19.2-latest": "4.0.0",
        "1.19.2-recommended": "4.0.0",
        "1.19.3-latest": "5.0.0",
        "1.19.3-recommended": "5.0.0",
        "1.19.4-latest": "6.0.0",
        "1.19.4-recommended": "6.0.0",
        "1.20-latest": "7.0.0",
        "1.20-recommended": "7.0.0",
        "1.20.1-latest": "8.0.1",
        "1.20.1-recommended": "8.0.1",
        "1.18.2-latest": "3.0.0",
        "1.18.2-recommended": "3.0.0",
        "1.20.4-latest": "20.4.1",
        "1.20.4-recommended": "20.4.1",
        "1.21.1-latest": "21.1.1",
        "1.21.1-recommended": "21.1.1",
        "1.21.3-latest": "21.3.0",
        "1.21.3-recommended": "21.3.0",
        "1.21.4-latest": "21.4.0",
        "1.21.4-recommended": "21.4.0",
        "1.21.5-latest": "21.5.0",
        "1.21.5-recommended": "21.5.0",
        "1.21.6-latest": "21.6.0",
        "1.21.6-recommended": "21.6.0",
        "1.21.7-latest": "21.7.0",
        "1.21.7-recommended": "21.7.0",
        "1.21.8-latest": "21.8.1",
        "1.21.8-recommended": "21.8.1",
        "1.21.9-latest": "21.9.0",
        "1.21.9-recommended": "21.9.0",
        "1.21.10-latest": "21.10.0",
        "1.21.10-recommended": "21.10.0"
    }
}
[07Jan2026 20:58:52.854] [Forge Version Check/INFO] [net.minecraftforge.fml.VersionChecker/]: [moblassos] Found status: UP_TO_DATE Current: 8.0.1 Target: null
[07Jan2026 20:58:52.967] [main/DEBUG] [mixin/]: Mixing perf.dynamic_dfu.DataFixTypesMixin from modernfix-common.mixins.json into net.minecraft.util.datafix.DataFixTypes
[07Jan2026 20:58:52.996] [main/DEBUG] [mixin/]: Mixing VanillaPackResourcesAccessor from creativecore.mixins.json into net.minecraft.server.packs.VanillaPackResources
[07Jan2026 20:58:52.999] [main/WARN] [net.minecraft.server.packs.VanillaPackResourcesBuilder/]: Assets URL 'union:/workspaces/Servy/servidor_minecraft/libraries/net/minecraft/server/1.20.1-20230612.114412/server-1.20.1-20230612.114412-srg.jar%23199!/assets/.mcassetsroot' uses unexpected schema
[07Jan2026 20:58:52.999] [main/WARN] [net.minecraft.server.packs.VanillaPackResourcesBuilder/]: Assets URL 'union:/workspaces/Servy/servidor_minecraft/libraries/net/minecraft/server/1.20.1-20230612.114412/server-1.20.1-20230612.114412-srg.jar%23199!/data/.mcassetsroot' uses unexpected schema
[07Jan2026 20:58:53.029] [main/DEBUG] [mixin/]: Mixing feature.measure_time.WorldLoaderMixin from modernfix-common.mixins.json into net.minecraft.server.WorldLoader
[07Jan2026 20:58:53.029] [main/DEBUG] [mixin/]: Renaming synthetic method lambda$finishStopwatch$0(Lcom/google/common/base/Stopwatch;Ljava/lang/Object;Ljava/lang/Throwable;)V to md227283$lambda$finishStopwatch$0$0 in modernfix-common.mixins.json:feature.measure_time.WorldLoaderMixin
[07Jan2026 20:58:53.029] [main/DEBUG] [mixin/]: Mixing core.WorldLoaderMixin from modernfix-forge.mixins.json into net.minecraft.server.WorldLoader
[07Jan2026 20:58:53.030] [main/DEBUG] [mixin/]: Renaming synthetic method lambda$trackEndReload$0(Ljava/lang/Object;)Ljava/lang/Object; to md227283$lambda$trackEndReload$0$1 in modernfix-forge.mixins.json:core.WorldLoaderMixin
[07Jan2026 20:58:53.041] [main/DEBUG] [mixin/]: Mixing perf.resourcepacks.ForgePathPackResourcesMixin from modernfix-forge.mixins.json into net.minecraftforge.resource.PathPackResources
[07Jan2026 20:58:53.042] [main/DEBUG] [mixin/]: Renaming synthetic method lambda$generateResourceCache$0(Lnet/minecraft/server/packs/PackType;)Ljava/nio/file/Path; to md227283$lambda$generateResourceCache$0$0 in modernfix-forge.mixins.json:perf.resourcepacks.ForgePathPackResourcesMixin
[07Jan2026 20:58:53.059] [main/DEBUG] [mixin/]: Mixing PathPackResourcesAccessor from creativecore.mixins.json into net.minecraft.server.packs.PathPackResources
[07Jan2026 20:58:53.065] [main/DEBUG] [net.minecraftforge.server.ServerLifecycleHooks/CORE]: Generating PackInfo named mod:uniquedungeons for mod file /workspaces/Servy/servidor_minecraft/mods/uniquedungeons-0.70.5-74.2.0.jar
[07Jan2026 20:58:53.066] [main/DEBUG] [net.minecraftforge.server.ServerLifecycleHooks/CORE]: Generating PackInfo named mod:treechop for mod file /workspaces/Servy/servidor_minecraft/mods/TreeChop-1.20.1-forge-0.19.0-fixed.jar
[07Jan2026 20:58:53.066] [main/DEBUG] [net.minecraftforge.server.ServerLifecycleHooks/CORE]: Generating PackInfo named mod:kuma_api for mod file 
[07Jan2026 20:58:53.066] [main/DEBUG] [net.minecraftforge.server.ServerLifecycleHooks/CORE]: Generating PackInfo named mod:geckolib for mod file /workspaces/Servy/servidor_minecraft/mods/geckolib-forge-1.20.1-4.8.2.jar
[07Jan2026 20:58:53.066] [main/DEBUG] [net.minecraftforge.server.ServerLifecycleHooks/CORE]: Generating PackInfo named mod:jei for mod file /workspaces/Servy/servidor_minecraft/mods/jei-1.20.1-forge-15.20.0.112.jar
[07Jan2026 20:58:53.066] [main/DEBUG] [net.minecraftforge.server.ServerLifecycleHooks/CORE]: Generating PackInfo named mod:graveyard for mod file /workspaces/Servy/servidor_minecraft/mods/The_Graveyard_3.1_(FORGE)_for_1.20.1.jar
[07Jan2026 20:58:53.067] [main/DEBUG] [net.minecraftforge.server.ServerLifecycleHooks/CORE]: Generating PackInfo named mod:uppers for mod file /workspaces/Servy/servidor_minecraft/mods/Uppers-1.0.1.jar
[07Jan2026 20:58:53.067] [main/DEBUG] [net.minecraftforge.server.ServerLifecycleHooks/CORE]: Generating PackInfo named mod:reap for mod file /workspaces/Servy/servidor_minecraft/mods/reap-1.20.1-1.0.2.jar
[07Jan2026 20:58:53.067] [main/DEBUG] [net.minecraftforge.server.ServerLifecycleHooks/CORE]: Generating PackInfo named mod:waystones for mod file /workspaces/Servy/servidor_minecraft/mods/waystones-forge-1.20.1-14.1.17.jar
[07Jan2026 20:58:53.067] [main/DEBUG] [net.minecraftforge.server.ServerLifecycleHooks/CORE]: Generating PackInfo named mod:clumps for mod file /workspaces/Servy/servidor_minecraft/mods/Clumps-forge-1.20.1-12.0.0.4.jar
[07Jan2026 20:58:53.067] [main/DEBUG] [net.minecraftforge.server.ServerLifecycleHooks/CORE]: Generating PackInfo named mod:xaeroworldmap for mod file /workspaces/Servy/servidor_minecraft/mods/XaerosWorldMap_1.39.12_Forge_1.20.jar
[07Jan2026 20:58:53.068] [main/DEBUG] [net.minecraftforge.server.ServerLifecycleHooks/CORE]: Generating PackInfo named mod:modernfix for mod file /workspaces/Servy/servidor_minecraft/mods/modernfix-forge-5.25.1+mc1.20.1.jar
[07Jan2026 20:58:53.068] [main/DEBUG] [net.minecraftforge.server.ServerLifecycleHooks/CORE]: Generating PackInfo named mod:citadel for mod file /workspaces/Servy/servidor_minecraft/mods/citadel-2.6.2-1.20.1.jar
[07Jan2026 20:58:53.068] [main/DEBUG] [net.minecraftforge.server.ServerLifecycleHooks/CORE]: Generating PackInfo named mod:alexsmobs for mod file /workspaces/Servy/servidor_minecraft/mods/alexsmobs-1.22.9.jar
[07Jan2026 20:58:53.068] [main/DEBUG] [net.minecraftforge.server.ServerLifecycleHooks/CORE]: Generating PackInfo named mod:travelersbackpack for mod file /workspaces/Servy/servidor_minecraft/mods/travelersbackpack-forge-1.20.1-9.1.46.jar
[07Jan2026 20:58:53.068] [main/DEBUG] [net.minecraftforge.server.ServerLifecycleHooks/CORE]: Generating PackInfo named mod:artifacts for mod file /workspaces/Servy/servidor_minecraft/mods/artifacts-forge-9.5.16.jar
[07Jan2026 20:58:53.068] [main/DEBUG] [net.minecraftforge.server.ServerLifecycleHooks/CORE]: Generating PackInfo named mod:mixinextras for mod file 
[07Jan2026 20:58:53.069] [main/DEBUG] [net.minecraftforge.server.ServerLifecycleHooks/CORE]: Generating PackInfo named mod:beautifiedchatserver for mod file /workspaces/Servy/servidor_minecraft/mods/beautifiedchatserver-1.20.1-2.7.jar
[07Jan2026 20:58:53.069] [main/DEBUG] [net.minecraftforge.server.ServerLifecycleHooks/CORE]: Generating PackInfo named mod:pickupnotifier for mod file /workspaces/Servy/servidor_minecraft/mods/PickUpNotifier-v8.0.0-1.20.1-Forge.jar
[07Jan2026 20:58:53.069] [main/DEBUG] [net.minecraftforge.server.ServerLifecycleHooks/CORE]: Generating PackInfo named mod:morehitboxes for mod file /workspaces/Servy/servidor_minecraft/mods/morehitboxes-forge-1.20.1-1.9.2.jar
[07Jan2026 20:58:53.069] [main/DEBUG] [net.minecraftforge.server.ServerLifecycleHooks/CORE]: Generating PackInfo named mod:balm for mod file /workspaces/Servy/servidor_minecraft/mods/balm-forge-1.20.1-7.3.37-all.jar
[07Jan2026 20:58:53.069] [main/DEBUG] [net.minecraftforge.server.ServerLifecycleHooks/CORE]: Generating PackInfo named mod:interaction_boxes for mod file /workspaces/Servy/servidor_minecraft/mods/interaction_boxes-0.693.jar
[07Jan2026 20:58:53.070] [main/DEBUG] [net.minecraftforge.server.ServerLifecycleHooks/CORE]: Generating PackInfo named mod:crafttweaker for mod file /workspaces/Servy/servidor_minecraft/mods/CraftTweaker-forge-1.20.1-14.0.59.jar
[07Jan2026 20:58:53.070] [main/DEBUG] [net.minecraftforge.server.ServerLifecycleHooks/CORE]: Generating PackInfo named mod:puzzlesaccessapi for mod file 
[07Jan2026 20:58:53.070] [main/DEBUG] [net.minecraftforge.server.ServerLifecycleHooks/CORE]: Generating PackInfo named mod:cloth_config for mod file /workspaces/Servy/servidor_minecraft/mods/cloth-config-11.1.136-forge.jar
[07Jan2026 20:58:53.070] [main/DEBUG] [net.minecraftforge.server.ServerLifecycleHooks/CORE]: Generating PackInfo named mod:forge for mod file /workspaces/Servy/servidor_minecraft/libraries/net/minecraftforge/forge/1.20.1-47.3.7/forge-1.20.1-47.3.7-universal.jar
[07Jan2026 20:58:53.070] [main/DEBUG] [net.minecraftforge.server.ServerLifecycleHooks/CORE]: Generating PackInfo named mod:twilightforest for mod file /workspaces/Servy/servidor_minecraft/mods/twilightforest-1.20.1-4.3.2508-universal.jar
[07Jan2026 20:58:53.070] [main/DEBUG] [net.minecraftforge.server.ServerLifecycleHooks/CORE]: Generating PackInfo named mod:tlskincape for mod file /workspaces/Servy/servidor_minecraft/mods/tl_skin_cape_forge_1.20-1.38.jar
[07Jan2026 20:58:53.071] [main/DEBUG] [net.minecraftforge.server.ServerLifecycleHooks/CORE]: Generating PackInfo named mod:embeddium for mod file /workspaces/Servy/servidor_minecraft/mods/embeddium-0.3.31+mc1.20.1.jar
[07Jan2026 20:58:53.071] [main/DEBUG] [net.minecraftforge.server.ServerLifecycleHooks/CORE]: Generating PackInfo named mod:betterpingdisplay for mod file /workspaces/Servy/servidor_minecraft/mods/BetterPingDisplay-1.20.1-1.1.jar
[07Jan2026 20:58:53.071] [main/DEBUG] [net.minecraftforge.server.ServerLifecycleHooks/CORE]: Generating PackInfo named mod:tconstruct for mod file /workspaces/Servy/servidor_minecraft/mods/TConstruct-1.20.1-3.10.2.92.jar
[07Jan2026 20:58:53.071] [main/DEBUG] [net.minecraftforge.server.ServerLifecycleHooks/CORE]: Generating PackInfo named mod:borninconfiguration for mod file /workspaces/Servy/servidor_minecraft/mods/borninconfiguration-3.1.2-all.jar
[07Jan2026 20:58:53.071] [main/DEBUG] [net.minecraftforge.server.ServerLifecycleHooks/CORE]: Generating PackInfo named mod:terrablender for mod file /workspaces/Servy/servidor_minecraft/mods/TerraBlender-forge-1.20.1-3.0.1.10.jar
[07Jan2026 20:58:53.072] [main/DEBUG] [net.minecraftforge.server.ServerLifecycleHooks/CORE]: Generating PackInfo named mod:mousetweaks for mod file /workspaces/Servy/servidor_minecraft/mods/MouseTweaks-forge-mc1.20.1-2.25.1.jar
[07Jan2026 20:58:53.072] [main/DEBUG] [net.minecraftforge.server.ServerLifecycleHooks/CORE]: Generating PackInfo named mod:jade for mod file /workspaces/Servy/servidor_minecraft/mods/Jade-1.20.1-Forge-11.13.2.jar
[07Jan2026 20:58:53.072] [main/DEBUG] [net.minecraftforge.server.ServerLifecycleHooks/CORE]: Generating PackInfo named mod:tbsfbsp for mod file /workspaces/Servy/servidor_minecraft/mods/tbsfbsp-0.74.jar
[07Jan2026 20:58:53.072] [main/DEBUG] [net.minecraftforge.server.ServerLifecycleHooks/CORE]: Generating PackInfo named mod:creativecore for mod file /workspaces/Servy/servidor_minecraft/mods/CreativeCore_FORGE_v2.12.32_mc1.20.1.jar
[07Jan2026 20:58:53.072] [main/DEBUG] [net.minecraftforge.server.ServerLifecycleHooks/CORE]: Generating PackInfo named mod:chunky for mod file /workspaces/Servy/servidor_minecraft/mods/Chunky-1.3.146.jar
[07Jan2026 20:58:53.072] [main/DEBUG] [net.minecraftforge.server.ServerLifecycleHooks/CORE]: Generating PackInfo named mod:born_in_chaos_v1 for mod file /workspaces/Servy/servidor_minecraft/mods/born_in_chaos_[Forge]1.20.1_1.7.3.jar
[07Jan2026 20:58:53.073] [main/DEBUG] [net.minecraftforge.server.ServerLifecycleHooks/CORE]: Generating PackInfo named mod:spark for mod file /workspaces/Servy/servidor_minecraft/mods/spark-1.10.53-forge.jar
[07Jan2026 20:58:53.073] [main/DEBUG] [net.minecraftforge.server.ServerLifecycleHooks/CORE]: Generating PackInfo named mod:kotlinforforge for mod file 
[07Jan2026 20:58:53.073] [main/DEBUG] [net.minecraftforge.server.ServerLifecycleHooks/CORE]: Generating PackInfo named mod:curios for mod file /workspaces/Servy/servidor_minecraft/mods/curios-forge-5.14.1+1.20.1.jar
[07Jan2026 20:58:53.073] [main/DEBUG] [net.minecraftforge.server.ServerLifecycleHooks/CORE]: Generating PackInfo named mod:mantle for mod file /workspaces/Servy/servidor_minecraft/mods/Mantle-1.20.1-1.11.79.jar
[07Jan2026 20:58:53.073] [main/DEBUG] [net.minecraftforge.server.ServerLifecycleHooks/CORE]: Generating PackInfo named mod:xaerominimap for mod file /workspaces/Servy/servidor_minecraft/mods/Xaeros_Minimap_25.2.10_Forge_1.20.jar
[07Jan2026 20:58:53.074] [main/DEBUG] [net.minecraftforge.server.ServerLifecycleHooks/CORE]: Generating PackInfo named mod:collective for mod file /workspaces/Servy/servidor_minecraft/mods/collective-1.20.1-8.13.jar
[07Jan2026 20:58:53.074] [main/DEBUG] [net.minecraftforge.server.ServerLifecycleHooks/CORE]: Generating PackInfo named mod:securitycraft for mod file /workspaces/Servy/servidor_minecraft/mods/[1.20.1] SecurityCraft v1.10.1.jar
[07Jan2026 20:58:53.074] [main/DEBUG] [net.minecraftforge.server.ServerLifecycleHooks/CORE]: Generating PackInfo named mod:tombstone for mod file /workspaces/Servy/servidor_minecraft/mods/tombstone-1.20.1-9.0.9.jar
[07Jan2026 20:58:53.074] [main/DEBUG] [net.minecraftforge.server.ServerLifecycleHooks/CORE]: Generating PackInfo named mod:architectury for mod file /workspaces/Servy/servidor_minecraft/mods/architectury-9.2.14-forge (1).jar
[07Jan2026 20:58:53.074] [main/DEBUG] [net.minecraftforge.server.ServerLifecycleHooks/CORE]: Generating PackInfo named mod:fossil for mod file /workspaces/Servy/servidor_minecraft/mods/fossil-forge-1.20.1-9.3.0.2.jar
[07Jan2026 20:58:53.074] [main/DEBUG] [net.minecraftforge.server.ServerLifecycleHooks/CORE]: Generating PackInfo named mod:ferritecore for mod file /workspaces/Servy/servidor_minecraft/mods/ferritecore-6.0.1-forge.jar
[07Jan2026 20:58:53.075] [main/DEBUG] [net.minecraftforge.server.ServerLifecycleHooks/CORE]: Generating PackInfo named mod:puzzleslib for mod file /workspaces/Servy/servidor_minecraft/mods/PuzzlesLib-v8.1.33-1.20.1-Forge.jar
[07Jan2026 20:58:53.075] [main/DEBUG] [net.minecraftforge.server.ServerLifecycleHooks/CORE]: Generating PackInfo named mod:observable for mod file /workspaces/Servy/servidor_minecraft/mods/observable-4.4.1.jar
[07Jan2026 20:58:53.075] [main/DEBUG] [net.minecraftforge.server.ServerLifecycleHooks/CORE]: Generating PackInfo named mod:expandability for mod file 
[07Jan2026 20:58:53.075] [main/DEBUG] [net.minecraftforge.server.ServerLifecycleHooks/CORE]: Generating PackInfo named mod:moblassos for mod file /workspaces/Servy/servidor_minecraft/mods/MobLassos-v8.0.1-1.20.1-Forge.jar
[07Jan2026 20:58:53.075] [main/DEBUG] [net.minecraftforge.server.ServerLifecycleHooks/CORE]: Generating PackInfo named mod:playerrevive for mod file /workspaces/Servy/servidor_minecraft/mods/PlayerRevive_FORGE_v2.0.31_mc1.20.1.jar
[07Jan2026 20:58:53.115] [main/DEBUG] [ModernFix/]: Generated cache for /assets in 6.928 ms
[07Jan2026 20:58:53.116] [main/DEBUG] [ModernFix/]: Generated cache for /assets in 462.9 μs
[07Jan2026 20:58:53.138] [main/DEBUG] [ModernFix/]: Generated cache for /assets in 21.37 ms
[07Jan2026 20:58:53.139] [main/DEBUG] [ModernFix/]: Generated cache for /assets in 857.8 μs
[07Jan2026 20:58:53.178] [main/DEBUG] [ModernFix/]: Generated cache for /assets in 39.42 ms
[07Jan2026 20:58:53.179] [main/DEBUG] [ModernFix/]: Generated cache for /assets in 517.9 μs
[07Jan2026 20:58:53.187] [main/DEBUG] [ModernFix/]: Generated cache for /assets in 8.070 ms
[07Jan2026 20:58:53.190] [main/DEBUG] [ModernFix/]: Generated cache for /assets in 295.2 μs
[07Jan2026 20:58:53.193] [main/DEBUG] [ModernFix/]: Generated cache for /assets in 3.070 ms
[07Jan2026 20:58:53.194] [main/DEBUG] [ModernFix/]: Generated cache for /assets in 495.8 μs
[07Jan2026 20:58:53.194] [main/DEBUG] [ModernFix/]: Generated cache for /assets in 121.7 μs
[07Jan2026 20:58:53.195] [main/DEBUG] [ModernFix/]: Generated cache for /assets in 499.5 μs
[07Jan2026 20:58:53.502] [main/DEBUG] [ModernFix/]: Generated cache for /assets in 306.6 ms
[07Jan2026 20:58:53.516] [main/DEBUG] [ModernFix/]: Generated cache for /assets in 13.90 ms
[07Jan2026 20:58:53.519] [main/DEBUG] [ModernFix/]: Generated cache for /assets in 2.267 ms
[07Jan2026 20:58:53.555] [main/DEBUG] [ModernFix/]: Generated cache for /assets in 36.06 ms
[07Jan2026 20:58:53.556] [main/DEBUG] [ModernFix/]: Generated cache for /assets in 432.1 μs
[07Jan2026 20:58:53.561] [main/DEBUG] [ModernFix/]: Generated cache for /assets in 4.788 ms
[07Jan2026 20:58:53.561] [main/DEBUG] [ModernFix/]: Generated cache for /assets in 341.2 μs
[07Jan2026 20:58:53.562] [main/DEBUG] [ModernFix/]: Generated cache for /assets in 224.7 μs
[07Jan2026 20:58:53.562] [main/DEBUG] [ModernFix/]: Generated cache for /assets in 254.7 μs
[07Jan2026 20:58:53.566] [main/DEBUG] [ModernFix/]: Generated cache for /assets in 3.532 ms
[07Jan2026 20:58:53.580] [main/DEBUG] [ModernFix/]: Generated cache for /assets in 13.89 ms
[07Jan2026 20:58:53.608] [main/DEBUG] [ModernFix/]: Generated cache for /assets in 27.52 ms
[07Jan2026 20:58:53.610] [main/DEBUG] [ModernFix/]: Generated cache for /assets in 724.6 μs
[07Jan2026 20:58:53.611] [main/DEBUG] [ModernFix/]: Generated cache for /assets in 119.5 μs
[07Jan2026 20:58:53.611] [main/DEBUG] [ModernFix/]: Generated cache for /assets in 273.9 μs
[07Jan2026 20:58:53.611] [main/DEBUG] [ModernFix/]: Generated cache for /assets in 158.7 μs
[07Jan2026 20:58:53.612] [main/DEBUG] [ModernFix/]: Generated cache for /assets in 150.1 μs
[07Jan2026 20:58:53.612] [main/DEBUG] [ModernFix/]: Generated cache for /assets in 367.4 μs
[07Jan2026 20:58:53.613] [main/DEBUG] [ModernFix/]: Generated cache for /assets in 1.112 ms
[07Jan2026 20:58:53.614] [main/DEBUG] [ModernFix/]: Generated cache for /assets in 72.26 μs
[07Jan2026 20:58:53.614] [main/DEBUG] [ModernFix/]: Generated cache for /assets in 391.6 μs
[07Jan2026 20:58:53.614] [main/DEBUG] [ModernFix/]: Generated cache for /assets in 47.76 μs
[07Jan2026 20:58:53.615] [main/DEBUG] [ModernFix/]: Generated cache for /assets in 84.61 μs
[07Jan2026 20:58:53.615] [main/DEBUG] [ModernFix/]: Generated cache for /assets in 308.0 μs
[07Jan2026 20:58:53.615] [main/DEBUG] [ModernFix/]: Generated cache for /assets in 257.7 μs
[07Jan2026 20:58:54.807] [main/DEBUG] [mixin/]: Mixing bugfix.registry_ops_cme.RegistryOpsMemoizedMixin from modernfix-common.mixins.json into net.minecraft.resources.RegistryOps$1
[07Jan2026 20:58:55.092] [main/DEBUG] [mixin/]: Mixing PrimaryLevelDataMixin from citadel.mixins.json into net.minecraft.world.level.storage.PrimaryLevelData
[07Jan2026 20:58:55.094] [main/DEBUG] [mixin/]: Mixing MixinPrimaryLevelData from terrablender.mixins.json into net.minecraft.world.level.storage.PrimaryLevelData
[07Jan2026 20:58:55.095] [main/DEBUG] [mixin/]: Mixing PrimaryLevelDataMixin from collective_forge.mixins.json into net.minecraft.world.level.storage.PrimaryLevelData
[07Jan2026 20:58:55.247] [main/DEBUG] [net.minecraftforge.coremod.transformer.CoreModBaseTransformer/COREMOD]: Transforming net/minecraft/server/commands/SummonCommand
[07Jan2026 20:58:55.366] [main/DEBUG] [mixin/]: Mixing perf.potential_spawns_alloc.ForgeEventFactoryMixin from modernfix-forge.mixins.json into net.minecraftforge.event.ForgeEventFactory
[07Jan2026 20:58:55.497] [main/DEBUG] [mixin/]: Mixing debug.TagLoaderMixin from mixins.artifacts.common.json into net.minecraft.tags.TagLoader
[07Jan2026 20:58:55.507] [main/DEBUG] [mixin/]: Mixing common.access.recipe.AccessRecipeManager from crafttweaker.mixins.json into net.minecraft.world.item.crafting.RecipeManager
[07Jan2026 20:58:55.507] [main/DEBUG] [mixin/]: Mixing perf.datapack_reload_exceptions.RecipeManagerMixin from modernfix-forge.mixins.json into net.minecraft.world.item.crafting.RecipeManager
[07Jan2026 20:58:55.512] [main/DEBUG] [mixin/]: Mixing feature.measure_time.AddReloadListenerEventWrapperMixin from modernfix-forge.mixins.json into net.minecraftforge.event.AddReloadListenerEvent$WrappedStateAwareListener
[07Jan2026 20:58:55.513] [main/INFO] [com.github.alexthe666.alexsmobs.AlexsMobs/]: Adding datapack listener capsid_recipes
[07Jan2026 20:58:55.521] [main/DEBUG] [mixin/]: Mixing feature.measure_time.SimpleReloadInstanceMixin from modernfix-common.mixins.json into net.minecraft.server.packs.resources.SimpleReloadInstance
[07Jan2026 20:58:55.536] [Worker-Main-3/DEBUG] [mixin/]: Mixing perf.tag_id_caching.TagEntryMixin from modernfix-forge.mixins.json into net.minecraft.tags.TagEntry
[07Jan2026 20:58:55.601] [Worker-Main-3/WARN] [artifacts.Artifacts/]: Tag entries for curios:tags/items/magic_book.json cleared by tombstone-1.20.1-9.0.9.jar
[07Jan2026 20:58:55.999] [Worker-Main-1/DEBUG] [net.minecraftforge.coremod.transformer.CoreModBaseTransformer/COREMOD]: Transforming net/minecraft/world/entity/raid/Raid
[07Jan2026 20:58:56.093] [Worker-Main-2/INFO] [Mantle/]: Loaded 20 loot table injectors injecting into 18 tables in 10.732898 ms
[07Jan2026 20:58:56.159] [Worker-Main-1/DEBUG] [Mantle/]: Injecting into 1 pools in the table minecraft:gameplay/hero_of_the_village/toolsmith_gift
[07Jan2026 20:58:56.176] [Worker-Main-1/DEBUG] [Mantle/]: Injecting into 1 pools in the table minecraft:chests/igloo_chest
[07Jan2026 20:58:56.200] [Worker-Main-1/DEBUG] [Mantle/]: Injecting into 1 pools in the table minecraft:chests/end_city_treasure
[07Jan2026 20:58:56.213] [Worker-Main-1/DEBUG] [Mantle/]: Injecting into 1 pools in the table minecraft:chests/ruined_portal
[07Jan2026 20:58:56.224] [Worker-Main-1/DEBUG] [Mantle/]: Injecting into 1 pools in the table minecraft:chests/abandoned_mineshaft
[07Jan2026 20:58:56.255] [Worker-Main-1/DEBUG] [Mantle/]: Injecting into 1 pools in the table minecraft:chests/buried_treasure
[07Jan2026 20:58:56.263] [Worker-Main-1/DEBUG] [Mantle/]: Injecting into 1 pools in the table minecraft:chests/bastion_bridge
[07Jan2026 20:58:56.266] [Worker-Main-1/DEBUG] [Mantle/]: Injecting into 1 pools in the table minecraft:chests/pillager_outpost
[07Jan2026 20:58:56.279] [Worker-Main-1/DEBUG] [Mantle/]: Injecting into 1 pools in the table minecraft:chests/woodland_mansion
[07Jan2026 20:58:56.285] [Worker-Main-1/DEBUG] [Mantle/]: Injecting into 1 pools in the table minecraft:chests/bastion_treasure
[07Jan2026 20:58:56.293] [Worker-Main-1/DEBUG] [Mantle/]: Injecting into 1 pools in the table minecraft:chests/nether_bridge
[07Jan2026 20:58:56.320] [Worker-Main-1/DEBUG] [Mantle/]: Injecting into 1 pools in the table minecraft:gameplay/fishing/treasure
[07Jan2026 20:58:56.324] [Worker-Main-1/DEBUG] [Mantle/]: Injecting into 1 pools in the table minecraft:gameplay/hero_of_the_village/weaponsmith_gift
[07Jan2026 20:58:56.335] [Worker-Main-1/DEBUG] [Mantle/]: Injecting into 2 pools in the table minecraft:chests/simple_dungeon
[07Jan2026 20:58:56.349] [Worker-Main-1/DEBUG] [Mantle/]: Injecting into 1 pools in the table minecraft:chests/shipwreck_treasure
[07Jan2026 20:58:56.356] [Worker-Main-1/DEBUG] [Mantle/]: Injecting into 2 pools in the table minecraft:chests/spawn_bonus_chest
[07Jan2026 20:58:56.360] [Worker-Main-1/DEBUG] [Mantle/]: Injecting into 1 pools in the table minecraft:gameplay/piglin_bartering
[07Jan2026 20:58:56.367] [Worker-Main-1/DEBUG] [tombstone/]: Updating LootTables
[07Jan2026 20:58:56.381] [Worker-Main-1/DEBUG] [Mantle/]: Injecting into 1 pools in the table minecraft:chests/bastion_other
[07Jan2026 20:58:56.486] [main/WARN] [net.minecraft.world.level.storage.loot.LootDataManager/]: Found loot table element validation problem in {loot_tables:alexsmobs:gameplay/seal_reward}.pools[0].entries[0]->{minecraft:gameplay/fishing/junk}.pools[1].condition[1]: Parameters [<parameter minecraft:origin>] are not provided in this context
[07Jan2026 20:58:56.542] [main/INFO] [net.minecraft.world.item.crafting.RecipeManager/]: Skipping loading recipe twilightforest:jeed/frosted as it's serializer returned null
[07Jan2026 20:58:56.549] [main/INFO] [net.minecraft.world.item.crafting.RecipeManager/]: Skipping loading recipe twilightforest:jeed/hunger as it's serializer returned null
[07Jan2026 20:58:56.563] [main/INFO] [net.minecraft.world.item.crafting.RecipeManager/]: Skipping loading recipe tconstruct:smeltery/alloys/molten_pewter as it's serializer returned null
[07Jan2026 20:58:56.591] [main/INFO] [net.minecraft.world.item.crafting.RecipeManager/]: Skipping loading recipe twilightforest:jeed/blindness as it's serializer returned null
[07Jan2026 20:58:56.604] [main/INFO] [net.minecraft.world.item.crafting.RecipeManager/]: Skipping loading recipe twilightforest:jeed/poison as it's serializer returned null
[07Jan2026 20:58:56.637] [main/INFO] [net.minecraft.world.item.crafting.RecipeManager/]: Skipping loading recipe twilightforest:jeed/resistance as it's serializer returned null
[07Jan2026 20:58:56.660] [main/INFO] [net.minecraft.world.item.crafting.RecipeManager/]: Skipping loading recipe twilightforest:jeed/regeneration as it's serializer returned null
[07Jan2026 20:58:56.661] [main/INFO] [net.minecraft.world.item.crafting.RecipeManager/]: Skipping loading recipe twilightforest:jeed/slowness as it's serializer returned null
[07Jan2026 20:58:56.664] [main/INFO] [net.minecraft.world.item.crafting.RecipeManager/]: Skipping loading recipe twilightforest:jeed/fire_resistance as it's serializer returned null
[07Jan2026 20:58:56.668] [main/INFO] [net.minecraft.world.item.crafting.RecipeManager/]: Loaded 29 recipes
[07Jan2026 20:58:56.832] [main/INFO] [net.minecraft.advancements.AdvancementList/]: Loaded 3765 advancements
[07Jan2026 20:58:56.850] [main/INFO] [twilightforest/]: Loaded 9 Stalactite configs!
[07Jan2026 20:58:56.852] [main/DEBUG] [slimeknights.tconstruct.library.materials.definition.MaterialManager/]: Skipped loading material tconstruct:silver as it did not match the condition
[07Jan2026 20:58:56.853] [main/DEBUG] [slimeknights.tconstruct.library.materials.definition.MaterialManager/]: Skipped loading material tconstruct:pewter as it did not match the condition
[07Jan2026 20:58:56.853] [main/DEBUG] [slimeknights.tconstruct.library.materials.definition.MaterialManager/]: Skipped loading material tconstruct:bronze as it did not match the condition
[07Jan2026 20:58:56.853] [main/DEBUG] [slimeknights.tconstruct.library.materials.definition.MaterialManager/]: Skipped loading material tconstruct:invar as it did not match the condition
[07Jan2026 20:58:56.853] [main/DEBUG] [slimeknights.tconstruct.library.materials.definition.MaterialManager/]: Skipped loading material tconstruct:platinum as it did not match the condition
[07Jan2026 20:58:56.853] [main/DEBUG] [slimeknights.tconstruct.library.materials.definition.MaterialManager/]: Skipped loading material tconstruct:necronium as it did not match the condition
[07Jan2026 20:58:56.853] [main/DEBUG] [slimeknights.tconstruct.library.materials.definition.MaterialManager/]: Skipped loading material tconstruct:plated_slimewood as it did not match the condition
[07Jan2026 20:58:56.854] [main/DEBUG] [slimeknights.tconstruct.library.materials.definition.MaterialManager/]: Skipped loading material tconstruct:constantan as it did not match the condition
[07Jan2026 20:58:56.854] [main/DEBUG] [slimeknights.tconstruct.library.materials.definition.MaterialManager/]: Redirecting material tconstruct:chain to tconstruct:rose_gold
[07Jan2026 20:58:56.854] [main/DEBUG] [slimeknights.tconstruct.library.materials.definition.MaterialManager/]: Skipped loading material tconstruct:electrum as it did not match the condition
[07Jan2026 20:58:56.854] [main/DEBUG] [slimeknights.tconstruct.library.materials.definition.MaterialManager/]: Redirecting material tconstruct:bloodbone to tconstruct:venombone
[07Jan2026 20:58:56.854] [main/DEBUG] [slimeknights.tconstruct.library.materials.definition.MaterialManager/]: Skipped loading material tconstruct:osmium as it did not match the condition
[07Jan2026 20:58:56.854] [main/DEBUG] [slimeknights.tconstruct.library.materials.definition.MaterialManager/]: Skipped loading material tconstruct:lead as it did not match the condition
[07Jan2026 20:58:56.854] [main/DEBUG] [slimeknights.tconstruct.library.materials.definition.MaterialManager/]: Skipped loading material tconstruct:aluminum as it did not match the condition
[07Jan2026 20:58:56.855] [main/DEBUG] [slimeknights.tconstruct.library.materials.definition.MaterialManager/]: Skipped loading material tconstruct:tungsten as it did not match the condition
[07Jan2026 20:58:56.855] [main/DEBUG] [slimeknights.tconstruct.library.materials.definition.MaterialManager/]: Skipped loading material tconstruct:treated_wood as it did not match the condition
[07Jan2026 20:58:56.856] [main/DEBUG] [slimeknights.tconstruct.library.materials.definition.MaterialManager/]: Loaded materials: 
	tconstruct:slimeskin
	tconstruct:queens_slime
	tconstruct:twisting_vine
	tconstruct:honey
	tconstruct:copper
	tconstruct:phantom
	tconstruct:scorched_stone
	tconstruct:chorus
	tconstruct:whitestone
	tconstruct:ichorskin
	tconstruct:skyslime_vine
	tconstruct:obsidian
	tconstruct:steel
	tconstruct:amethyst_bronze
	tconstruct:ancient_hide
	tconstruct:hepatizon
	tconstruct:blood
	tconstruct:clay
	tconstruct:nahuatl
	tconstruct:wood
	tconstruct:ender_pearl
	tconstruct:pig_iron
	tconstruct:string
	tconstruct:ichor
	tconstruct:darkthread
	tconstruct:vine
	tconstruct:slimewood
	tconstruct:blazing_bone
	tconstruct:bone
	tconstruct:cinderslime
	tconstruct:venombone
	tconstruct:flint
	tconstruct:iron
	tconstruct:rotten_flesh
	tconstruct:necrotic_bone
	tconstruct:ancient
	tconstruct:enderslime_vine
	tconstruct:rose_gold
	tconstruct:glass
	tconstruct:seared_stone
	tconstruct:blazewood
	tconstruct:manyullyn
	tconstruct:ice
	tconstruct:magma
	tconstruct:weeping_vine
	tconstruct:gold
	tconstruct:bamboo
	tconstruct:rock
	tconstruct:earthslime
	tconstruct:cactus
	tconstruct:enderslime
	tconstruct:skyslime
	tconstruct:slimesteel
	tconstruct:cobalt
	tconstruct:leather
[07Jan2026 20:58:56.856] [main/DEBUG] [slimeknights.tconstruct.library.materials.definition.MaterialManager/]: Loaded redirects: 
	tconstruct:bloodbone
	tconstruct:chain
[07Jan2026 20:58:56.856] [main/INFO] [slimeknights.tconstruct.library.materials.definition.MaterialManager/]: Loaded 55 materials in 5.275549 ms
[07Jan2026 20:58:56.859] [main/INFO] [slimeknights.tconstruct.library.materials.definition.MaterialManager/]: Loaded 9 material tags for 39 materials in 3.000011 ms
[07Jan2026 20:58:56.868] [main/DEBUG] [slimeknights.tconstruct.library.materials.stats.MaterialStatsManager/]: Loaded stats for materials:
	tconstruct:silver - [tconstruct:plating_leggings, tconstruct:maille, tconstruct:handle, tconstruct:plating_shield, tconstruct:head, tconstruct:limb, tconstruct:plating_boots, tconstruct:plating_helmet, tconstruct:grip, tconstruct:binding, tconstruct:plating_chestplate]
	tconstruct:slimeskin - [tconstruct:maille, tconstruct:repair_kit, tconstruct:bowstring, tconstruct:cuirass]
	tconstruct:twisting_vine - [tconstruct:maille, tconstruct:bowstring, tconstruct:binding]
	tconstruct:queens_slime - [tconstruct:plating_leggings, tconstruct:maille, tconstruct:handle, tconstruct:plating_shield, tconstruct:head, tconstruct:limb, tconstruct:plating_boots, tconstruct:plating_helmet, tconstruct:grip, tconstruct:binding, tconstruct:plating_chestplate]
	tconstruct:honey - []
	tconstruct:scorched_stone - [tconstruct:plating_leggings, tconstruct:maille, tconstruct:handle, tconstruct:plating_shield, tconstruct:head, tconstruct:plating_boots, tconstruct:plating_helmet, tconstruct:binding, tconstruct:plating_chestplate]
	tconstruct:phantom - [tconstruct:repair_kit]
	tconstruct:copper - [tconstruct:plating_leggings, tconstruct:skull, tconstruct:maille, tconstruct:handle, tconstruct:plating_shield, tconstruct:head, tconstruct:limb, tconstruct:plating_boots, tconstruct:plating_helmet, tconstruct:grip, tconstruct:binding, tconstruct:plating_chestplate]
	tconstruct:pewter - [tconstruct:plating_leggings, tconstruct:maille, tconstruct:handle, tconstruct:plating_shield, tconstruct:head, tconstruct:limb, tconstruct:plating_boots, tconstruct:plating_helmet, tconstruct:grip, tconstruct:binding, tconstruct:plating_chestplate]
	tconstruct:whitestone - [tconstruct:handle, tconstruct:head, tconstruct:binding]
	tconstruct:chorus - [tconstruct:handle, tconstruct:shield_core, tconstruct:head, tconstruct:limb, tconstruct:grip, tconstruct:binding]
	tconstruct:ichorskin - [tconstruct:maille, tconstruct:repair_kit, tconstruct:cuirass]
	tconstruct:skyslime_vine - [tconstruct:maille, tconstruct:repair_kit, tconstruct:bowstring, tconstruct:cuirass, tconstruct:binding]
	tconstruct:bronze - [tconstruct:plating_leggings, tconstruct:maille, tconstruct:handle, tconstruct:plating_shield, tconstruct:head, tconstruct:limb, tconstruct:plating_boots, tconstruct:plating_helmet, tconstruct:grip, tconstruct:binding, tconstruct:plating_chestplate]
	tconstruct:obsidian - [tconstruct:plating_leggings, tconstruct:maille, tconstruct:plating_shield, tconstruct:plating_boots, tconstruct:plating_helmet, tconstruct:plating_chestplate]
	tconstruct:steel - [tconstruct:plating_leggings, tconstruct:maille, tconstruct:handle, tconstruct:plating_shield, tconstruct:head, tconstruct:limb, tconstruct:plating_boots, tconstruct:plating_helmet, tconstruct:grip, tconstruct:binding, tconstruct:plating_chestplate]
	tconstruct:invar - [tconstruct:plating_leggings, tconstruct:maille, tconstruct:handle, tconstruct:plating_shield, tconstruct:head, tconstruct:limb, tconstruct:plating_boots, tconstruct:plating_helmet, tconstruct:grip, tconstruct:binding, tconstruct:plating_chestplate]
	tconstruct:amethyst_bronze - [tconstruct:plating_leggings, tconstruct:maille, tconstruct:handle, tconstruct:plating_shield, tconstruct:head, tconstruct:limb, tconstruct:plating_boots, tconstruct:plating_helmet, tconstruct:grip, tconstruct:binding, tconstruct:plating_chestplate]
	tconstruct:ancient_hide - [tconstruct:maille, tconstruct:repair_kit, tconstruct:bowstring, tconstruct:cuirass, tconstruct:binding]
	tconstruct:hepatizon - [tconstruct:plating_leggings, tconstruct:maille, tconstruct:handle, tconstruct:plating_shield, tconstruct:head, tconstruct:limb, tconstruct:plating_boots, tconstruct:plating_helmet, tconstruct:grip, tconstruct:binding, tconstruct:plating_chestplate]
	tconstruct:blood - []
	tconstruct:clay - []
	tconstruct:wood - [tconstruct:handle, tconstruct:shield_core, tconstruct:head, tconstruct:limb, tconstruct:grip, tconstruct:binding]
	tconstruct:nahuatl - [tconstruct:handle, tconstruct:shield_core, tconstruct:head, tconstruct:limb, tconstruct:grip, tconstruct:binding]
	tconstruct:pig_iron - [tconstruct:plating_leggings, tconstruct:skull, tconstruct:maille, tconstruct:handle, tconstruct:plating_shield, tconstruct:head, tconstruct:plating_boots, tconstruct:plating_helmet, tconstruct:binding, tconstruct:plating_chestplate]
	tconstruct:ender_pearl - [tconstruct:skull]
	tconstruct:platinum - [tconstruct:handle, tconstruct:head, tconstruct:limb, tconstruct:grip, tconstruct:binding]
	tconstruct:string - [tconstruct:skull, tconstruct:bowstring, tconstruct:binding]
	tconstruct:necronium - [tconstruct:handle, tconstruct:head, tconstruct:limb, tconstruct:grip, tconstruct:binding]
	tconstruct:ichor - []
	tconstruct:darkthread - [tconstruct:skull, tconstruct:bowstring, tconstruct:binding]
	tconstruct:vine - [tconstruct:maille, tconstruct:bowstring, tconstruct:binding]
	tconstruct:slimewood - [tconstruct:handle, tconstruct:shield_core, tconstruct:head, tconstruct:limb, tconstruct:grip, tconstruct:binding]
	tconstruct:blazing_bone - [tconstruct:skull, tconstruct:handle, tconstruct:head, tconstruct:limb, tconstruct:grip, tconstruct:binding]
	tconstruct:plated_slimewood - [tconstruct:handle, tconstruct:head, tconstruct:limb, tconstruct:grip, tconstruct:binding]
	tconstruct:bone - [tconstruct:skull, tconstruct:handle, tconstruct:head, tconstruct:limb, tconstruct:grip, tconstruct:binding]
	tconstruct:cinderslime - [tconstruct:plating_leggings, tconstruct:maille, tconstruct:handle, tconstruct:plating_shield, tconstruct:head, tconstruct:limb, tconstruct:plating_boots, tconstruct:plating_helmet, tconstruct:grip, tconstruct:binding, tconstruct:plating_chestplate]
	tconstruct:constantan - [tconstruct:plating_leggings, tconstruct:maille, tconstruct:handle, tconstruct:plating_shield, tconstruct:head, tconstruct:limb, tconstruct:plating_boots, tconstruct:plating_helmet, tconstruct:grip, tconstruct:binding, tconstruct:plating_chestplate]
	tconstruct:venombone - [tconstruct:skull, tconstruct:handle, tconstruct:head, tconstruct:limb, tconstruct:grip, tconstruct:binding]
	tconstruct:iron - [tconstruct:plating_leggings, tconstruct:skull, tconstruct:maille, tconstruct:handle, tconstruct:plating_shield, tconstruct:head, tconstruct:limb, tconstruct:plating_boots, tconstruct:plating_helmet, tconstruct:grip, tconstruct:binding, tconstruct:plating_chestplate]
	tconstruct:flint - [tconstruct:handle, tconstruct:head, tconstruct:binding]
	tconstruct:rotten_flesh - [tconstruct:skull]
	tconstruct:necrotic_bone - [tconstruct:skull, tconstruct:handle, tconstruct:head, tconstruct:limb, tconstruct:grip, tconstruct:binding]
	tconstruct:rose_gold - [tconstruct:skull, tconstruct:limb, tconstruct:plating_helmet, tconstruct:grip, tconstruct:plating_leggings, tconstruct:maille, tconstruct:handle, tconstruct:bowstring, tconstruct:plating_shield, tconstruct:head, tconstruct:plating_boots, tconstruct:binding, tconstruct:plating_chestplate]
	tconstruct:enderslime_vine - [tconstruct:maille, tconstruct:repair_kit, tconstruct:bowstring, tconstruct:cuirass, tconstruct:binding]
	tconstruct:electrum - [tconstruct:plating_leggings, tconstruct:maille, tconstruct:handle, tconstruct:plating_shield, tconstruct:head, tconstruct:limb, tconstruct:plating_boots, tconstruct:plating_helmet, tconstruct:grip, tconstruct:binding, tconstruct:plating_chestplate]
	tconstruct:ancient - [tconstruct:plating_leggings, tconstruct:plating_shield, tconstruct:head, tconstruct:limb, tconstruct:plating_boots, tconstruct:plating_helmet, tconstruct:plating_chestplate]
	tconstruct:seared_stone - [tconstruct:plating_leggings, tconstruct:maille, tconstruct:handle, tconstruct:plating_shield, tconstruct:head, tconstruct:plating_boots, tconstruct:plating_helmet, tconstruct:binding, tconstruct:plating_chestplate]
	tconstruct:glass - [tconstruct:skull]
	tconstruct:osmium - [tconstruct:plating_leggings, tconstruct:maille, tconstruct:handle, tconstruct:plating_shield, tconstruct:head, tconstruct:plating_boots, tconstruct:plating_helmet, tconstruct:binding, tconstruct:plating_chestplate]
	tconstruct:manyullyn - [tconstruct:plating_leggings, tconstruct:maille, tconstruct:handle, tconstruct:plating_shield, tconstruct:head, tconstruct:limb, tconstruct:plating_boots, tconstruct:plating_helmet, tconstruct:grip, tconstruct:binding, tconstruct:plating_chestplate]
	tconstruct:blazewood - [tconstruct:repair_kit, tconstruct:shield_core]
	tconstruct:weeping_vine - [tconstruct:maille, tconstruct:bowstring, tconstruct:binding]
	tconstruct:magma - []
	tconstruct:lead - [tconstruct:plating_leggings, tconstruct:maille, tconstruct:handle, tconstruct:plating_shield, tconstruct:head, tconstruct:limb, tconstruct:plating_boots, tconstruct:plating_helmet, tconstruct:grip, tconstruct:binding, tconstruct:plating_chestplate]
	tconstruct:ice - [tconstruct:repair_kit, tconstruct:shield_core]
	tconstruct:gold - [tconstruct:plating_leggings, tconstruct:skull, tconstruct:maille, tconstruct:plating_shield, tconstruct:plating_boots, tconstruct:plating_helmet, tconstruct:plating_chestplate]
	tconstruct:aluminum - [tconstruct:plating_leggings, tconstruct:maille, tconstruct:plating_shield, tconstruct:limb, tconstruct:plating_boots, tconstruct:plating_helmet, tconstruct:grip, tconstruct:plating_chestplate]
	tconstruct:rock - [tconstruct:handle, tconstruct:head, tconstruct:binding]
	tconstruct:bamboo - [tconstruct:shield_core, tconstruct:limb, tconstruct:grip]
	tconstruct:tungsten - [tconstruct:plating_leggings, tconstruct:maille, tconstruct:handle, tconstruct:plating_shield, tconstruct:head, tconstruct:limb, tconstruct:plating_boots, tconstruct:plating_helmet, tconstruct:grip, tconstruct:binding, tconstruct:plating_chestplate]
	tconstruct:earthslime - []
	tconstruct:cactus - [tconstruct:repair_kit, tconstruct:shield_core]
	tconstruct:skyslime - []
	tconstruct:enderslime - [tconstruct:repair_kit]
	tconstruct:treated_wood - [tconstruct:handle, tconstruct:shield_core, tconstruct:head, tconstruct:limb, tconstruct:grip, tconstruct:binding]
	tconstruct:slimesteel - [tconstruct:plating_leggings, tconstruct:maille, tconstruct:handle, tconstruct:plating_shield, tconstruct:head, tconstruct:limb, tconstruct:plating_boots, tconstruct:plating_helmet, tconstruct:grip, tconstruct:binding, tconstruct:plating_chestplate]
	tconstruct:cobalt - [tconstruct:plating_leggings, tconstruct:maille, tconstruct:handle, tconstruct:plating_shield, tconstruct:head, tconstruct:limb, tconstruct:plating_boots, tconstruct:plating_helmet, tconstruct:grip, tconstruct:binding, tconstruct:plating_chestplate]
	tconstruct:leather - [tconstruct:maille, tconstruct:repair_kit, tconstruct:bowstring, tconstruct:cuirass, tconstruct:binding]
[07Jan2026 20:58:56.868] [main/INFO] [slimeknights.tconstruct.library.materials.stats.MaterialStatsManager/]: 412 stats loaded for 69 materials in 9.199763 ms
[07Jan2026 20:58:56.872] [main/DEBUG] [slimeknights.tconstruct.library.materials.traits.MaterialTraitsManager/]: Loaded traits for material 'tconstruct:silver': 
	Default - []
	tconstruct:ranged - [ModifierEntry{tconstruct:holy,level=1}]
	tconstruct:armor - [ModifierEntry{tconstruct:consecrated,level=1}]
	tconstruct:melee_harvest - [ModifierEntry{tconstruct:smite,level=1}]
	tconstruct:shield_core - [ModifierEntry{tconstruct:consecrated,level=1}]
	tconstruct:limb - [ModifierEntry{tconstruct:holy,level=1}]
	tconstruct:plating_helmet - [ModifierEntry{tconstruct:consecrated,level=1}]
	tconstruct:grip - [ModifierEntry{tconstruct:holy,level=1}]
	tconstruct:plating_leggings - [ModifierEntry{tconstruct:consecrated,level=1}]
	tconstruct:maille - [ModifierEntry{tconstruct:consecrated,level=1}]
	tconstruct:handle - [ModifierEntry{tconstruct:smite,level=1}]
	tconstruct:bowstring - [ModifierEntry{tconstruct:holy,level=1}]
	tconstruct:plating_shield - [ModifierEntry{tconstruct:consecrated,level=1}]
	tconstruct:head - [ModifierEntry{tconstruct:smite,level=1}]
	tconstruct:plating_boots - [ModifierEntry{tconstruct:consecrated,level=1}]
	tconstruct:cuirass - [ModifierEntry{tconstruct:consecrated,level=1}]
	tconstruct:binding - [ModifierEntry{tconstruct:smite,level=1}]
	tconstruct:plating_chestplate - [ModifierEntry{tconstruct:consecrated,level=1}]
[07Jan2026 20:58:56.873] [main/DEBUG] [slimeknights.tconstruct.library.materials.traits.MaterialTraitsManager/]: Loaded traits for material 'tconstruct:slimeskin': 
	Default - [ModifierEntry{tconstruct:overgrowth,level=1}, ModifierEntry{tconstruct:overslime,level=1}]
	
[07Jan2026 20:58:56.873] [main/DEBUG] [slimeknights.tconstruct.library.materials.traits.MaterialTraitsManager/]: Loaded traits for material 'tconstruct:twisting_vine': 
	Default - [ModifierEntry{tconstruct:entangled,level=1}]
	
[07Jan2026 20:58:56.873] [main/DEBUG] [slimeknights.tconstruct.library.materials.traits.MaterialTraitsManager/]: Loaded traits for material 'tconstruct:queens_slime': 
	Default - [ModifierEntry{tconstruct:overlord,level=1}, ModifierEntry{tconstruct:overslime,level=1}]
	
[07Jan2026 20:58:56.873] [main/DEBUG] [slimeknights.tconstruct.library.materials.traits.MaterialTraitsManager/]: Loaded traits for material 'tconstruct:honey': 
	Default - []
	
[07Jan2026 20:58:56.873] [main/DEBUG] [slimeknights.tconstruct.library.materials.traits.MaterialTraitsManager/]: Loaded traits for material 'tconstruct:scorched_stone': 
	Default - [ModifierEntry{tconstruct:scorching,level=1}]
	tconstruct:armor - [ModifierEntry{tconstruct:scorch_protection,level=1}]
	tconstruct:shield_core - [ModifierEntry{tconstruct:scorch_protection,level=1}]
	tconstruct:plating_helmet - [ModifierEntry{tconstruct:scorch_protection,level=1}]
	tconstruct:plating_leggings - [ModifierEntry{tconstruct:scorch_protection,level=1}]
	tconstruct:maille - [ModifierEntry{tconstruct:scorch_protection,level=1}]
	tconstruct:plating_shield - [ModifierEntry{tconstruct:scorch_protection,level=1}]
	tconstruct:plating_boots - [ModifierEntry{tconstruct:scorch_protection,level=1}]
	tconstruct:cuirass - [ModifierEntry{tconstruct:scorch_protection,level=1}]
	tconstruct:plating_chestplate - [ModifierEntry{tconstruct:scorch_protection,level=1}]
[07Jan2026 20:58:56.873] [main/DEBUG] [slimeknights.tconstruct.library.materials.traits.MaterialTraitsManager/]: Loaded traits for material 'tconstruct:phantom': 
	Default - []
	
[07Jan2026 20:58:56.873] [main/DEBUG] [slimeknights.tconstruct.library.materials.traits.MaterialTraitsManager/]: Loaded traits for material 'tconstruct:copper': 
	Default - [ModifierEntry{tconstruct:dwarven,level=1}]
	tconstruct:armor - [ModifierEntry{tconstruct:depth_protection,level=1}]
	tconstruct:skull - [ModifierEntry{tconstruct:breathtaking,level=1}, ModifierEntry{tconstruct:drowned_disguise,level=1}]
	tconstruct:shield_core - [ModifierEntry{tconstruct:depth_protection,level=1}]
	tconstruct:plating_helmet - [ModifierEntry{tconstruct:depth_protection,level=1}]
	tconstruct:plating_leggings - [ModifierEntry{tconstruct:depth_protection,level=1}]
	tconstruct:maille - [ModifierEntry{tconstruct:depth_protection,level=1}]
	tconstruct:plating_shield - [ModifierEntry{tconstruct:depth_protection,level=1}]
	tconstruct:plating_boots - [ModifierEntry{tconstruct:depth_protection,level=1}]
	tconstruct:cuirass - [ModifierEntry{tconstruct:depth_protection,level=1}]
	tconstruct:plating_chestplate - [ModifierEntry{tconstruct:depth_protection,level=1}]
[07Jan2026 20:58:56.873] [main/DEBUG] [slimeknights.tconstruct.library.materials.traits.MaterialTraitsManager/]: Loaded traits for material 'tconstruct:pewter': 
	Default - [ModifierEntry{tconstruct:raging,level=1}]
	tconstruct:armor - [ModifierEntry{tconstruct:vital_protection,level=1}]
	tconstruct:shield_core - [ModifierEntry{tconstruct:vital_protection,level=1}]
	tconstruct:plating_helmet - [ModifierEntry{tconstruct:vital_protection,level=1}]
	tconstruct:plating_leggings - [ModifierEntry{tconstruct:vital_protection,level=1}]
	tconstruct:maille - [ModifierEntry{tconstruct:vital_protection,level=1}]
	tconstruct:plating_shield - [ModifierEntry{tconstruct:vital_protection,level=1}]
	tconstruct:plating_boots - [ModifierEntry{tconstruct:vital_protection,level=1}]
	tconstruct:cuirass - [ModifierEntry{tconstruct:vital_protection,level=1}]
	tconstruct:plating_chestplate - [ModifierEntry{tconstruct:vital_protection,level=1}]
[07Jan2026 20:58:56.873] [main/DEBUG] [slimeknights.tconstruct.library.materials.traits.MaterialTraitsManager/]: Loaded traits for material 'tconstruct:whitestone': 
	Default - [ModifierEntry{tconstruct:stoneshield,level=1}]
	
[07Jan2026 20:58:56.873] [main/DEBUG] [slimeknights.tconstruct.library.materials.traits.MaterialTraitsManager/]: Loaded traits for material 'tconstruct:chorus': 
	Default - [ModifierEntry{tconstruct:enderference,level=1}]
	tconstruct:armor - [ModifierEntry{tconstruct:enderclearance,level=1}]
	tconstruct:shield_core - [ModifierEntry{tconstruct:enderclearance,level=1}]
	tconstruct:plating_helmet - [ModifierEntry{tconstruct:enderclearance,level=1}]
	tconstruct:plating_leggings - [ModifierEntry{tconstruct:enderclearance,level=1}]
	tconstruct:maille - [ModifierEntry{tconstruct:enderclearance,level=1}]
	tconstruct:plating_shield - [ModifierEntry{tconstruct:enderclearance,level=1}]
	tconstruct:plating_boots - [ModifierEntry{tconstruct:enderclearance,level=1}]
	tconstruct:cuirass - [ModifierEntry{tconstruct:enderclearance,level=1}]
	tconstruct:plating_chestplate - [ModifierEntry{tconstruct:enderclearance,level=1}]
[07Jan2026 20:58:56.873] [main/DEBUG] [slimeknights.tconstruct.library.materials.traits.MaterialTraitsManager/]: Loaded traits for material 'tconstruct:ichorskin': 
	Default - [ModifierEntry{tconstruct:overshield,level=1}, ModifierEntry{tconstruct:overslime,level=1}]
	
[07Jan2026 20:58:56.873] [main/DEBUG] [slimeknights.tconstruct.library.materials.traits.MaterialTraitsManager/]: Loaded traits for material 'tconstruct:skyslime_vine': 
	Default - [ModifierEntry{tconstruct:airborne,level=1}]
	tconstruct:armor - [ModifierEntry{tconstruct:skyfall,level=1}]
	tconstruct:shield_core - [ModifierEntry{tconstruct:skyfall,level=1}]
	tconstruct:plating_helmet - [ModifierEntry{tconstruct:skyfall,level=1}]
	tconstruct:plating_leggings - [ModifierEntry{tconstruct:skyfall,level=1}]
	tconstruct:maille - [ModifierEntry{tconstruct:skyfall,level=1}]
	tconstruct:plating_shield - [ModifierEntry{tconstruct:skyfall,level=1}]
	tconstruct:plating_boots - [ModifierEntry{tconstruct:skyfall,level=1}]
	tconstruct:cuirass - [ModifierEntry{tconstruct:skyfall,level=1}]
	tconstruct:plating_chestplate - [ModifierEntry{tconstruct:skyfall,level=1}]
[07Jan2026 20:58:56.874] [main/DEBUG] [slimeknights.tconstruct.library.materials.traits.MaterialTraitsManager/]: Loaded traits for material 'tconstruct:bronze': 
	Default - [ModifierEntry{tconstruct:maintained,level=1}]
	
[07Jan2026 20:58:56.874] [main/DEBUG] [slimeknights.tconstruct.library.materials.traits.MaterialTraitsManager/]: Loaded traits for material 'tconstruct:obsidian': 
	Default - []
	tconstruct:armor - [ModifierEntry{tconstruct:blast_protection,level=1}]
	tconstruct:shield_core - [ModifierEntry{tconstruct:blast_protection,level=1}]
	tconstruct:plating_helmet - [ModifierEntry{tconstruct:blast_protection,level=1}]
	tconstruct:plating_leggings - [ModifierEntry{tconstruct:blast_protection,level=1}]
	tconstruct:maille - [ModifierEntry{tconstruct:blast_protection,level=1}]
	tconstruct:plating_shield - [ModifierEntry{tconstruct:blast_protection,level=1}]
	tconstruct:plating_boots - [ModifierEntry{tconstruct:blast_protection,level=1}]
	tconstruct:cuirass - [ModifierEntry{tconstruct:blast_protection,level=1}]
	tconstruct:plating_chestplate - [ModifierEntry{tconstruct:blast_protection,level=1}]
[07Jan2026 20:58:56.874] [main/DEBUG] [slimeknights.tconstruct.library.materials.traits.MaterialTraitsManager/]: Loaded traits for material 'tconstruct:steel': 
	Default - [ModifierEntry{tconstruct:ductile,level=1}]
	
[07Jan2026 20:58:56.874] [main/DEBUG] [slimeknights.tconstruct.library.materials.traits.MaterialTraitsManager/]: Loaded traits for material 'tconstruct:invar': 
	Default - [ModifierEntry{tconstruct:invariant,level=1}]
	
[07Jan2026 20:58:56.874] [main/DEBUG] [slimeknights.tconstruct.library.materials.traits.MaterialTraitsManager/]: Loaded traits for material 'tconstruct:amethyst_bronze': 
	Default - []
	tconstruct:ranged - [ModifierEntry{tconstruct:crystalbound,level=1}]
	tconstruct:armor - [ModifierEntry{tconstruct:crystalstrike,level=1}]
	tconstruct:melee_harvest - [ModifierEntry{tconstruct:crumbling,level=1}]
	tconstruct:shield_core - [ModifierEntry{tconstruct:crystalstrike,level=1}]
	tconstruct:limb - [ModifierEntry{tconstruct:crystalbound,level=1}]
	tconstruct:plating_helmet - [ModifierEntry{tconstruct:crystalstrike,level=1}]
	tconstruct:grip - [ModifierEntry{tconstruct:crystalbound,level=1}]
	tconstruct:plating_leggings - [ModifierEntry{tconstruct:crystalstrike,level=1}]
	tconstruct:maille - [ModifierEntry{tconstruct:crystalstrike,level=1}]
	tconstruct:handle - [ModifierEntry{tconstruct:crumbling,level=1}]
	tconstruct:bowstring - [ModifierEntry{tconstruct:crystalbound,level=1}]
	tconstruct:plating_shield - [ModifierEntry{tconstruct:crystalstrike,level=1}]
	tconstruct:head - [ModifierEntry{tconstruct:crumbling,level=1}]
	tconstruct:plating_boots - [ModifierEntry{tconstruct:crystalstrike,level=1}]
	tconstruct:cuirass - [ModifierEntry{tconstruct:crystalstrike,level=1}]
	tconstruct:binding - [ModifierEntry{tconstruct:crumbling,level=1}]
	tconstruct:plating_chestplate - [ModifierEntry{tconstruct:crystalstrike,level=1}]
[07Jan2026 20:58:56.874] [main/DEBUG] [slimeknights.tconstruct.library.materials.traits.MaterialTraitsManager/]: Loaded traits for material 'tconstruct:ancient_hide': 
	Default - [ModifierEntry{tconstruct:fortified,level=1}]
	tconstruct:melee_harvest - [ModifierEntry{tconstruct:fortune,level=1}]
	tconstruct:handle - [ModifierEntry{tconstruct:fortune,level=1}]
	tconstruct:head - [ModifierEntry{tconstruct:fortune,level=1}]
	tconstruct:binding - [ModifierEntry{tconstruct:fortune,level=1}]
[07Jan2026 20:58:56.874] [main/DEBUG] [slimeknights.tconstruct.library.materials.traits.MaterialTraitsManager/]: Loaded traits for material 'tconstruct:hepatizon': 
	Default - [ModifierEntry{tconstruct:momentum,level=1}]
	tconstruct:armor - [ModifierEntry{tconstruct:recurrent_protection,level=1}]
	tconstruct:shield_core - [ModifierEntry{tconstruct:recurrent_protection,level=1}]
	tconstruct:plating_helmet - [ModifierEntry{tconstruct:recurrent_protection,level=1}]
	tconstruct:plating_leggings - [ModifierEntry{tconstruct:recurrent_protection,level=1}]
	tconstruct:maille - [ModifierEntry{tconstruct:recurrent_protection,level=1}]
	tconstruct:plating_shield - [ModifierEntry{tconstruct:recurrent_protection,level=1}]
	tconstruct:plating_boots - [ModifierEntry{tconstruct:recurrent_protection,level=1}]
	tconstruct:cuirass - [ModifierEntry{tconstruct:recurrent_protection,level=1}]
	tconstruct:plating_chestplate - [ModifierEntry{tconstruct:recurrent_protection,level=1}]
[07Jan2026 20:58:56.874] [main/DEBUG] [slimeknights.tconstruct.library.materials.traits.MaterialTraitsManager/]: Loaded traits for material 'tconstruct:blood': 
	Default - []
	
[07Jan2026 20:58:56.874] [main/DEBUG] [slimeknights.tconstruct.library.materials.traits.MaterialTraitsManager/]: Loaded traits for material 'tconstruct:clay': 
	Default - []
	
[07Jan2026 20:58:56.874] [main/DEBUG] [slimeknights.tconstruct.library.materials.traits.MaterialTraitsManager/]: Loaded traits for material 'tconstruct:wood': 
	Default - [ModifierEntry{tconstruct:cultivated,level=1}]
	
[07Jan2026 20:58:56.874] [main/DEBUG] [slimeknights.tconstruct.library.materials.traits.MaterialTraitsManager/]: Loaded traits for material 'tconstruct:nahuatl': 
	Default - [ModifierEntry{tconstruct:lacerating,level=1}]
	
[07Jan2026 20:58:56.874] [main/DEBUG] [slimeknights.tconstruct.library.materials.traits.MaterialTraitsManager/]: Loaded traits for material 'tconstruct:pig_iron': 
	Default - [ModifierEntry{tconstruct:tasty,level=1}]
	tconstruct:skull - [ModifierEntry{tconstruct:revenge,level=1}, ModifierEntry{tconstruct:zombified_piglin_disguise,level=1}]
[07Jan2026 20:58:56.874] [main/DEBUG] [slimeknights.tconstruct.library.materials.traits.MaterialTraitsManager/]: Loaded traits for material 'tconstruct:ender_pearl': 
	Default - []
	tconstruct:skull - [ModifierEntry{tconstruct:enderdodging,level=1}, ModifierEntry{tconstruct:enderman_disguise,level=1}]
[07Jan2026 20:58:56.874] [main/DEBUG] [slimeknights.tconstruct.library.materials.traits.MaterialTraitsManager/]: Loaded traits for material 'tconstruct:platinum': 
	Default - []
	tconstruct:ranged - [ModifierEntry{tconstruct:olympic,level=1}]
	tconstruct:melee_harvest - [ModifierEntry{tconstruct:lustrous,level=1}]
	tconstruct:limb - [ModifierEntry{tconstruct:olympic,level=1}]
	tconstruct:grip - [ModifierEntry{tconstruct:olympic,level=1}]
	tconstruct:handle - [ModifierEntry{tconstruct:lustrous,level=1}]
	tconstruct:bowstring - [ModifierEntry{tconstruct:olympic,level=1}]
	tconstruct:head - [ModifierEntry{tconstruct:lustrous,level=1}]
	tconstruct:binding - [ModifierEntry{tconstruct:lustrous,level=1}]
[07Jan2026 20:58:56.875] [main/DEBUG] [slimeknights.tconstruct.library.materials.traits.MaterialTraitsManager/]: Loaded traits for material 'tconstruct:string': 
	Default - [ModifierEntry{tconstruct:stringy,level=1}]
	tconstruct:skull - [ModifierEntry{tconstruct:boon_of_sssss,level=1}, ModifierEntry{tconstruct:spider_disguise,level=1}]
[07Jan2026 20:58:56.875] [main/DEBUG] [slimeknights.tconstruct.library.materials.traits.MaterialTraitsManager/]: Loaded traits for material 'tconstruct:necronium': 
	Default - [ModifierEntry{tconstruct:decay,level=1}]
	
[07Jan2026 20:58:56.875] [main/DEBUG] [slimeknights.tconstruct.library.materials.traits.MaterialTraitsManager/]: Loaded traits for material 'tconstruct:ichor': 
	Default - []
	
[07Jan2026 20:58:56.875] [main/DEBUG] [slimeknights.tconstruct.library.materials.traits.MaterialTraitsManager/]: Loaded traits for material 'tconstruct:darkthread': 
	Default - [ModifierEntry{tconstruct:looting,level=1}]
	tconstruct:skull - [ModifierEntry{tconstruct:mithridatism,level=1}, ModifierEntry{tconstruct:cave_spider_disguise,level=1}]
[07Jan2026 20:58:56.875] [main/DEBUG] [slimeknights.tconstruct.library.materials.traits.MaterialTraitsManager/]: Loaded traits for material 'tconstruct:vine': 
	Default - [ModifierEntry{tconstruct:solar_powered,level=1}]
	
[07Jan2026 20:58:56.875] [main/DEBUG] [slimeknights.tconstruct.library.materials.traits.MaterialTraitsManager/]: Loaded traits for material 'tconstruct:slimewood': 
	Default - [ModifierEntry{tconstruct:overgrowth,level=1}, ModifierEntry{tconstruct:overslime,level=1}]
	
[07Jan2026 20:58:56.875] [main/DEBUG] [slimeknights.tconstruct.library.materials.traits.MaterialTraitsManager/]: Loaded traits for material 'tconstruct:blazing_bone': 
	Default - [ModifierEntry{tconstruct:conducting,level=1}]
	tconstruct:skull - [ModifierEntry{tconstruct:firebreath,level=1}, ModifierEntry{tconstruct:blaze_disguise,level=1}]
[07Jan2026 20:58:56.875] [main/DEBUG] [slimeknights.tconstruct.library.materials.traits.MaterialTraitsManager/]: Loaded traits for material 'tconstruct:plated_slimewood': 
	Default - [ModifierEntry{tconstruct:overworked,level=1}, ModifierEntry{tconstruct:overslime,level=1}]
	
[07Jan2026 20:58:56.875] [main/DEBUG] [slimeknights.tconstruct.library.materials.traits.MaterialTraitsManager/]: Loaded traits for material 'tconstruct:bone': 
	Default - [ModifierEntry{tconstruct:pierce,level=1}]
	tconstruct:skull - [ModifierEntry{tconstruct:strong_bones,level=1}, ModifierEntry{tconstruct:skeleton_disguise,level=1}]
[07Jan2026 20:58:56.875] [main/DEBUG] [slimeknights.tconstruct.library.materials.traits.MaterialTraitsManager/]: Loaded traits for material 'tconstruct:cinderslime': 
	Default - [ModifierEntry{tconstruct:overburn,level=1}, ModifierEntry{tconstruct:overslime,level=1}]
	
[07Jan2026 20:58:56.875] [main/DEBUG] [slimeknights.tconstruct.library.materials.traits.MaterialTraitsManager/]: Loaded traits for material 'tconstruct:constantan': 
	Default - [ModifierEntry{tconstruct:temperate,level=1}]
	
[07Jan2026 20:58:56.875] [main/DEBUG] [slimeknights.tconstruct.library.materials.traits.MaterialTraitsManager/]: Loaded traits for material 'tconstruct:venombone': 
	Default - [ModifierEntry{tconstruct:antitoxin,level=1}]
	tconstruct:skull - [ModifierEntry{tconstruct:frosttouch,level=1}, ModifierEntry{tconstruct:stray_disguise,level=1}]
[07Jan2026 20:58:56.875] [main/DEBUG] [slimeknights.tconstruct.library.materials.traits.MaterialTraitsManager/]: Loaded traits for material 'tconstruct:iron': 
	Default - [ModifierEntry{tconstruct:magnetic,level=1}]
	tconstruct:armor - [ModifierEntry{tconstruct:projectile_protection,level=1}]
	tconstruct:skull - [ModifierEntry{tconstruct:plague,level=1}, ModifierEntry{tconstruct:husk_disguise,level=1}]
	tconstruct:shield_core - [ModifierEntry{tconstruct:projectile_protection,level=1}]
	tconstruct:plating_helmet - [ModifierEntry{tconstruct:projectile_protection,level=1}]
	tconstruct:plating_leggings - [ModifierEntry{tconstruct:projectile_protection,level=1}]
	tconstruct:maille - [ModifierEntry{tconstruct:projectile_protection,level=1}]
	tconstruct:plating_shield - [ModifierEntry{tconstruct:projectile_protection,level=1}]
	tconstruct:plating_boots - [ModifierEntry{tconstruct:projectile_protection,level=1}]
	tconstruct:cuirass - [ModifierEntry{tconstruct:projectile_protection,level=1}]
	tconstruct:plating_chestplate - [ModifierEntry{tconstruct:projectile_protection,level=1}]
[07Jan2026 20:58:56.875] [main/DEBUG] [slimeknights.tconstruct.library.materials.traits.MaterialTraitsManager/]: Loaded traits for material 'tconstruct:flint': 
	Default - [ModifierEntry{tconstruct:jagged,level=1}]
	
[07Jan2026 20:58:56.875] [main/DEBUG] [slimeknights.tconstruct.library.materials.traits.MaterialTraitsManager/]: Loaded traits for material 'tconstruct:rotten_flesh': 
	Default - []
	tconstruct:skull - [ModifierEntry{tconstruct:wildfire,level=1}, ModifierEntry{tconstruct:zombie_disguise,level=1}]
[07Jan2026 20:58:56.875] [main/DEBUG] [slimeknights.tconstruct.library.materials.traits.MaterialTraitsManager/]: Loaded traits for material 'tconstruct:necrotic_bone': 
	Default - [ModifierEntry{tconstruct:necrotic,level=1}]
	tconstruct:skull - [ModifierEntry{tconstruct:withered,level=1}, ModifierEntry{tconstruct:wither_skeleton_disguise,level=1}]
[07Jan2026 20:58:56.875] [main/DEBUG] [slimeknights.tconstruct.library.materials.traits.MaterialTraitsManager/]: Loaded traits for material 'tconstruct:rose_gold': 
	Default - [ModifierEntry{tconstruct:enhanced,level=1}]
	tconstruct:skull - [ModifierEntry{tconstruct:gold_guard,level=1}, ModifierEntry{tconstruct:piglin_brute_disguise,level=1}, ModifierEntry{tconstruct:golden,level=1}]
[07Jan2026 20:58:56.876] [main/DEBUG] [slimeknights.tconstruct.library.materials.traits.MaterialTraitsManager/]: Loaded traits for material 'tconstruct:enderslime_vine': 
	Default - [ModifierEntry{tconstruct:enderporting,level=1}]
	tconstruct:armor - [ModifierEntry{tconstruct:enderclearance,level=1}]
	tconstruct:shield_core - [ModifierEntry{tconstruct:enderclearance,level=1}]
	tconstruct:plating_helmet - [ModifierEntry{tconstruct:enderclearance,level=1}]
	tconstruct:plating_leggings - [ModifierEntry{tconstruct:enderclearance,level=1}]
	tconstruct:maille - [ModifierEntry{tconstruct:enderclearance,level=1}]
	tconstruct:plating_shield - [ModifierEntry{tconstruct:enderclearance,level=1}]
	tconstruct:plating_boots - [ModifierEntry{tconstruct:enderclearance,level=1}]
	tconstruct:cuirass - [ModifierEntry{tconstruct:enderclearance,level=1}]
	tconstruct:plating_chestplate - [ModifierEntry{tconstruct:enderclearance,level=1}]
[07Jan2026 20:58:56.876] [main/DEBUG] [slimeknights.tconstruct.library.materials.traits.MaterialTraitsManager/]: Loaded traits for material 'tconstruct:electrum': 
	Default - [ModifierEntry{tconstruct:experienced,level=1}]
	
[07Jan2026 20:58:56.876] [main/DEBUG] [slimeknights.tconstruct.library.materials.traits.MaterialTraitsManager/]: Loaded traits for material 'tconstruct:ancient': 
	Default - [ModifierEntry{tconstruct:vintage,level=1}, ModifierEntry{tconstruct:worldbound,level=1}]
	
[07Jan2026 20:58:56.876] [main/DEBUG] [slimeknights.tconstruct.library.materials.traits.MaterialTraitsManager/]: Loaded traits for material 'tconstruct:seared_stone': 
	Default - [ModifierEntry{tconstruct:searing,level=1}]
	tconstruct:armor - [ModifierEntry{tconstruct:fire_protection,level=1}]
	tconstruct:shield_core - [ModifierEntry{tconstruct:fire_protection,level=1}]
	tconstruct:plating_helmet - [ModifierEntry{tconstruct:fire_protection,level=1}]
	tconstruct:plating_leggings - [ModifierEntry{tconstruct:fire_protection,level=1}]
	tconstruct:maille - [ModifierEntry{tconstruct:fire_protection,level=1}]
	tconstruct:plating_shield - [ModifierEntry{tconstruct:fire_protection,level=1}]
	tconstruct:plating_boots - [ModifierEntry{tconstruct:fire_protection,level=1}]
	tconstruct:cuirass - [ModifierEntry{tconstruct:fire_protection,level=1}]
	tconstruct:plating_chestplate - [ModifierEntry{tconstruct:fire_protection,level=1}]
[07Jan2026 20:58:56.876] [main/DEBUG] [slimeknights.tconstruct.library.materials.traits.MaterialTraitsManager/]: Loaded traits for material 'tconstruct:glass': 
	Default - []
	tconstruct:skull - [ModifierEntry{tconstruct:self_destructive,level=1}, ModifierEntry{tconstruct:creeper_disguise,level=1}]
[07Jan2026 20:58:56.876] [main/DEBUG] [slimeknights.tconstruct.library.materials.traits.MaterialTraitsManager/]: Loaded traits for material 'tconstruct:osmium': 
	Default - [ModifierEntry{tconstruct:dense,level=1}]
	
[07Jan2026 20:58:56.876] [main/DEBUG] [slimeknights.tconstruct.library.materials.traits.MaterialTraitsManager/]: Loaded traits for material 'tconstruct:manyullyn': 
	Default - [ModifierEntry{tconstruct:insatiable,level=1}]
	tconstruct:armor - [ModifierEntry{tconstruct:kinetic,level=1}]
	tconstruct:shield_core - [ModifierEntry{tconstruct:kinetic,level=1}]
	tconstruct:plating_helmet - [ModifierEntry{tconstruct:kinetic,level=1}]
	tconstruct:plating_leggings - [ModifierEntry{tconstruct:kinetic,level=1}]
	tconstruct:maille - [ModifierEntry{tconstruct:kinetic,level=1}]
	tconstruct:plating_shield - [ModifierEntry{tconstruct:kinetic,level=1}]
	tconstruct:plating_boots - [ModifierEntry{tconstruct:kinetic,level=1}]
	tconstruct:cuirass - [ModifierEntry{tconstruct:kinetic,level=1}]
	tconstruct:plating_chestplate - [ModifierEntry{tconstruct:kinetic,level=1}]
[07Jan2026 20:58:56.876] [main/DEBUG] [slimeknights.tconstruct.library.materials.traits.MaterialTraitsManager/]: Loaded traits for material 'tconstruct:blazewood': 
	Default - [ModifierEntry{tconstruct:flame_barrier,level=1}]
	
[07Jan2026 20:58:56.876] [main/DEBUG] [slimeknights.tconstruct.library.materials.traits.MaterialTraitsManager/]: Loaded traits for material 'tconstruct:weeping_vine': 
	Default - [ModifierEntry{tconstruct:flamestance,level=1}]
	
[07Jan2026 20:58:56.876] [main/DEBUG] [slimeknights.tconstruct.library.materials.traits.MaterialTraitsManager/]: Loaded traits for material 'tconstruct:magma': 
	Default - []
	
[07Jan2026 20:58:56.876] [main/DEBUG] [slimeknights.tconstruct.library.materials.traits.MaterialTraitsManager/]: Loaded traits for material 'tconstruct:lead': 
	Default - [ModifierEntry{tconstruct:heavy,level=1}]
	
[07Jan2026 20:58:56.876] [main/DEBUG] [slimeknights.tconstruct.library.materials.traits.MaterialTraitsManager/]: Loaded traits for material 'tconstruct:ice': 
	Default - [ModifierEntry{tconstruct:frostshield,level=1}]
	
[07Jan2026 20:58:56.876] [main/DEBUG] [slimeknights.tconstruct.library.materials.traits.MaterialTraitsManager/]: Loaded traits for material 'tconstruct:gold': 
	Default - []
	tconstruct:armor - [ModifierEntry{tconstruct:golden,level=1}, ModifierEntry{tconstruct:magic_protection,level=1}]
	tconstruct:skull - [ModifierEntry{tconstruct:chrysophilite,level=1}, ModifierEntry{tconstruct:piglin_disguise,level=1}, ModifierEntry{tconstruct:golden,level=1}]
	tconstruct:plating_shield - [ModifierEntry{tconstruct:magic_protection,level=1}]
	tconstruct:shield_core - [ModifierEntry{tconstruct:golden,level=1}, ModifierEntry{tconstruct:magic_protection,level=1}]
	tconstruct:plating_helmet - [ModifierEntry{tconstruct:golden,level=1}, ModifierEntry{tconstruct:magic_protection,level=1}]
	tconstruct:plating_leggings - [ModifierEntry{tconstruct:golden,level=1}, ModifierEntry{tconstruct:magic_protection,level=1}]
	tconstruct:maille - [ModifierEntry{tconstruct:golden,level=1}, ModifierEntry{tconstruct:magic_protection,level=1}]
	tconstruct:plating_boots - [ModifierEntry{tconstruct:golden,level=1}, ModifierEntry{tconstruct:magic_protection,level=1}]
	tconstruct:cuirass - [ModifierEntry{tconstruct:golden,level=1}, ModifierEntry{tconstruct:magic_protection,level=1}]
	tconstruct:plating_chestplate - [ModifierEntry{tconstruct:golden,level=1}, ModifierEntry{tconstruct:magic_protection,level=1}]
[07Jan2026 20:58:56.876] [main/DEBUG] [slimeknights.tconstruct.library.materials.traits.MaterialTraitsManager/]: Loaded traits for material 'tconstruct:aluminum': 
	Default - [ModifierEntry{tconstruct:featherweight,level=1}]
	
[07Jan2026 20:58:56.876] [main/DEBUG] [slimeknights.tconstruct.library.materials.traits.MaterialTraitsManager/]: Loaded traits for material 'tconstruct:rock': 
	Default - [ModifierEntry{tconstruct:stonebound,level=1}]
	
[07Jan2026 20:58:56.877] [main/DEBUG] [slimeknights.tconstruct.library.materials.traits.MaterialTraitsManager/]: Loaded traits for material 'tconstruct:bamboo': 
	Default - [ModifierEntry{tconstruct:unburdened,level=1}]
	
[07Jan2026 20:58:56.877] [main/DEBUG] [slimeknights.tconstruct.library.materials.traits.MaterialTraitsManager/]: Loaded traits for material 'tconstruct:tungsten': 
	Default - [ModifierEntry{tconstruct:sharpweight,level=1}]
	
[07Jan2026 20:58:56.877] [main/DEBUG] [slimeknights.tconstruct.library.materials.traits.MaterialTraitsManager/]: Loaded traits for material 'tconstruct:earthslime': 
	Default - []
	
[07Jan2026 20:58:56.877] [main/DEBUG] [slimeknights.tconstruct.library.materials.traits.MaterialTraitsManager/]: Loaded traits for material 'tconstruct:cactus': 
	Default - [ModifierEntry{tconstruct:thorns,level=1}]
	
[07Jan2026 20:58:56.877] [main/DEBUG] [slimeknights.tconstruct.library.materials.traits.MaterialTraitsManager/]: Loaded traits for material 'tconstruct:skyslime': 
	Default - []
	
[07Jan2026 20:58:56.877] [main/DEBUG] [slimeknights.tconstruct.library.materials.traits.MaterialTraitsManager/]: Loaded traits for material 'tconstruct:enderslime': 
	Default - []
	
[07Jan2026 20:58:56.877] [main/DEBUG] [slimeknights.tconstruct.library.materials.traits.MaterialTraitsManager/]: Loaded traits for material 'tconstruct:treated_wood': 
	Default - [ModifierEntry{tconstruct:preserved,level=1}]
	
[07Jan2026 20:58:56.877] [main/DEBUG] [slimeknights.tconstruct.library.materials.traits.MaterialTraitsManager/]: Loaded traits for material 'tconstruct:slimesteel': 
	Default - [ModifierEntry{tconstruct:overcast,level=1}, ModifierEntry{tconstruct:overslime,level=1}]
	
[07Jan2026 20:58:56.877] [main/DEBUG] [slimeknights.tconstruct.library.materials.traits.MaterialTraitsManager/]: Loaded traits for material 'tconstruct:cobalt': 
	Default - [ModifierEntry{tconstruct:lightweight,level=1}]
	tconstruct:armor - [ModifierEntry{tconstruct:melee_protection,level=1}]
	tconstruct:shield_core - [ModifierEntry{tconstruct:melee_protection,level=1}]
	tconstruct:plating_helmet - [ModifierEntry{tconstruct:melee_protection,level=1}]
	tconstruct:plating_leggings - [ModifierEntry{tconstruct:melee_protection,level=1}]
	tconstruct:maille - [ModifierEntry{tconstruct:melee_protection,level=1}]
	tconstruct:plating_shield - [ModifierEntry{tconstruct:melee_protection,level=1}]
	tconstruct:plating_boots - [ModifierEntry{tconstruct:melee_protection,level=1}]
	tconstruct:cuirass - [ModifierEntry{tconstruct:melee_protection,level=1}]
	tconstruct:plating_chestplate - [ModifierEntry{tconstruct:melee_protection,level=1}]
[07Jan2026 20:58:56.877] [main/DEBUG] [slimeknights.tconstruct.library.materials.traits.MaterialTraitsManager/]: Loaded traits for material 'tconstruct:leather': 
	Default - [ModifierEntry{tconstruct:tanned,level=1}]
	
[07Jan2026 20:58:56.877] [main/INFO] [slimeknights.tconstruct.library.materials.traits.MaterialTraitsManager/]: 229 traits loaded for 69 materials in 9.047542 ms
[07Jan2026 20:58:56.889] [main/DEBUG] [slimeknights.tconstruct.library.modifiers.ModifierManager/]: Redirecting modifier tconstruct:path_maker to tconstruct:pathing
[07Jan2026 20:58:56.913] [main/DEBUG] [slimeknights.tconstruct.library.modifiers.ModifierManager/]: Redirecting modifier tconstruct:plowing to tconstruct:tilling
[07Jan2026 20:58:56.917] [main/DEBUG] [slimeknights.tconstruct.library.modifiers.ModifierManager/]: Redirecting modifier tconstruct:sturdy to tconstruct:ductile
[07Jan2026 20:58:56.933] [main/DEBUG] [slimeknights.tconstruct.library.modifiers.ModifierManager/]: Redirecting modifier tconstruct:lightspeed_armor to tconstruct:lightspeed
[07Jan2026 20:58:56.934] [main/INFO] [slimeknights.tconstruct.library.modifiers.ModifierManager/]: Loaded 154 dynamic modifiers and 4 modifier redirects in 56.361958 ms
[07Jan2026 20:58:56.938] [main/INFO] [slimeknights.tconstruct.library.modifiers.ModifierManager/]: Loaded 42 modifier tags for 141 modifiers in 4.16204 ms
[07Jan2026 20:58:56.939] [main/INFO] [slimeknights.tconstruct.library.modifiers.ModifierManager/]: Loaded 50 enchantment to modifier mappings in 0.611231 ms
[07Jan2026 20:58:56.942] [main/INFO] [tconstruct/]: Loaded 43 spilling fluids in 2.619591 ms
[07Jan2026 20:58:56.945] [main/INFO] [top.theillusivec4.curios.Curios/]: Loaded 13 curio slots
[07Jan2026 20:58:56.948] [main/INFO] [top.theillusivec4.curios.Curios/]: Loaded 11 curio entities
[07Jan2026 20:58:56.949] [main/INFO] [slimeknights.mantle.fluid.transfer.FluidContainerTransferManager/]: Loaded 25 dynamic modifiers in 1.139227 ms
[07Jan2026 20:58:56.952] [main/INFO] [Fossils Archeology/]: Loaded 733 server animations for 66 entities
[07Jan2026 20:58:56.968] [main/INFO] [Fossils Archeology/]: Loaded 1056 animation category entries for 66 entities
[07Jan2026 20:58:56.971] [main/INFO] [Fossils Archeology/]: Loaded data for 59 entities
[07Jan2026 20:58:56.973] [main/INFO] [Fossils Archeology/]: Loaded food values: (items: 51) (entities: 39, 39) (Tags: 8, 0)
[07Jan2026 20:58:56.980] [main/INFO] [Fossils Archeology/]: Loaded 12 variants
[07Jan2026 20:58:56.992] [main/INFO] [slimeknights.tconstruct.library.tools.definition.ToolDefinitionLoader/]: Loaded 38 tool definitions in 12.415791 ms
[07Jan2026 20:58:56.998] [main/INFO] [slimeknights.tconstruct.library.tools.layout.StationSlotLayoutLoader/]: Loaded 19 station slot layouts in 4.981854 ms
[07Jan2026 20:58:57.120] [main/DEBUG] [mixin/]: Mixing CombatTrackerAccessor from playerrevive.mixins.json into net.minecraft.world.damagesource.CombatTracker
[07Jan2026 20:58:57.143] [main/DEBUG] [mixin/]: Mixing bugfix.chunk_deadlock.ServerChunkCache_CurrentLoadingMixin from modernfix-forge.mixins.json into net.minecraft.server.level.ServerChunkCache
[07Jan2026 20:58:57.154] [main/DEBUG] [mixin/]: Mixing reinforced.PortalForcerMixin from securitycraft.mixins.json into net.minecraft.world.level.portal.PortalForcer
[07Jan2026 20:58:57.162] [main/DEBUG] [mixin/]: Mixing perf.faster_structure_location.StructureCheckMixin from modernfix-common.mixins.json into net.minecraft.world.level.levelgen.structure.StructureCheck
[07Jan2026 20:58:57.237] [main/DEBUG] [mixin/]: Mixing feature.mcfunction_profiling.ServerFunctionManagerMixin from modernfix-common.mixins.json into net.minecraft.server.ServerFunctionManager
[07Jan2026 20:58:57.238] [main/DEBUG] [mixin/]: Renaming synthetic method lambda$mfix$getProfilingResults$2(Ljava/util/Map$Entry;)Ljava/time/Duration; to md227283$lambda$mfix$getProfilingResults$2$0 in modernfix-common.mixins.json:feature.mcfunction_profiling.ServerFunctionManagerMixin
[07Jan2026 20:58:57.238] [main/DEBUG] [mixin/]: Renaming synthetic method lambda$pruneUnusedWatches$1(Lcom/google/common/base/Stopwatch;)Z to md227283$lambda$pruneUnusedWatches$1$1 in modernfix-common.mixins.json:feature.mcfunction_profiling.ServerFunctionManagerMixin
[07Jan2026 20:58:57.238] [main/DEBUG] [mixin/]: Renaming synthetic method lambda$startWatch$0(Lnet/minecraft/resources/ResourceLocation;)Lcom/google/common/base/Stopwatch; to md227283$lambda$startWatch$0$2 in modernfix-common.mixins.json:feature.mcfunction_profiling.ServerFunctionManagerMixin
[07Jan2026 20:58:57.592] [main/WARN] [ModernFix/]: Initial datapack load took 4.558 s
[07Jan2026 20:58:57.895] [main/DEBUG] [net.minecraftforge.common.ForgeHooks/WP]: Gathering id map for writing to world save world
[07Jan2026 20:58:57.946] [main/DEBUG] [net.minecraftforge.common.ForgeHooks/WP]: ID Map collection complete world
[07Jan2026 20:58:58.071] [Server thread/INFO] [net.minecraft.server.dedicated.DedicatedServer/]: Starting minecraft server version 1.20.1
[07Jan2026 20:58:58.071] [Server thread/INFO] [net.minecraft.server.dedicated.DedicatedServer/]: Loading properties
[07Jan2026 20:58:58.071] [Server thread/INFO] [net.minecraft.server.dedicated.DedicatedServer/]: Default game type: SURVIVAL
[07Jan2026 20:58:58.071] [Server thread/INFO] [net.minecraft.server.MinecraftServer/]: Generating keypair
[07Jan2026 20:58:58.129] [Server thread/INFO] [net.minecraft.server.dedicated.DedicatedServer/]: Starting Minecraft server on *:25565
[07Jan2026 20:58:58.130] [Server thread/DEBUG] [net.minecraftforge.network.DualStackUtils/]: Detected IPv6 address: "0:0:0:0:0:0:0:0"
[07Jan2026 20:58:58.139] [Server thread/DEBUG] [io.netty.util.internal.NativeLibraryLoader/]: -Dio.netty.native.workdir: /tmp (io.netty.tmpdir)
[07Jan2026 20:58:58.139] [Server thread/DEBUG] [io.netty.util.internal.NativeLibraryLoader/]: -Dio.netty.native.deleteLibAfterLoading: true
[07Jan2026 20:58:58.139] [Server thread/DEBUG] [io.netty.util.internal.NativeLibraryLoader/]: -Dio.netty.native.tryPatchShadedId: true
[07Jan2026 20:58:58.139] [Server thread/DEBUG] [io.netty.util.internal.NativeLibraryLoader/]: -Dio.netty.native.detectNativeLibraryDuplicates: true
[07Jan2026 20:58:58.153] [Server thread/DEBUG] [io.netty.util.internal.NativeLibraryLoader/]: Successfully loaded the library /tmp/libnetty_transport_native_epoll_x86_646615550962035785251.so
[07Jan2026 20:58:58.156] [Server thread/DEBUG] [io.netty.util.NetUtil/]: -Djava.net.preferIPv4Stack: false
[07Jan2026 20:58:58.156] [Server thread/DEBUG] [io.netty.util.NetUtil/]: -Djava.net.preferIPv6Addresses: true
[07Jan2026 20:58:58.158] [Server thread/DEBUG] [io.netty.util.NetUtilInitializations/]: Loopback interface: lo (lo, 0:0:0:0:0:0:0:1%lo)
[07Jan2026 20:58:58.158] [Server thread/DEBUG] [io.netty.util.NetUtil/]: /proc/sys/net/core/somaxconn: 4096
[07Jan2026 20:58:58.164] [Server thread/INFO] [net.minecraft.server.network.ServerConnectionListener/]: Using epoll channel type
[07Jan2026 20:58:58.179] [Server thread/DEBUG] [io.netty.channel.MultithreadEventLoopGroup/]: -Dio.netty.eventLoopThreads: 8
[07Jan2026 20:58:58.203] [Server thread/DEBUG] [io.netty.util.internal.PlatformDependent/]: org.jctools-core.MpscChunkedArrayQueue: available
[07Jan2026 20:58:58.223] [Server thread/DEBUG] [io.netty.channel.DefaultChannelId/]: -Dio.netty.processId: 118997 (auto-detected)
[07Jan2026 20:58:58.224] [Server thread/DEBUG] [io.netty.channel.DefaultChannelId/]: -Dio.netty.machineId: 60:45:bd:ff:fe:b4:09:2f (auto-detected)
[07Jan2026 20:58:58.250] [Server thread/DEBUG] [io.netty.buffer.PooledByteBufAllocator/]: -Dio.netty.allocator.numHeapArenas: 8
[07Jan2026 20:58:58.251] [Server thread/DEBUG] [io.netty.buffer.PooledByteBufAllocator/]: -Dio.netty.allocator.numDirectArenas: 8
[07Jan2026 20:58:58.251] [Server thread/DEBUG] [io.netty.buffer.PooledByteBufAllocator/]: -Dio.netty.allocator.pageSize: 8192
[07Jan2026 20:58:58.251] [Server thread/DEBUG] [io.netty.buffer.PooledByteBufAllocator/]: -Dio.netty.allocator.maxOrder: 9
[07Jan2026 20:58:58.251] [Server thread/DEBUG] [io.netty.buffer.PooledByteBufAllocator/]: -Dio.netty.allocator.chunkSize: 4194304
[07Jan2026 20:58:58.251] [Server thread/DEBUG] [io.netty.buffer.PooledByteBufAllocator/]: -Dio.netty.allocator.smallCacheSize: 256
[07Jan2026 20:58:58.251] [Server thread/DEBUG] [io.netty.buffer.PooledByteBufAllocator/]: -Dio.netty.allocator.normalCacheSize: 64
[07Jan2026 20:58:58.251] [Server thread/DEBUG] [io.netty.buffer.PooledByteBufAllocator/]: -Dio.netty.allocator.maxCachedBufferCapacity: 32768
[07Jan2026 20:58:58.251] [Server thread/DEBUG] [io.netty.buffer.PooledByteBufAllocator/]: -Dio.netty.allocator.cacheTrimInterval: 8192
[07Jan2026 20:58:58.251] [Server thread/DEBUG] [io.netty.buffer.PooledByteBufAllocator/]: -Dio.netty.allocator.cacheTrimIntervalMillis: 0
[07Jan2026 20:58:58.251] [Server thread/DEBUG] [io.netty.buffer.PooledByteBufAllocator/]: -Dio.netty.allocator.useCacheForAllThreads: false
[07Jan2026 20:58:58.251] [Server thread/DEBUG] [io.netty.buffer.PooledByteBufAllocator/]: -Dio.netty.allocator.maxCachedByteBuffersPerChunk: 1023
[07Jan2026 20:58:58.259] [Server thread/DEBUG] [io.netty.buffer.ByteBufUtil/]: -Dio.netty.allocator.type: pooled
[07Jan2026 20:58:58.259] [Server thread/DEBUG] [io.netty.buffer.ByteBufUtil/]: -Dio.netty.threadLocalDirectBufferSize: 0
[07Jan2026 20:58:58.259] [Server thread/DEBUG] [io.netty.buffer.ByteBufUtil/]: -Dio.netty.maxThreadLocalCharBufferSize: 16384
[07Jan2026 20:58:58.267] [Server thread/WARN] [net.minecraft.server.dedicated.DedicatedServer/]: **** SERVER IS RUNNING IN OFFLINE/INSECURE MODE!
[07Jan2026 20:58:58.267] [Server thread/WARN] [net.minecraft.server.dedicated.DedicatedServer/]: The server will make no attempt to authenticate usernames. Beware.
[07Jan2026 20:58:58.267] [Server thread/WARN] [net.minecraft.server.dedicated.DedicatedServer/]: While this makes the game possible to play without internet access, it also opens up the ability for hackers to connect with any username they choose.
[07Jan2026 20:58:58.268] [Server thread/WARN] [net.minecraft.server.dedicated.DedicatedServer/]: To change this, set "online-mode" to "true" in the server.properties file.
[07Jan2026 20:58:58.273] [Server thread/DEBUG] [mixin/]: Mixing common.access.registry.AccessRegistrySynchronization from crafttweaker.mixins.json into net.minecraft.core.RegistrySynchronization
[07Jan2026 20:58:58.273] [Server thread/DEBUG] [mixin/]: Renaming @Invoker method crafttweaker$callOwnedNetworkableRegistries(Lnet/minecraft/core/RegistryAccess;)Ljava/util/stream/Stream; to crafttweaker$callOwnedNetworkableRegistries_$md$227283$0 in crafttweaker.mixins.json:common.access.registry.AccessRegistrySynchronization
[07Jan2026 20:58:58.279] [Server thread/DEBUG] [net.minecraftforge.fml.config.ConfigTracker/CONFIG]: Loading configs type SERVER
[07Jan2026 20:58:58.279] [Server thread/DEBUG] [net.minecraftforge.fml.config.ConfigFileTypeHandler/CONFIG]: Built TOML config for ./world/serverconfig/jei-server.toml
[07Jan2026 20:58:58.280] [Server thread/DEBUG] [net.minecraftforge.fml.config.ConfigFileTypeHandler/CONFIG]: Loaded TOML config file ./world/serverconfig/jei-server.toml
[07Jan2026 20:58:58.280] [Server thread/DEBUG] [net.minecraftforge.fml.config.ConfigFileTypeHandler/CONFIG]: Watching TOML config file ./world/serverconfig/jei-server.toml for changes
[07Jan2026 20:58:58.281] [Server thread/DEBUG] [net.minecraftforge.fml.config.ConfigFileTypeHandler/CONFIG]: Built TOML config for ./world/serverconfig/reap-server.toml
[07Jan2026 20:58:58.281] [Server thread/DEBUG] [net.minecraftforge.fml.config.ConfigFileTypeHandler/CONFIG]: Loaded TOML config file ./world/serverconfig/reap-server.toml
[07Jan2026 20:58:58.281] [Server thread/DEBUG] [net.minecraftforge.fml.config.ConfigFileTypeHandler/CONFIG]: Watching TOML config file ./world/serverconfig/reap-server.toml for changes
[07Jan2026 20:58:58.283] [Server thread/DEBUG] [net.minecraftforge.fml.config.ConfigFileTypeHandler/CONFIG]: Built TOML config for ./world/serverconfig/travelersbackpack-server.toml
[07Jan2026 20:58:58.284] [Server thread/DEBUG] [net.minecraftforge.fml.config.ConfigFileTypeHandler/CONFIG]: Loaded TOML config file ./world/serverconfig/travelersbackpack-server.toml
[07Jan2026 20:58:58.284] [Server thread/DEBUG] [net.minecraftforge.fml.config.ConfigFileTypeHandler/CONFIG]: Watching TOML config file ./world/serverconfig/travelersbackpack-server.toml for changes
[07Jan2026 20:58:58.293] [Server thread/DEBUG] [fuzs.puzzleslib.impl.config.core.ForgeConfigFileTypeHandler/CONFIG]: Built TOML config for /workspaces/Servy/servidor_minecraft/config/pickupnotifier/pickupnotifier-server.toml
[07Jan2026 20:58:58.293] [Server thread/DEBUG] [fuzs.puzzleslib.impl.config.core.ForgeConfigFileTypeHandler/CONFIG]: Loaded TOML config file /workspaces/Servy/servidor_minecraft/config/pickupnotifier/pickupnotifier-server.toml
[07Jan2026 20:58:58.294] [Server thread/DEBUG] [fuzs.puzzleslib.impl.config.core.ForgeConfigFileTypeHandler/CONFIG]: Watching TOML config file /workspaces/Servy/servidor_minecraft/config/pickupnotifier/pickupnotifier-server.toml for changes
[07Jan2026 20:58:58.295] [Server thread/INFO] [Puzzles Lib/]: Loading server config for pickupnotifier
[07Jan2026 20:58:58.295] [Server thread/DEBUG] [net.minecraftforge.fml.config.ConfigFileTypeHandler/CONFIG]: Built TOML config for ./world/serverconfig/forge-server.toml
[07Jan2026 20:58:58.295] [Server thread/DEBUG] [net.minecraftforge.fml.config.ConfigFileTypeHandler/CONFIG]: Loaded TOML config file ./world/serverconfig/forge-server.toml
[07Jan2026 20:58:58.296] [Server thread/DEBUG] [net.minecraftforge.fml.config.ConfigFileTypeHandler/CONFIG]: Watching TOML config file ./world/serverconfig/forge-server.toml for changes
[07Jan2026 20:58:58.296] [Server thread/DEBUG] [net.minecraftforge.common.ForgeConfig/FORGEMOD]: Loaded forge config file forge-server.toml
[07Jan2026 20:58:58.296] [Server thread/DEBUG] [net.minecraftforge.fml.config.ConfigFileTypeHandler/CONFIG]: Built TOML config for ./world/serverconfig/curios-server.toml
[07Jan2026 20:58:58.296] [Server thread/DEBUG] [net.minecraftforge.fml.config.ConfigFileTypeHandler/CONFIG]: Loaded TOML config file ./world/serverconfig/curios-server.toml
[07Jan2026 20:58:58.296] [Server thread/DEBUG] [net.minecraftforge.fml.config.ConfigFileTypeHandler/CONFIG]: Watching TOML config file ./world/serverconfig/curios-server.toml for changes
[07Jan2026 20:58:58.297] [Server thread/DEBUG] [net.minecraftforge.fml.config.ConfigFileTypeHandler/CONFIG]: Built TOML config for ./world/serverconfig/mantle-server.toml
[07Jan2026 20:58:58.297] [Server thread/DEBUG] [net.minecraftforge.fml.config.ConfigFileTypeHandler/CONFIG]: Loaded TOML config file ./world/serverconfig/mantle-server.toml
[07Jan2026 20:58:58.297] [Server thread/DEBUG] [net.minecraftforge.fml.config.ConfigFileTypeHandler/CONFIG]: Watching TOML config file ./world/serverconfig/mantle-server.toml for changes
[07Jan2026 20:58:58.297] [Server thread/DEBUG] [net.minecraftforge.fml.config.ConfigFileTypeHandler/CONFIG]: Built TOML config for ./world/serverconfig/securitycraft-server.toml
[07Jan2026 20:58:58.298] [Server thread/DEBUG] [net.minecraftforge.fml.config.ConfigFileTypeHandler/CONFIG]: Loaded TOML config file ./world/serverconfig/securitycraft-server.toml
[07Jan2026 20:58:58.298] [Server thread/DEBUG] [net.minecraftforge.fml.config.ConfigFileTypeHandler/CONFIG]: Watching TOML config file ./world/serverconfig/securitycraft-server.toml for changes
[07Jan2026 20:58:58.301] [Server thread/DEBUG] [net.minecraftforge.fml.config.ConfigFileTypeHandler/CONFIG]: Built TOML config for /workspaces/Servy/servidor_minecraft/config/tombstone-server.toml
[07Jan2026 20:58:58.301] [Server thread/DEBUG] [net.minecraftforge.fml.config.ConfigFileTypeHandler/CONFIG]: Loaded TOML config file /workspaces/Servy/servidor_minecraft/config/tombstone-server.toml
[07Jan2026 20:58:58.302] [Server thread/DEBUG] [net.minecraftforge.fml.config.ConfigFileTypeHandler/CONFIG]: Watching TOML config file /workspaces/Servy/servidor_minecraft/config/tombstone-server.toml for changes
[07Jan2026 20:58:58.303] [Server thread/DEBUG] [fuzs.puzzleslib.impl.config.core.ForgeConfigFileTypeHandler/CONFIG]: Built TOML config for /workspaces/Servy/servidor_minecraft/config/moblassos-server.toml
[07Jan2026 20:58:58.303] [Server thread/DEBUG] [fuzs.puzzleslib.impl.config.core.ForgeConfigFileTypeHandler/CONFIG]: Loaded TOML config file /workspaces/Servy/servidor_minecraft/config/moblassos-server.toml
[07Jan2026 20:58:58.303] [Server thread/DEBUG] [fuzs.puzzleslib.impl.config.core.ForgeConfigFileTypeHandler/CONFIG]: Watching TOML config file /workspaces/Servy/servidor_minecraft/config/moblassos-server.toml for changes
[07Jan2026 20:58:58.305] [Server thread/INFO] [Puzzles Lib/]: Loading server config for moblassos
[07Jan2026 20:58:58.307] [Server thread/DEBUG] [mixin/]: Mixing accessor.BiomeSpecialEffectsBuilderForgeAccessor from puzzleslib.forge.mixins.json into net.minecraft.world.level.biome.BiomeSpecialEffects$Builder
[07Jan2026 20:58:58.492] [Server thread/INFO] [spark/]: Starting background profiler...
[07Jan2026 20:58:58.542] [Thread-0/INFO] [ModernFix/]: Please use /mfsrc to reload any changed mod config files
[07Jan2026 20:58:58.920] [Server thread/INFO] [terrablender/]: Initialized TerraBlender biomes for level stem minecraft:the_nether
[07Jan2026 20:58:59.138] [Server thread/INFO] [terrablender/]: Initialized TerraBlender biomes for level stem minecraft:overworld
[07Jan2026 20:58:59.138] [Server thread/INFO] [net.minecraft.server.dedicated.DedicatedServer/]: Preparing level "world"
[07Jan2026 20:58:59.139] [Server thread/DEBUG] [mixin/]: Mixing feature.branding.BrandingControlMixin from modernfix-forge.mixins.json into net.minecraftforge.internal.BrandingControl
[07Jan2026 20:58:59.147] [Server thread/DEBUG] [net.minecraftforge.coremod.transformer.CoreModBaseTransformer/COREMOD]: Transforming net/minecraft/world/level/levelgen/PhantomSpawner
[07Jan2026 20:58:59.154] [Server thread/DEBUG] [net.minecraftforge.coremod.transformer.CoreModBaseTransformer/COREMOD]: Transforming net/minecraft/world/level/levelgen/PatrolSpawner
[07Jan2026 20:58:59.161] [Server thread/DEBUG] [net.minecraftforge.coremod.transformer.CoreModBaseTransformer/COREMOD]: Transforming net/minecraft/world/entity/npc/CatSpawner
[07Jan2026 20:58:59.164] [Server thread/DEBUG] [net.minecraftforge.coremod.transformer.CoreModBaseTransformer/COREMOD]: Transforming net/minecraft/world/entity/ai/village/VillageSiege
[07Jan2026 20:58:59.199] [Server thread/DEBUG] [mixin/]: Mixing perf.ticking_chunk_alloc.ChunkHolderMixin from modernfix-common.mixins.json into net.minecraft.server.level.ChunkHolder
[07Jan2026 20:58:59.205] [Server thread/DEBUG] [mixin/]: Mixing bugfix.paper_chunk_patches.ChunkMapMixin from modernfix-common.mixins.json into net.minecraft.server.level.ChunkMap
[07Jan2026 20:58:59.205] [Server thread/DEBUG] [mixin/]: Renaming synthetic method lambda$useLegacySchedulingLogic$1(Lnet/minecraft/world/level/chunk/ChunkStatus;Lnet/minecraft/world/level/ChunkPos;Lnet/minecraft/server/level/ChunkHolder;Lcom/mojang/datafixers/util/Either;)Ljava/util/concurrent/CompletionStage; to md227283$lambda$useLegacySchedulingLogic$1$0 in modernfix-common.mixins.json:bugfix.paper_chunk_patches.ChunkMapMixin
[07Jan2026 20:58:59.205] [Server thread/DEBUG] [mixin/]: Renaming synthetic method lambda$useLegacySchedulingLogic$0(Lnet/minecraft/server/level/ChunkHolder;Lnet/minecraft/world/level/chunk/ChunkAccess;)Ljava/util/concurrent/CompletableFuture; to md227283$lambda$useLegacySchedulingLogic$0$1 in modernfix-common.mixins.json:bugfix.paper_chunk_patches.ChunkMapMixin
[07Jan2026 20:58:59.207] [Server thread/DEBUG] [mixin/]: Mixing bugfix.chunk_deadlock.ChunkMapLoadMixin from modernfix-forge.mixins.json into net.minecraft.server.level.ChunkMap
[07Jan2026 20:58:59.207] [Server thread/DEBUG] [mixin/]: Mixing camera.ChunkMapMixin from securitycraft.mixins.json into net.minecraft.server.level.ChunkMap
[07Jan2026 20:58:59.208] [Server thread/DEBUG] [mixin/]: Renaming synthetic method lambda$securitycraft$onDropChunk$3(Lnet/minecraft/server/level/ServerPlayer;Lnet/minecraft/world/level/ChunkPos;Lnet/geforcemods/securitycraft/blockentities/SecurityCameraBlockEntity;)Z to md227283$lambda$securitycraft$onDropChunk$3$2 in securitycraft.mixins.json:camera.ChunkMapMixin
[07Jan2026 20:58:59.208] [Server thread/DEBUG] [mixin/]: Renaming synthetic method lambda$securitycraft$sendChunksToCameras$2(Lnet/minecraft/server/level/ServerPlayer;Lnet/minecraft/world/level/ChunkPos;Lnet/geforcemods/securitycraft/blockentities/SecurityCameraBlockEntity;)Z to md227283$lambda$securitycraft$sendChunksToCameras$2$3 in securitycraft.mixins.json:camera.ChunkMapMixin
[07Jan2026 20:58:59.208] [Server thread/DEBUG] [mixin/]: Renaming synthetic method lambda$securitycraft$trackCameraLoadedChunks$1(Lnet/minecraft/server/level/ServerPlayer;Lnet/minecraft/world/level/ChunkPos;Lnet/geforcemods/securitycraft/blockentities/SecurityCameraBlockEntity;)Z to md227283$lambda$securitycraft$trackCameraLoadedChunks$1$4 in securitycraft.mixins.json:camera.ChunkMapMixin
[07Jan2026 20:58:59.208] [Server thread/DEBUG] [mixin/]: Renaming synthetic method lambda$securitycraft$trackCameraLoadedChunks$0(Lnet/minecraft/server/level/ServerPlayer;Lnet/geforcemods/securitycraft/blockentities/SecurityCameraBlockEntity;)Z to md227283$lambda$securitycraft$trackCameraLoadedChunks$0$5 in securitycraft.mixins.json:camera.ChunkMapMixin
[07Jan2026 20:58:59.376] [Server thread/DEBUG] [mixin/]: Mixing perf.cache_strongholds.ChunkGeneratorMixin from modernfix-common.mixins.json into net.minecraft.world.level.chunk.ChunkGeneratorStructureState
[07Jan2026 20:58:59.376] [Server thread/DEBUG] [mixin/]: Renaming synthetic method lambda$saveCachedData$0(Ljava/util/List;)Ljava/util/List; to md227283$lambda$saveCachedData$0$0 in modernfix-common.mixins.json:perf.cache_strongholds.ChunkGeneratorMixin
[07Jan2026 20:58:59.447] [Server thread/DEBUG] [ModernFix/]: Loaded stronghold cache for dimension minecraft:overworld with 128 positions
[07Jan2026 20:58:59.493] [Server thread/DEBUG] [mixin/]: Mixing WalkNodeEvaluatorMixin from fossil_forge.mixins.json into net.minecraft.world.level.pathfinder.WalkNodeEvaluator
[07Jan2026 20:58:59.795] [Server thread/DEBUG] [mixin/]: Mixing MixinPiglinAi from curios.mixins.json into net.minecraft.world.entity.monster.piglin.PiglinAi
[07Jan2026 20:58:59.821] [Server thread/DEBUG] [mixin/]: Mixing ProjectileUtilMixin from morehitboxes.mixins.json into net.minecraft.world.entity.projectile.ProjectileUtil
[07Jan2026 20:58:59.979] [Server thread/DEBUG] [ModernFix/]: Loaded stronghold cache for dimension graveyard:past with 128 positions
[07Jan2026 20:58:59.997] [Server thread/DEBUG] [ModernFix/]: Loaded stronghold cache for dimension fossil:treasure_room with 1 positions
[07Jan2026 20:59:00.002] [Server thread/DEBUG] [ModernFix/]: Loaded stronghold cache for dimension fossil:anu_lair with 1 positions
[07Jan2026 20:59:00.005] [Server thread/INFO] [net.minecraft.server.MinecraftServer/]: Preparing start region for dimension minecraft:overworld
[07Jan2026 20:59:00.006] [Server thread/DEBUG] [mixin/]: Mixing bugfix.paper_chunk_patches.SortedArraySetMixin from modernfix-common.mixins.json into net.minecraft.util.SortedArraySet
[07Jan2026 20:59:00.165] [Server thread/DEBUG] [mixin/]: Mixing MixinChunkSerializer from architectury.mixins.json into net.minecraft.world.level.chunk.storage.ChunkSerializer
[07Jan2026 20:59:00.179] [Server thread/DEBUG] [mixin/]: Mixing perf.compact_bit_storage.PalettedContainerMixin from modernfix-common.mixins.json into net.minecraft.world.level.chunk.PalettedContainer
[07Jan2026 20:59:00.364] [Server thread/DEBUG] [net.minecraftforge.coremod.transformer.CoreModBaseTransformer/COREMOD]: Transforming net/minecraft/world/level/levelgen/structure/templatesystem/StructureTemplate
[07Jan2026 20:59:00.416] [Server thread/DEBUG] [mixin/]: Mixing passcode.StructureTemplateMixin from securitycraft.mixins.json into net.minecraft.world.level.levelgen.structure.templatesystem.StructureTemplate
[07Jan2026 20:59:00.436] [Server thread/DEBUG] [ModernFix/]: Using cached upgraded version of born_in_chaos_v1:mini_ferma
[07Jan2026 20:59:00.442] [Server thread/DEBUG] [mixin/]: Mixing perf.cache_blockstate_cache_arrays.AbstractBlockStateCacheMixin from modernfix-common.mixins.json into net.minecraft.world.level.block.state.BlockBehaviour$BlockStateBase$Cache
[07Jan2026 20:59:00.443] [Server thread/DEBUG] [mixin/]: Mixing BlockStateCacheMixin from ferritecore.blockstatecache.mixin.json into net.minecraft.world.level.block.state.BlockBehaviour$BlockStateBase$Cache
[07Jan2026 20:59:00.460] [Server thread/DEBUG] [mixin/]: Mixing SubShapeAccess from ferritecore.blockstatecache.mixin.json into net.minecraft.world.phys.shapes.SubShape
[07Jan2026 20:59:01.168] [Server thread/DEBUG] [ModernFix/]: Using cached upgraded version of graveyard:small_savanna_grave/small_savanna_grave_02
[07Jan2026 20:59:01.745] [Server thread/INFO] [net.minecraft.server.level.progress.LoggerChunkProgressListener/]: Preparing spawn area: 0%
[07Jan2026 20:59:01.746] [Server thread/INFO] [net.minecraft.server.level.progress.LoggerChunkProgressListener/]: Preparing spawn area: 0%
[07Jan2026 20:59:01.746] [Server thread/INFO] [net.minecraft.server.level.progress.LoggerChunkProgressListener/]: Preparing spawn area: 0%
[07Jan2026 20:59:01.746] [Server thread/INFO] [net.minecraft.server.level.progress.LoggerChunkProgressListener/]: Preparing spawn area: 0%
[07Jan2026 20:59:02.006] [Worker-Main-2/INFO] [net.minecraft.server.level.progress.LoggerChunkProgressListener/]: Preparing spawn area: 0%
[07Jan2026 20:59:02.100] [Server thread/DEBUG] [io.netty.buffer.AbstractByteBuf/]: -Dio.netty.buffer.checkAccessible: true
[07Jan2026 20:59:02.100] [Server thread/DEBUG] [io.netty.buffer.AbstractByteBuf/]: -Dio.netty.buffer.checkBounds: true
[07Jan2026 20:59:02.101] [Server thread/DEBUG] [io.netty.util.ResourceLeakDetectorFactory/]: Loaded default ResourceLeakDetector: io.netty.util.ResourceLeakDetector@7f822b3c
[07Jan2026 20:59:02.505] [Server thread/INFO] [net.minecraft.server.level.progress.LoggerChunkProgressListener/]: Time elapsed: 2500 ms
[07Jan2026 20:59:02.505] [Server thread/INFO] [net.minecraft.server.dedicated.DedicatedServer/]: Done (4.226s)! For help, type "help"
[07Jan2026 20:59:02.515] [Server thread/DEBUG] [net.minecraftforge.network.DualStackUtils/]: Detected IPv6 address: "0:0:0:0:0:0:0:0"
[07Jan2026 20:59:02.570] [Server thread/DEBUG] [net.minecraftforge.common.ForgeI18n/CORE]: Loading I18N data entries: 13643
[07Jan2026 20:59:02.574] [Server thread/INFO] [net.minecraftforge.server.permission.PermissionAPI/]: Successfully initialized permission handler forge:default_handler
[07Jan2026 20:59:02.577] [Server thread/INFO] [com.becks.uniquedungeons.UniqueDungeons/]: HELLO from server starting
[07Jan2026 20:59:02.614] [Server thread/INFO] [Observable/]: Registered thread Server thread
[07Jan2026 20:59:02.616] [Server thread/WARN] [ModernFix/]: Dedicated server took 35.003 seconds to load
[07Jan2026 20:59:02.793] [Server thread/DEBUG] [net.minecraftforge.coremod.transformer.CoreModBaseTransformer/COREMOD]: Transforming net/minecraft/world/level/NaturalSpawner
[07Jan2026 20:59:02.806] [Server thread/DEBUG] [mixin/]: Mixing item.wearable.NaturalSpawnerMixin from mixins.artifacts.common.json into net.minecraft.world.level.NaturalSpawner
[07Jan2026 20:59:02.806] [Server thread/DEBUG] [mixin/]: Renaming synthetic method lambda$spawnCategoryForPosition$0(Lnet/minecraft/world/entity/Mob;Lnet/minecraft/world/item/ItemStack;)V to md227283$lambda$spawnCategoryForPosition$0$0 in mixins.artifacts.common.json:item.wearable.NaturalSpawnerMixin
[07Jan2026 20:59:02.807] [Server thread/DEBUG] [mixin/]: Mixing NaturalSpawnerMixin from fossil_common.mixins.json into net.minecraft.world.level.NaturalSpawner
[07Jan2026 20:59:02.836] [Server thread/DEBUG] [mixin/]: Mixing camera.TrackedEntityMixin from securitycraft.mixins.json into net.minecraft.server.level.ChunkMap$TrackedEntity
[07Jan2026 20:59:02.839] [Server thread/DEBUG] [net.minecraftforge.coremod.transformer.CoreModBaseTransformer/COREMOD]: Transforming m_8543_ with desc ()V
[07Jan2026 20:59:02.839] [Server thread/DEBUG] [mixin/]: Mixing ServerEntityMixin from fossil_common.mixins.json into net.minecraft.server.level.ServerEntity
[07Jan2026 20:59:02.840] [Server thread/DEBUG] [mixin/]: Renaming synthetic method lambda$fossilsArcheologyRevival$hasFAMobAsPassenger$0(Lnet/minecraft/world/entity/Entity;)Z to md227283$lambda$fossilsArcheologyRevival$hasFAMobAsPassenger$0$0 in fossil_common.mixins.json:ServerEntityMixin
[07Jan2026 20:59:02.899] [Server thread/DEBUG] [artifacts.Artifacts/]: Loaded artifacts.forge.platform.ForgePlatformHelper@19dc8939 for service interface artifacts.platform.PlatformHelper
[07Jan2026 20:59:03.126] [Server thread/DEBUG] [mixin/]: Mixing StalkerEffects2 from borninconfiguration.mixins.json into net.mcreator.borninchaosv.procedures.NightmareStalkerGonProcedure
[07Jan2026 20:59:03.126] [Server thread/DEBUG] [mixin/]: borninconfiguration.mixins.json:StalkerEffects2: Class version 61 required is higher than the class version supported by the current version of Mixin (JAVA_8 supports class version 52)
[07Jan2026 20:59:31.637] [Netty Epoll Server IO #1/DEBUG] [io.netty.util.Recycler/]: -Dio.netty.recycler.maxCapacityPerThread: 4096
[07Jan2026 20:59:31.637] [Netty Epoll Server IO #1/DEBUG] [io.netty.util.Recycler/]: -Dio.netty.recycler.ratio: 8
[07Jan2026 20:59:31.638] [Netty Epoll Server IO #1/DEBUG] [io.netty.util.Recycler/]: -Dio.netty.recycler.chunkSize: 32
[07Jan2026 20:59:31.638] [Netty Epoll Server IO #1/DEBUG] [io.netty.util.Recycler/]: -Dio.netty.recycler.blocking: false
[07Jan2026 20:59:31.649] [Netty Epoll Server IO #1/DEBUG] [mixin/]: Mixing core.NetworkHooksMixin from modernfix-forge.mixins.json into net.minecraftforge.network.NetworkHooks
[07Jan2026 20:59:44.415] [Netty Epoll Server IO #2/DEBUG] [net.minecraftforge.network.HandshakeHandler/FMLHANDSHAKE]: Starting new modded impl connection. Found 35 messages to dispatch.
[07Jan2026 20:59:44.568] [Server thread/DEBUG] [net.minecraftforge.network.HandshakeHandler/FMLHANDSHAKE]: Sending ticking packet info 'net.minecraftforge.network.HandshakeMessages$S2CModData' to 'fml:handshake' sequence 0
[07Jan2026 20:59:44.618] [Server thread/DEBUG] [net.minecraftforge.network.HandshakeHandler/FMLHANDSHAKE]: Sending ticking packet info 'net.minecraftforge.network.HandshakeMessages$S2CModList' to 'fml:handshake' sequence 1
[07Jan2026 20:59:44.668] [Server thread/DEBUG] [net.minecraftforge.network.HandshakeHandler/FMLHANDSHAKE]: Sending ticking packet info 'Registry minecraft:command_argument_type' to 'fml:handshake' sequence 2
[07Jan2026 20:59:44.718] [Server thread/DEBUG] [net.minecraftforge.network.HandshakeHandler/FMLHANDSHAKE]: Sending ticking packet info 'Registry minecraft:recipe_serializer' to 'fml:handshake' sequence 3
[07Jan2026 20:59:44.767] [Server thread/DEBUG] [net.minecraftforge.network.HandshakeHandler/FMLHANDSHAKE]: Sending ticking packet info 'Registry minecraft:sound_event' to 'fml:handshake' sequence 4
[07Jan2026 20:59:44.812] [Netty Epoll Server IO #2/DEBUG] [net.minecraftforge.network.LoginWrapper/FMLHANDSHAKE]: Recieved login wrapper packet event for channel fml:handshake with index 1
[07Jan2026 20:59:44.814] [Netty Epoll Server IO #2/DEBUG] [net.minecraftforge.network.HandshakeHandler/FMLHANDSHAKE]: Received client indexed reply 1 of type net.minecraftforge.network.HandshakeMessages$C2SModListReply
[07Jan2026 20:59:44.814] [Netty Epoll Server IO #2/DEBUG] [net.minecraftforge.network.HandshakeHandler/FMLHANDSHAKE]: Received client connection with modlist [uniquedungeons, treechop, kuma_api, geckolib, jei, graveyard, uppers, trender, reap, waystones, clumps, xaeroworldmap, modernfix, citadel, alexsmobs, travelersbackpack, artifacts, mixinextras, pickupnotifier, morehitboxes, balm, interaction_boxes, crafttweaker, puzzlesaccessapi, cloth_config, forge, twilightforest, tlskincape, embeddium, rubidium, chloride, minecraft, tconstruct, borninconfiguration, terrablender, mousetweaks, jade, tbsfbsp, creativecore, born_in_chaos_v1, kotlinforforge, curios, mantle, xaerominimap, oculus, securitycraft, entityculling, tombstone, architectury, fossil, ferritecore, transition, puzzleslib, observable, expandability, moblassos, playerrevive]
[07Jan2026 20:59:44.815] [Netty Epoll Server IO #2/DEBUG] [net.minecraftforge.network.NetworkRegistry/NETREGISTRY]: Channel 'architectury:network' : Version test of '1' from client : ACCEPTED
[07Jan2026 20:59:44.815] [Netty Epoll Server IO #2/DEBUG] [net.minecraftforge.network.NetworkRegistry/NETREGISTRY]: Channel 'jei:channel' : Version test of '1.0.0' from client : ACCEPTED
[07Jan2026 20:59:44.815] [Netty Epoll Server IO #2/DEBUG] [net.minecraftforge.network.NetworkRegistry/NETREGISTRY]: Channel 'mantle:network' : Version test of '1' from client : ACCEPTED
[07Jan2026 20:59:44.815] [Netty Epoll Server IO #2/DEBUG] [net.minecraftforge.network.NetworkRegistry/NETREGISTRY]: Channel 'minecraft:unregister' : Version test of 'FML3' from client : ACCEPTED
[07Jan2026 20:59:44.815] [Netty Epoll Server IO #2/DEBUG] [net.minecraftforge.network.NetworkRegistry/NETREGISTRY]: Channel 'xaerominimap:main' : Version test of '1.0' from client : ACCEPTED
[07Jan2026 20:59:44.815] [Netty Epoll Server IO #2/DEBUG] [net.minecraftforge.network.NetworkRegistry/NETREGISTRY]: Channel 'citadel:main_channel' : Version test of '1' from client : ACCEPTED
[07Jan2026 20:59:44.815] [Netty Epoll Server IO #2/DEBUG] [net.minecraftforge.network.NetworkRegistry/NETREGISTRY]: Channel 'puzzleslib:1' : Version test of '1' from client : ACCEPTED
[07Jan2026 20:59:44.815] [Netty Epoll Server IO #2/DEBUG] [net.minecraftforge.network.NetworkRegistry/NETREGISTRY]: Channel 'securitycraft:securitycraft' : Version test of 'v1.10.1' from client : ACCEPTED
[07Jan2026 20:59:44.815] [Netty Epoll Server IO #2/DEBUG] [net.minecraftforge.network.NetworkRegistry/NETREGISTRY]: Channel 'moblassos:1' : Version test of '1' from client : ACCEPTED
[07Jan2026 20:59:44.815] [Netty Epoll Server IO #2/DEBUG] [net.minecraftforge.network.NetworkRegistry/NETREGISTRY]: Channel 'born_in_chaos_v1:born_in_chaos_v1' : Version test of '1' from client : ACCEPTED
[07Jan2026 20:59:44.815] [Netty Epoll Server IO #2/DEBUG] [net.minecraftforge.network.NetworkRegistry/NETREGISTRY]: Channel 'uniquedungeons:network' : Version test of '1.0' from client : ACCEPTED
[07Jan2026 20:59:44.815] [Netty Epoll Server IO #2/DEBUG] [net.minecraftforge.network.NetworkRegistry/NETREGISTRY]: Channel 'travelersbackpack:network' : Version test of 'travelersbackpack:1' from client : ACCEPTED
[07Jan2026 20:59:44.815] [Netty Epoll Server IO #2/DEBUG] [net.minecraftforge.network.NetworkRegistry/NETREGISTRY]: Channel 'modernfix:main' : Version test of '1' from client : ACCEPTED
[07Jan2026 20:59:44.816] [Netty Epoll Server IO #2/DEBUG] [net.minecraftforge.network.NetworkRegistry/NETREGISTRY]: Channel 'curios:main' : Version test of '1' from client : ACCEPTED
[07Jan2026 20:59:44.816] [Netty Epoll Server IO #2/DEBUG] [net.minecraftforge.network.NetworkRegistry/NETREGISTRY]: Channel 'minecraft:treechop-channel' : Version test of '7' from client : ACCEPTED
[07Jan2026 20:59:44.816] [Netty Epoll Server IO #2/DEBUG] [net.minecraftforge.network.NetworkRegistry/NETREGISTRY]: Channel 'tconstruct:network' : Version test of '2' from client : ACCEPTED
[07Jan2026 20:59:44.816] [Netty Epoll Server IO #2/DEBUG] [net.minecraftforge.network.NetworkRegistry/NETREGISTRY]: Channel 'balm:network' : Version test of '1.0' from client : ACCEPTED
[07Jan2026 20:59:44.816] [Netty Epoll Server IO #2/DEBUG] [net.minecraftforge.network.NetworkRegistry/NETREGISTRY]: Channel 'fml:loginwrapper' : Version test of 'FML3' from client : ACCEPTED
[07Jan2026 20:59:44.816] [Netty Epoll Server IO #2/DEBUG] [net.minecraftforge.network.NetworkRegistry/NETREGISTRY]: Channel 'morehitboxes:main' : Version test of '1' from client : ACCEPTED
[07Jan2026 20:59:44.816] [Netty Epoll Server IO #2/DEBUG] [net.minecraftforge.network.NetworkRegistry/NETREGISTRY]: Channel 'forge:tier_sorting' : Version test of '1.0' from client : ACCEPTED
[07Jan2026 20:59:44.816] [Netty Epoll Server IO #2/DEBUG] [net.minecraftforge.network.NetworkRegistry/NETREGISTRY]: Channel 'alexsmobs:main_channel' : Version test of '1' from client : ACCEPTED
[07Jan2026 20:59:44.816] [Netty Epoll Server IO #2/DEBUG] [net.minecraftforge.network.NetworkRegistry/NETREGISTRY]: Channel 'tombstone:tombstone_channel' : Version test of 'tombstone-9.0.9' from client : ACCEPTED
[07Jan2026 20:59:44.816] [Netty Epoll Server IO #2/DEBUG] [net.minecraftforge.network.NetworkRegistry/NETREGISTRY]: Channel 'playerrevive:main' : Version test of '1' from client : ACCEPTED
[07Jan2026 20:59:44.816] [Netty Epoll Server IO #2/DEBUG] [net.minecraftforge.network.NetworkRegistry/NETREGISTRY]: Channel 'fml:play' : Version test of 'FML3' from client : ACCEPTED
[07Jan2026 20:59:44.816] [Netty Epoll Server IO #2/DEBUG] [net.minecraftforge.network.NetworkRegistry/NETREGISTRY]: Channel 'creativecore:main' : Version test of '1' from client : ACCEPTED
[07Jan2026 20:59:44.816] [Netty Epoll Server IO #2/DEBUG] [net.minecraftforge.network.NetworkRegistry/NETREGISTRY]: Channel 'pickupnotifier:1' : Version test of '1' from client : ACCEPTED
[07Jan2026 20:59:44.816] [Netty Epoll Server IO #2/DEBUG] [net.minecraftforge.network.NetworkRegistry/NETREGISTRY]: Channel 'fml:handshake' : Version test of 'FML3' from client : ACCEPTED
[07Jan2026 20:59:44.816] [Netty Epoll Server IO #2/DEBUG] [net.minecraftforge.network.NetworkRegistry/NETREGISTRY]: Channel 'crafttweaker:main' : Version test of '1.0.0' from client : ACCEPTED
[07Jan2026 20:59:44.816] [Netty Epoll Server IO #2/DEBUG] [net.minecraftforge.network.NetworkRegistry/NETREGISTRY]: Channel 'xaeroworldmap:main' : Version test of '1.0' from client : ACCEPTED
[07Jan2026 20:59:44.816] [Netty Epoll Server IO #2/DEBUG] [net.minecraftforge.network.NetworkRegistry/NETREGISTRY]: Channel 'minecraft:register' : Version test of 'FML3' from client : ACCEPTED
[07Jan2026 20:59:44.816] [Netty Epoll Server IO #2/DEBUG] [net.minecraftforge.network.NetworkRegistry/NETREGISTRY]: Channel 'forge:split' : Version test of '1.1' from client : ACCEPTED
[07Jan2026 20:59:44.816] [Netty Epoll Server IO #2/DEBUG] [net.minecraftforge.network.NetworkRegistry/NETREGISTRY]: Channel 'twilightforest:channel' : Version test of '2' from client : ACCEPTED
[07Jan2026 20:59:44.816] [Netty Epoll Server IO #2/DEBUG] [net.minecraftforge.network.NetworkRegistry/NETREGISTRY]: Channel 'geckolib:main' : Version test of '1' from client : ACCEPTED
[07Jan2026 20:59:44.816] [Netty Epoll Server IO #2/DEBUG] [net.minecraftforge.network.NetworkRegistry/NETREGISTRY]: Channel 'graveyard:spawn_entity' : Version test of '1' from client : ACCEPTED
[07Jan2026 20:59:44.816] [Netty Epoll Server IO #2/DEBUG] [net.minecraftforge.network.NetworkRegistry/NETREGISTRY]: Channel 'waystones:network' : Version test of '1.0' from client : ACCEPTED
[07Jan2026 20:59:44.816] [Netty Epoll Server IO #2/DEBUG] [net.minecraftforge.network.NetworkRegistry/NETREGISTRY]: Channel 'jade:networking' : Version test of '2' from client : ACCEPTED
[07Jan2026 20:59:44.816] [Netty Epoll Server IO #2/DEBUG] [net.minecraftforge.network.NetworkRegistry/NETREGISTRY]: Accepting channel list from client
[07Jan2026 20:59:44.817] [Netty Epoll Server IO #2/DEBUG] [net.minecraftforge.network.HandshakeHandler/FMLHANDSHAKE]: Accepted client connection mod list
[07Jan2026 20:59:44.818] [Server thread/DEBUG] [net.minecraftforge.network.HandshakeHandler/FMLHANDSHAKE]: Sending ticking packet info 'Registry minecraft:particle_type' to 'fml:handshake' sequence 5
[07Jan2026 20:59:44.844] [Netty Epoll Server IO #2/DEBUG] [net.minecraftforge.network.LoginWrapper/FMLHANDSHAKE]: Recieved login wrapper packet event for channel fml:handshake with index 2
[07Jan2026 20:59:44.844] [Netty Epoll Server IO #2/DEBUG] [net.minecraftforge.network.HandshakeHandler/FMLHANDSHAKE]: Received client indexed reply 2 of type net.minecraftforge.network.HandshakeMessages$C2SAcknowledge
[07Jan2026 20:59:44.845] [Netty Epoll Server IO #2/DEBUG] [net.minecraftforge.network.HandshakeHandler/FMLHANDSHAKE]: Received acknowledgement from client
[07Jan2026 20:59:44.868] [Server thread/DEBUG] [net.minecraftforge.network.HandshakeHandler/FMLHANDSHAKE]: Sending ticking packet info 'Registry minecraft:villager_profession' to 'fml:handshake' sequence 6
[07Jan2026 20:59:44.917] [Server thread/DEBUG] [net.minecraftforge.network.HandshakeHandler/FMLHANDSHAKE]: Sending ticking packet info 'Registry twilightforest:tiny_bird_variant' to 'fml:handshake' sequence 7
[07Jan2026 20:59:44.933] [Netty Epoll Server IO #2/DEBUG] [net.minecraftforge.network.LoginWrapper/FMLHANDSHAKE]: Recieved login wrapper packet event for channel fml:handshake with index 3
[07Jan2026 20:59:44.933] [Netty Epoll Server IO #2/DEBUG] [net.minecraftforge.network.HandshakeHandler/FMLHANDSHAKE]: Received client indexed reply 3 of type net.minecraftforge.network.HandshakeMessages$C2SAcknowledge
[07Jan2026 20:59:44.933] [Netty Epoll Server IO #2/DEBUG] [net.minecraftforge.network.HandshakeHandler/FMLHANDSHAKE]: Received acknowledgement from client
[07Jan2026 20:59:44.967] [Server thread/DEBUG] [net.minecraftforge.network.HandshakeHandler/FMLHANDSHAKE]: Sending ticking packet info 'Registry minecraft:item' to 'fml:handshake' sequence 8
[07Jan2026 20:59:45.017] [Server thread/DEBUG] [net.minecraftforge.network.HandshakeHandler/FMLHANDSHAKE]: Sending ticking packet info 'Registry minecraft:potion' to 'fml:handshake' sequence 9
[07Jan2026 20:59:45.067] [Server thread/DEBUG] [net.minecraftforge.network.HandshakeHandler/FMLHANDSHAKE]: Sending ticking packet info 'Registry minecraft:painting_variant' to 'fml:handshake' sequence 10
[07Jan2026 20:59:45.117] [Server thread/DEBUG] [net.minecraftforge.network.HandshakeHandler/FMLHANDSHAKE]: Sending ticking packet info 'Registry forge:fluid_type' to 'fml:handshake' sequence 11
[07Jan2026 20:59:45.167] [Server thread/DEBUG] [net.minecraftforge.network.HandshakeHandler/FMLHANDSHAKE]: Sending ticking packet info 'Registry minecraft:block_entity_type' to 'fml:handshake' sequence 12
[07Jan2026 20:59:45.218] [Server thread/DEBUG] [net.minecraftforge.network.HandshakeHandler/FMLHANDSHAKE]: Sending ticking packet info 'Registry forge:display_contexts' to 'fml:handshake' sequence 13
[07Jan2026 20:59:45.268] [Server thread/DEBUG] [net.minecraftforge.network.HandshakeHandler/FMLHANDSHAKE]: Sending ticking packet info 'Registry minecraft:block' to 'fml:handshake' sequence 14
[07Jan2026 20:59:45.318] [Server thread/DEBUG] [net.minecraftforge.network.HandshakeHandler/FMLHANDSHAKE]: Sending ticking packet info 'Registry forge:entity_data_serializers' to 'fml:handshake' sequence 15
[07Jan2026 20:59:45.367] [Server thread/DEBUG] [net.minecraftforge.network.HandshakeHandler/FMLHANDSHAKE]: Sending ticking packet info 'Registry minecraft:mob_effect' to 'fml:handshake' sequence 16
[07Jan2026 20:59:45.420] [Server thread/DEBUG] [net.minecraftforge.network.HandshakeHandler/FMLHANDSHAKE]: Sending ticking packet info 'Registry minecraft:stat_type' to 'fml:handshake' sequence 17
[07Jan2026 20:59:45.467] [Server thread/DEBUG] [net.minecraftforge.network.HandshakeHandler/FMLHANDSHAKE]: Sending ticking packet info 'Registry twilightforest:enforcement' to 'fml:handshake' sequence 18
[07Jan2026 20:59:45.517] [Server thread/DEBUG] [net.minecraftforge.network.HandshakeHandler/FMLHANDSHAKE]: Sending ticking packet info 'Registry tombstone:perks' to 'fml:handshake' sequence 19
[07Jan2026 20:59:45.568] [Server thread/DEBUG] [net.minecraftforge.network.HandshakeHandler/FMLHANDSHAKE]: Sending ticking packet info 'Registry minecraft:menu' to 'fml:handshake' sequence 20
[07Jan2026 20:59:45.617] [Server thread/DEBUG] [net.minecraftforge.network.HandshakeHandler/FMLHANDSHAKE]: Sending ticking packet info 'Registry twilightforest:dwarf_rabbit_variant' to 'fml:handshake' sequence 21
[07Jan2026 20:59:45.667] [Server thread/DEBUG] [net.minecraftforge.network.HandshakeHandler/FMLHANDSHAKE]: Sending ticking packet info 'Registry minecraft:enchantment' to 'fml:handshake' sequence 22
[07Jan2026 20:59:45.718] [Server thread/DEBUG] [net.minecraftforge.network.HandshakeHandler/FMLHANDSHAKE]: Sending ticking packet info 'Registry minecraft:fluid' to 'fml:handshake' sequence 23
[07Jan2026 20:59:45.768] [Server thread/DEBUG] [net.minecraftforge.network.HandshakeHandler/FMLHANDSHAKE]: Sending ticking packet info 'Registry minecraft:entity_type' to 'fml:handshake' sequence 24
[07Jan2026 20:59:45.817] [Server thread/DEBUG] [net.minecraftforge.network.HandshakeHandler/FMLHANDSHAKE]: Sending ticking packet info 'Config securitycraft-server.toml' to 'fml:handshake' sequence 25
[07Jan2026 20:59:45.868] [Server thread/DEBUG] [net.minecraftforge.network.HandshakeHandler/FMLHANDSHAKE]: Sending ticking packet info 'Config curios-server.toml' to 'fml:handshake' sequence 26
[07Jan2026 20:59:45.917] [Server thread/DEBUG] [net.minecraftforge.network.HandshakeHandler/FMLHANDSHAKE]: Sending ticking packet info 'Config tombstone-server.toml' to 'fml:handshake' sequence 27
[07Jan2026 20:59:45.967] [Server thread/DEBUG] [net.minecraftforge.network.HandshakeHandler/FMLHANDSHAKE]: Sending ticking packet info 'Config travelersbackpack-server.toml' to 'fml:handshake' sequence 28
[07Jan2026 20:59:46.018] [Server thread/DEBUG] [net.minecraftforge.network.HandshakeHandler/FMLHANDSHAKE]: Sending ticking packet info 'Config reap-server.toml' to 'fml:handshake' sequence 29
[07Jan2026 20:59:46.052] [Netty Epoll Server IO #2/DEBUG] [net.minecraftforge.network.LoginWrapper/FMLHANDSHAKE]: Recieved login wrapper packet event for channel fml:handshake with index 4
[07Jan2026 20:59:46.052] [Netty Epoll Server IO #2/DEBUG] [net.minecraftforge.network.HandshakeHandler/FMLHANDSHAKE]: Received client indexed reply 4 of type net.minecraftforge.network.HandshakeMessages$C2SAcknowledge
[07Jan2026 20:59:46.052] [Netty Epoll Server IO #2/DEBUG] [net.minecraftforge.network.HandshakeHandler/FMLHANDSHAKE]: Received acknowledgement from client
[07Jan2026 20:59:46.067] [Server thread/DEBUG] [net.minecraftforge.network.HandshakeHandler/FMLHANDSHAKE]: Sending ticking packet info 'Config pickupnotifier/pickupnotifier-server.toml' to 'fml:handshake' sequence 30
[07Jan2026 20:59:46.118] [Server thread/DEBUG] [net.minecraftforge.network.HandshakeHandler/FMLHANDSHAKE]: Sending ticking packet info 'Config mantle-server.toml' to 'fml:handshake' sequence 31
[07Jan2026 20:59:46.168] [Server thread/DEBUG] [net.minecraftforge.network.HandshakeHandler/FMLHANDSHAKE]: Sending ticking packet info 'Config moblassos-server.toml' to 'fml:handshake' sequence 32
[07Jan2026 20:59:46.217] [Server thread/DEBUG] [net.minecraftforge.network.HandshakeHandler/FMLHANDSHAKE]: Sending ticking packet info 'Config jei-server.toml' to 'fml:handshake' sequence 33
[07Jan2026 20:59:46.226] [Netty Epoll Server IO #2/DEBUG] [net.minecraftforge.network.LoginWrapper/FMLHANDSHAKE]: Recieved login wrapper packet event for channel fml:handshake with index 5
[07Jan2026 20:59:46.226] [Netty Epoll Server IO #2/DEBUG] [net.minecraftforge.network.HandshakeHandler/FMLHANDSHAKE]: Received client indexed reply 5 of type net.minecraftforge.network.HandshakeMessages$C2SAcknowledge
[07Jan2026 20:59:46.226] [Netty Epoll Server IO #2/DEBUG] [net.minecraftforge.network.HandshakeHandler/FMLHANDSHAKE]: Received acknowledgement from client
[07Jan2026 20:59:46.229] [Netty Epoll Server IO #2/DEBUG] [net.minecraftforge.network.LoginWrapper/FMLHANDSHAKE]: Recieved login wrapper packet event for channel fml:handshake with index 6
[07Jan2026 20:59:46.229] [Netty Epoll Server IO #2/DEBUG] [net.minecraftforge.network.HandshakeHandler/FMLHANDSHAKE]: Received client indexed reply 6 of type net.minecraftforge.network.HandshakeMessages$C2SAcknowledge
[07Jan2026 20:59:46.229] [Netty Epoll Server IO #2/DEBUG] [net.minecraftforge.network.HandshakeHandler/FMLHANDSHAKE]: Received acknowledgement from client
[07Jan2026 20:59:46.230] [Netty Epoll Server IO #2/DEBUG] [net.minecraftforge.network.LoginWrapper/FMLHANDSHAKE]: Recieved login wrapper packet event for channel fml:handshake with index 7
[07Jan2026 20:59:46.230] [Netty Epoll Server IO #2/DEBUG] [net.minecraftforge.network.HandshakeHandler/FMLHANDSHAKE]: Received client indexed reply 7 of type net.minecraftforge.network.HandshakeMessages$C2SAcknowledge
[07Jan2026 20:59:46.230] [Netty Epoll Server IO #2/DEBUG] [net.minecraftforge.network.HandshakeHandler/FMLHANDSHAKE]: Received acknowledgement from client
[07Jan2026 20:59:46.268] [Server thread/DEBUG] [net.minecraftforge.network.HandshakeHandler/FMLHANDSHAKE]: Sending ticking packet info 'Config forge-server.toml' to 'fml:handshake' sequence 34
[07Jan2026 20:59:47.911] [Netty Epoll Server IO #2/DEBUG] [net.minecraftforge.network.LoginWrapper/FMLHANDSHAKE]: Recieved login wrapper packet event for channel fml:handshake with index 8
[07Jan2026 20:59:47.911] [Netty Epoll Server IO #2/DEBUG] [net.minecraftforge.network.HandshakeHandler/FMLHANDSHAKE]: Received client indexed reply 8 of type net.minecraftforge.network.HandshakeMessages$C2SAcknowledge
[07Jan2026 20:59:47.911] [Netty Epoll Server IO #2/DEBUG] [net.minecraftforge.network.HandshakeHandler/FMLHANDSHAKE]: Received acknowledgement from client
[07Jan2026 20:59:47.911] [Netty Epoll Server IO #2/DEBUG] [net.minecraftforge.network.LoginWrapper/FMLHANDSHAKE]: Recieved login wrapper packet event for channel fml:handshake with index 9
[07Jan2026 20:59:47.911] [Netty Epoll Server IO #2/DEBUG] [net.minecraftforge.network.HandshakeHandler/FMLHANDSHAKE]: Received client indexed reply 9 of type net.minecraftforge.network.HandshakeMessages$C2SAcknowledge
[07Jan2026 20:59:47.911] [Netty Epoll Server IO #2/DEBUG] [net.minecraftforge.network.HandshakeHandler/FMLHANDSHAKE]: Received acknowledgement from client
[07Jan2026 20:59:47.911] [Netty Epoll Server IO #2/DEBUG] [net.minecraftforge.network.LoginWrapper/FMLHANDSHAKE]: Recieved login wrapper packet event for channel fml:handshake with index 10
[07Jan2026 20:59:47.912] [Netty Epoll Server IO #2/DEBUG] [net.minecraftforge.network.HandshakeHandler/FMLHANDSHAKE]: Received client indexed reply 10 of type net.minecraftforge.network.HandshakeMessages$C2SAcknowledge
[07Jan2026 20:59:47.912] [Netty Epoll Server IO #2/DEBUG] [net.minecraftforge.network.HandshakeHandler/FMLHANDSHAKE]: Received acknowledgement from client
[07Jan2026 20:59:48.033] [Netty Epoll Server IO #2/DEBUG] [net.minecraftforge.network.LoginWrapper/FMLHANDSHAKE]: Recieved login wrapper packet event for channel fml:handshake with index 11
[07Jan2026 20:59:48.034] [Netty Epoll Server IO #2/DEBUG] [net.minecraftforge.network.HandshakeHandler/FMLHANDSHAKE]: Received client indexed reply 11 of type net.minecraftforge.network.HandshakeMessages$C2SAcknowledge
[07Jan2026 20:59:48.034] [Netty Epoll Server IO #2/DEBUG] [net.minecraftforge.network.HandshakeHandler/FMLHANDSHAKE]: Received acknowledgement from client
[07Jan2026 20:59:48.095] [Netty Epoll Server IO #2/DEBUG] [net.minecraftforge.network.LoginWrapper/FMLHANDSHAKE]: Recieved login wrapper packet event for channel fml:handshake with index 12
[07Jan2026 20:59:48.095] [Netty Epoll Server IO #2/DEBUG] [net.minecraftforge.network.HandshakeHandler/FMLHANDSHAKE]: Received client indexed reply 12 of type net.minecraftforge.network.HandshakeMessages$C2SAcknowledge
[07Jan2026 20:59:48.095] [Netty Epoll Server IO #2/DEBUG] [net.minecraftforge.network.HandshakeHandler/FMLHANDSHAKE]: Received acknowledgement from client
[07Jan2026 20:59:48.095] [Netty Epoll Server IO #2/DEBUG] [net.minecraftforge.network.LoginWrapper/FMLHANDSHAKE]: Recieved login wrapper packet event for channel fml:handshake with index 13
[07Jan2026 20:59:48.095] [Netty Epoll Server IO #2/DEBUG] [net.minecraftforge.network.HandshakeHandler/FMLHANDSHAKE]: Received client indexed reply 13 of type net.minecraftforge.network.HandshakeMessages$C2SAcknowledge
[07Jan2026 20:59:48.095] [Netty Epoll Server IO #2/DEBUG] [net.minecraftforge.network.HandshakeHandler/FMLHANDSHAKE]: Received acknowledgement from client
[07Jan2026 20:59:48.861] [Netty Epoll Server IO #2/DEBUG] [net.minecraftforge.network.LoginWrapper/FMLHANDSHAKE]: Recieved login wrapper packet event for channel fml:handshake with index 14
[07Jan2026 20:59:48.861] [Netty Epoll Server IO #2/DEBUG] [net.minecraftforge.network.HandshakeHandler/FMLHANDSHAKE]: Received client indexed reply 14 of type net.minecraftforge.network.HandshakeMessages$C2SAcknowledge
[07Jan2026 20:59:48.862] [Netty Epoll Server IO #2/DEBUG] [net.minecraftforge.network.HandshakeHandler/FMLHANDSHAKE]: Received acknowledgement from client
[07Jan2026 20:59:48.862] [Netty Epoll Server IO #2/DEBUG] [net.minecraftforge.network.LoginWrapper/FMLHANDSHAKE]: Recieved login wrapper packet event for channel fml:handshake with index 15
[07Jan2026 20:59:48.862] [Netty Epoll Server IO #2/DEBUG] [net.minecraftforge.network.HandshakeHandler/FMLHANDSHAKE]: Received client indexed reply 15 of type net.minecraftforge.network.HandshakeMessages$C2SAcknowledge
[07Jan2026 20:59:48.862] [Netty Epoll Server IO #2/DEBUG] [net.minecraftforge.network.HandshakeHandler/FMLHANDSHAKE]: Received acknowledgement from client
[07Jan2026 20:59:48.880] [Netty Epoll Server IO #2/DEBUG] [net.minecraftforge.network.LoginWrapper/FMLHANDSHAKE]: Recieved login wrapper packet event for channel fml:handshake with index 16
[07Jan2026 20:59:48.880] [Netty Epoll Server IO #2/DEBUG] [net.minecraftforge.network.HandshakeHandler/FMLHANDSHAKE]: Received client indexed reply 16 of type net.minecraftforge.network.HandshakeMessages$C2SAcknowledge
[07Jan2026 20:59:48.880] [Netty Epoll Server IO #2/DEBUG] [net.minecraftforge.network.HandshakeHandler/FMLHANDSHAKE]: Received acknowledgement from client
[07Jan2026 20:59:48.880] [Netty Epoll Server IO #2/DEBUG] [net.minecraftforge.network.LoginWrapper/FMLHANDSHAKE]: Recieved login wrapper packet event for channel fml:handshake with index 17
[07Jan2026 20:59:48.880] [Netty Epoll Server IO #2/DEBUG] [net.minecraftforge.network.HandshakeHandler/FMLHANDSHAKE]: Received client indexed reply 17 of type net.minecraftforge.network.HandshakeMessages$C2SAcknowledge
[07Jan2026 20:59:48.880] [Netty Epoll Server IO #2/DEBUG] [net.minecraftforge.network.HandshakeHandler/FMLHANDSHAKE]: Received acknowledgement from client
[07Jan2026 20:59:48.983] [Netty Epoll Server IO #2/DEBUG] [net.minecraftforge.network.LoginWrapper/FMLHANDSHAKE]: Recieved login wrapper packet event for channel fml:handshake with index 18
[07Jan2026 20:59:48.983] [Netty Epoll Server IO #2/DEBUG] [net.minecraftforge.network.HandshakeHandler/FMLHANDSHAKE]: Received client indexed reply 18 of type net.minecraftforge.network.HandshakeMessages$C2SAcknowledge
[07Jan2026 20:59:48.983] [Netty Epoll Server IO #2/DEBUG] [net.minecraftforge.network.HandshakeHandler/FMLHANDSHAKE]: Received acknowledgement from client
[07Jan2026 20:59:48.986] [Netty Epoll Server IO #2/DEBUG] [net.minecraftforge.network.LoginWrapper/FMLHANDSHAKE]: Recieved login wrapper packet event for channel fml:handshake with index 19
[07Jan2026 20:59:48.986] [Netty Epoll Server IO #2/DEBUG] [net.minecraftforge.network.HandshakeHandler/FMLHANDSHAKE]: Received client indexed reply 19 of type net.minecraftforge.network.HandshakeMessages$C2SAcknowledge
[07Jan2026 20:59:48.986] [Netty Epoll Server IO #2/DEBUG] [net.minecraftforge.network.HandshakeHandler/FMLHANDSHAKE]: Received acknowledgement from client
[07Jan2026 20:59:48.986] [Netty Epoll Server IO #2/DEBUG] [net.minecraftforge.network.LoginWrapper/FMLHANDSHAKE]: Recieved login wrapper packet event for channel fml:handshake with index 20
[07Jan2026 20:59:48.987] [Netty Epoll Server IO #2/DEBUG] [net.minecraftforge.network.HandshakeHandler/FMLHANDSHAKE]: Received client indexed reply 20 of type net.minecraftforge.network.HandshakeMessages$C2SAcknowledge
[07Jan2026 20:59:48.987] [Netty Epoll Server IO #2/DEBUG] [net.minecraftforge.network.HandshakeHandler/FMLHANDSHAKE]: Received acknowledgement from client
[07Jan2026 20:59:48.997] [Netty Epoll Server IO #2/DEBUG] [net.minecraftforge.network.LoginWrapper/FMLHANDSHAKE]: Recieved login wrapper packet event for channel fml:handshake with index 21
[07Jan2026 20:59:48.997] [Netty Epoll Server IO #2/DEBUG] [net.minecraftforge.network.HandshakeHandler/FMLHANDSHAKE]: Received client indexed reply 21 of type net.minecraftforge.network.HandshakeMessages$C2SAcknowledge
[07Jan2026 20:59:48.997] [Netty Epoll Server IO #2/DEBUG] [net.minecraftforge.network.HandshakeHandler/FMLHANDSHAKE]: Received acknowledgement from client
[07Jan2026 20:59:48.997] [Netty Epoll Server IO #2/DEBUG] [net.minecraftforge.network.LoginWrapper/FMLHANDSHAKE]: Recieved login wrapper packet event for channel fml:handshake with index 22
[07Jan2026 20:59:48.997] [Netty Epoll Server IO #2/DEBUG] [net.minecraftforge.network.HandshakeHandler/FMLHANDSHAKE]: Received client indexed reply 22 of type net.minecraftforge.network.HandshakeMessages$C2SAcknowledge
[07Jan2026 20:59:48.997] [Netty Epoll Server IO #2/DEBUG] [net.minecraftforge.network.HandshakeHandler/FMLHANDSHAKE]: Received acknowledgement from client
[07Jan2026 20:59:49.024] [Netty Epoll Server IO #2/DEBUG] [net.minecraftforge.network.LoginWrapper/FMLHANDSHAKE]: Recieved login wrapper packet event for channel fml:handshake with index 23
[07Jan2026 20:59:49.024] [Netty Epoll Server IO #2/DEBUG] [net.minecraftforge.network.HandshakeHandler/FMLHANDSHAKE]: Received client indexed reply 23 of type net.minecraftforge.network.HandshakeMessages$C2SAcknowledge
[07Jan2026 20:59:49.024] [Netty Epoll Server IO #2/DEBUG] [net.minecraftforge.network.HandshakeHandler/FMLHANDSHAKE]: Received acknowledgement from client
[07Jan2026 20:59:49.206] [Netty Epoll Server IO #2/DEBUG] [net.minecraftforge.network.LoginWrapper/FMLHANDSHAKE]: Recieved login wrapper packet event for channel fml:handshake with index 24
[07Jan2026 20:59:49.206] [Netty Epoll Server IO #2/DEBUG] [net.minecraftforge.network.HandshakeHandler/FMLHANDSHAKE]: Received client indexed reply 24 of type net.minecraftforge.network.HandshakeMessages$C2SAcknowledge
[07Jan2026 20:59:49.206] [Netty Epoll Server IO #2/DEBUG] [net.minecraftforge.network.HandshakeHandler/FMLHANDSHAKE]: Received acknowledgement from client
[07Jan2026 20:59:49.221] [Netty Epoll Server IO #2/DEBUG] [net.minecraftforge.network.LoginWrapper/FMLHANDSHAKE]: Recieved login wrapper packet event for channel fml:handshake with index 25
[07Jan2026 20:59:49.221] [Netty Epoll Server IO #2/DEBUG] [net.minecraftforge.network.HandshakeHandler/FMLHANDSHAKE]: Received client indexed reply 25 of type net.minecraftforge.network.HandshakeMessages$C2SAcknowledge
[07Jan2026 20:59:49.221] [Netty Epoll Server IO #2/DEBUG] [net.minecraftforge.network.HandshakeHandler/FMLHANDSHAKE]: Received acknowledgement from client
[07Jan2026 20:59:49.243] [Netty Epoll Server IO #2/DEBUG] [net.minecraftforge.network.LoginWrapper/FMLHANDSHAKE]: Recieved login wrapper packet event for channel fml:handshake with index 26
[07Jan2026 20:59:49.243] [Netty Epoll Server IO #2/DEBUG] [net.minecraftforge.network.HandshakeHandler/FMLHANDSHAKE]: Received client indexed reply 26 of type net.minecraftforge.network.HandshakeMessages$C2SAcknowledge
[07Jan2026 20:59:49.243] [Netty Epoll Server IO #2/DEBUG] [net.minecraftforge.network.HandshakeHandler/FMLHANDSHAKE]: Received acknowledgement from client
[07Jan2026 20:59:49.243] [Netty Epoll Server IO #2/DEBUG] [net.minecraftforge.network.LoginWrapper/FMLHANDSHAKE]: Recieved login wrapper packet event for channel fml:handshake with index 27
[07Jan2026 20:59:49.243] [Netty Epoll Server IO #2/DEBUG] [net.minecraftforge.network.HandshakeHandler/FMLHANDSHAKE]: Received client indexed reply 27 of type net.minecraftforge.network.HandshakeMessages$C2SAcknowledge
[07Jan2026 20:59:49.243] [Netty Epoll Server IO #2/DEBUG] [net.minecraftforge.network.HandshakeHandler/FMLHANDSHAKE]: Received acknowledgement from client
[07Jan2026 20:59:49.311] [Netty Epoll Server IO #2/DEBUG] [net.minecraftforge.network.LoginWrapper/FMLHANDSHAKE]: Recieved login wrapper packet event for channel fml:handshake with index 28
[07Jan2026 20:59:49.311] [Netty Epoll Server IO #2/DEBUG] [net.minecraftforge.network.HandshakeHandler/FMLHANDSHAKE]: Received client indexed reply 28 of type net.minecraftforge.network.HandshakeMessages$C2SAcknowledge
[07Jan2026 20:59:49.311] [Netty Epoll Server IO #2/DEBUG] [net.minecraftforge.network.HandshakeHandler/FMLHANDSHAKE]: Received acknowledgement from client
[07Jan2026 20:59:49.405] [Netty Epoll Server IO #2/DEBUG] [net.minecraftforge.network.LoginWrapper/FMLHANDSHAKE]: Recieved login wrapper packet event for channel fml:handshake with index 29
[07Jan2026 20:59:49.405] [Netty Epoll Server IO #2/DEBUG] [net.minecraftforge.network.HandshakeHandler/FMLHANDSHAKE]: Received client indexed reply 29 of type net.minecraftforge.network.HandshakeMessages$C2SAcknowledge
[07Jan2026 20:59:49.405] [Netty Epoll Server IO #2/DEBUG] [net.minecraftforge.network.HandshakeHandler/FMLHANDSHAKE]: Received acknowledgement from client
[07Jan2026 20:59:49.406] [Netty Epoll Server IO #2/DEBUG] [net.minecraftforge.network.LoginWrapper/FMLHANDSHAKE]: Recieved login wrapper packet event for channel fml:handshake with index 30
[07Jan2026 20:59:49.406] [Netty Epoll Server IO #2/DEBUG] [net.minecraftforge.network.HandshakeHandler/FMLHANDSHAKE]: Received client indexed reply 30 of type net.minecraftforge.network.HandshakeMessages$C2SAcknowledge
[07Jan2026 20:59:49.406] [Netty Epoll Server IO #2/DEBUG] [net.minecraftforge.network.HandshakeHandler/FMLHANDSHAKE]: Received acknowledgement from client
[07Jan2026 20:59:49.406] [Netty Epoll Server IO #2/DEBUG] [net.minecraftforge.network.LoginWrapper/FMLHANDSHAKE]: Recieved login wrapper packet event for channel fml:handshake with index 31
[07Jan2026 20:59:49.406] [Netty Epoll Server IO #2/DEBUG] [net.minecraftforge.network.HandshakeHandler/FMLHANDSHAKE]: Received client indexed reply 31 of type net.minecraftforge.network.HandshakeMessages$C2SAcknowledge
[07Jan2026 20:59:49.406] [Netty Epoll Server IO #2/DEBUG] [net.minecraftforge.network.HandshakeHandler/FMLHANDSHAKE]: Received acknowledgement from client
[07Jan2026 20:59:49.406] [Netty Epoll Server IO #2/DEBUG] [net.minecraftforge.network.LoginWrapper/FMLHANDSHAKE]: Recieved login wrapper packet event for channel fml:handshake with index 32
[07Jan2026 20:59:49.406] [Netty Epoll Server IO #2/DEBUG] [net.minecraftforge.network.HandshakeHandler/FMLHANDSHAKE]: Received client indexed reply 32 of type net.minecraftforge.network.HandshakeMessages$C2SAcknowledge
[07Jan2026 20:59:49.406] [Netty Epoll Server IO #2/DEBUG] [net.minecraftforge.network.HandshakeHandler/FMLHANDSHAKE]: Received acknowledgement from client
[07Jan2026 20:59:49.406] [Netty Epoll Server IO #2/DEBUG] [net.minecraftforge.network.LoginWrapper/FMLHANDSHAKE]: Recieved login wrapper packet event for channel fml:handshake with index 33
[07Jan2026 20:59:49.407] [Netty Epoll Server IO #2/DEBUG] [net.minecraftforge.network.HandshakeHandler/FMLHANDSHAKE]: Received client indexed reply 33 of type net.minecraftforge.network.HandshakeMessages$C2SAcknowledge
[07Jan2026 20:59:49.407] [Netty Epoll Server IO #2/DEBUG] [net.minecraftforge.network.HandshakeHandler/FMLHANDSHAKE]: Received acknowledgement from client
[07Jan2026 20:59:49.407] [Netty Epoll Server IO #2/DEBUG] [net.minecraftforge.network.LoginWrapper/FMLHANDSHAKE]: Recieved login wrapper packet event for channel fml:handshake with index 34
[07Jan2026 20:59:49.407] [Netty Epoll Server IO #2/DEBUG] [net.minecraftforge.network.HandshakeHandler/FMLHANDSHAKE]: Received client indexed reply 34 of type net.minecraftforge.network.HandshakeMessages$C2SAcknowledge
[07Jan2026 20:59:49.407] [Netty Epoll Server IO #2/DEBUG] [net.minecraftforge.network.HandshakeHandler/FMLHANDSHAKE]: Received acknowledgement from client
[07Jan2026 20:59:49.418] [Server thread/DEBUG] [net.minecraftforge.network.HandshakeHandler/FMLHANDSHAKE]: Handshake complete!
[07Jan2026 20:59:49.612] [Server thread/INFO] [net.minecraft.server.players.PlayerList/]: AlbertoFdez[/127.139.175.70:44361] logged in with entity id 1103 at (-460.385791230307, -37.0, -8.699999988079071)
[07Jan2026 20:59:49.620] [Server thread/DEBUG] [net.minecraftforge.network.filters.NetworkFilters/]: Injected net.minecraftforge.network.filters.ForgeConnectionNetworkFilter@5ff27e6a into net.minecraft.network.Connection@5e87a2b9
[07Jan2026 20:59:49.647] [Server thread/DEBUG] [ModernFix/]: Sending ID correction packet to client with 362 classes
[07Jan2026 20:59:49.729] [Server thread/INFO] [net.minecraft.server.MinecraftServer/]: AlbertoFdez joined the game
[07Jan2026 20:59:49.803] [Server thread/INFO] [Jade/]: Syncing config to AlbertoFdez (a8946ccc-c2e8-3f15-b66c-525c8149dd30)
[07Jan2026 20:59:50.390] [Server thread/DEBUG] [ModernFix/]: Using cached upgraded version of graveyard:crypt/start_pool/start_room
[07Jan2026 20:59:50.412] [Server thread/DEBUG] [ModernFix/]: Using cached upgraded version of graveyard:crypt/corridor_pool/library_02
[07Jan2026 20:59:50.421] [Server thread/DEBUG] [ModernFix/]: Using cached upgraded version of graveyard:crypt/corridor_pool/corridor_08
[07Jan2026 20:59:50.430] [Server thread/DEBUG] [ModernFix/]: Using cached upgraded version of graveyard:crypt/corridor_pool/room_04
[07Jan2026 20:59:50.447] [Server thread/DEBUG] [ModernFix/]: Using cached upgraded version of graveyard:crypt/corridor_pool/corridor_07
[07Jan2026 20:59:50.449] [Server thread/DEBUG] [ModernFix/]: Using cached upgraded version of graveyard:crypt/corridor_pool/end_03
[07Jan2026 20:59:50.452] [Server thread/DEBUG] [ModernFix/]: Using cached upgraded version of graveyard:crypt/corridor_pool/corridor_05
[07Jan2026 20:59:50.457] [Server thread/DEBUG] [ModernFix/]: Using cached upgraded version of graveyard:crypt/corridor_pool/corridor_01
[07Jan2026 20:59:50.460] [Server thread/DEBUG] [ModernFix/]: Using cached upgraded version of graveyard:crypt/corridor_pool/corridor_03
[07Jan2026 20:59:50.464] [Server thread/DEBUG] [ModernFix/]: Using cached upgraded version of graveyard:crypt/corridor_pool/corridor_09
[07Jan2026 20:59:50.467] [Server thread/DEBUG] [ModernFix/]: Using cached upgraded version of graveyard:crypt/corridor_pool/end_01
[07Jan2026 20:59:50.471] [Server thread/DEBUG] [ModernFix/]: Using cached upgraded version of graveyard:crypt/corridor_pool/trap_01
[07Jan2026 20:59:50.475] [Server thread/DEBUG] [ModernFix/]: Using cached upgraded version of graveyard:crypt/corridor_pool/corridor_11
[07Jan2026 20:59:50.480] [Server thread/DEBUG] [ModernFix/]: Using cached upgraded version of graveyard:crypt/corridor_pool/trap_02
[07Jan2026 20:59:50.486] [Server thread/DEBUG] [ModernFix/]: Using cached upgraded version of graveyard:crypt/corridor_pool/corridor_13
[07Jan2026 20:59:50.492] [Server thread/DEBUG] [ModernFix/]: Using cached upgraded version of graveyard:crypt/corridor_pool/corner_02
[07Jan2026 20:59:50.497] [Server thread/DEBUG] [ModernFix/]: Using cached upgraded version of graveyard:crypt/corridor_pool/end_06
[07Jan2026 20:59:50.499] [Server thread/DEBUG] [ModernFix/]: Using cached upgraded version of graveyard:crypt/corridor_pool/end_04
[07Jan2026 20:59:50.503] [Server thread/DEBUG] [ModernFix/]: Using cached upgraded version of graveyard:crypt/corridor_pool/library_01
[07Jan2026 20:59:50.510] [Server thread/DEBUG] [ModernFix/]: Using cached upgraded version of graveyard:crypt/corridor_pool/corridor_04
[07Jan2026 20:59:50.514] [Server thread/DEBUG] [ModernFix/]: Using cached upgraded version of graveyard:crypt/corridor_pool/trap_03
[07Jan2026 20:59:50.517] [Server thread/DEBUG] [ModernFix/]: Using cached upgraded version of graveyard:crypt/corridor_pool/corridor_10
[07Jan2026 20:59:50.809] [Server thread/DEBUG] [ModernFix/]: Using cached upgraded version of fossil:aztec/aztec_temple_ruined
[07Jan2026 20:59:51.701] [Server thread/DEBUG] [ModernFix/]: Using cached upgraded version of graveyard:small_grave/small_grave_13
[07Jan2026 20:59:51.912] [Server thread/DEBUG] [mixin/]: Mixing SpiritsDissapearInSun from borninconfiguration.mixins.json into net.mcreator.borninchaosv.procedures.SpiritGonProcedure
[07Jan2026 20:59:51.912] [Server thread/DEBUG] [mixin/]: borninconfiguration.mixins.json:SpiritsDissapearInSun: Class version 61 required is higher than the class version supported by the current version of Mixin (JAVA_8 supports class version 52)
[07Jan2026 20:59:51.966] [Server thread/DEBUG] [ModernFix/]: Using cached upgraded version of fossil:aztec/aztec_weapon_shop_ruined
[07Jan2026 20:59:53.308] [Server thread/DEBUG] [ModernFix/]: Using cached upgraded version of graveyard:small_savanna_grave/small_savanna_grave_05
[07Jan2026 20:59:54.562] [Server thread/DEBUG] [ModernFix/]: Using cached upgraded version of fossil:sites/fossil_site_normal_top
[07Jan2026 20:59:54.564] [Server thread/DEBUG] [ModernFix/]: Using cached upgraded version of fossil:sites/fossil_site_normal_base
[07Jan2026 20:59:54.565] [Server thread/DEBUG] [ModernFix/]: Using cached upgraded version of fossil:sites/fossil_tent_option_north
[07Jan2026 20:59:54.565] [Server thread/DEBUG] [ModernFix/]: Using cached upgraded version of fossil:sites/fossil_site_tent_jigsaw
[07Jan2026 20:59:54.568] [Server thread/DEBUG] [ModernFix/]: Using cached upgraded version of fossil:villagers/archeologist
[07Jan2026 21:00:06.889] [Server thread/DEBUG] [mixin/]: Mixing swimming.FallLocationMixin from expandability-common.mixins.json into net.minecraft.world.damagesource.FallLocation
[07Jan2026 21:01:03.103] [Netty Epoll Server IO #4/DEBUG] [net.minecraftforge.network.HandshakeHandler/FMLHANDSHAKE]: Starting new modded impl connection. Found 35 messages to dispatch.
[07Jan2026 21:01:03.329] [Server thread/DEBUG] [net.minecraftforge.network.HandshakeHandler/FMLHANDSHAKE]: Sending ticking packet info 'net.minecraftforge.network.HandshakeMessages$S2CModData' to 'fml:handshake' sequence 0
[07Jan2026 21:01:03.380] [Server thread/DEBUG] [net.minecraftforge.network.HandshakeHandler/FMLHANDSHAKE]: Sending ticking packet info 'net.minecraftforge.network.HandshakeMessages$S2CModList' to 'fml:handshake' sequence 1
[07Jan2026 21:01:03.429] [Server thread/DEBUG] [net.minecraftforge.network.HandshakeHandler/FMLHANDSHAKE]: Sending ticking packet info 'Registry minecraft:command_argument_type' to 'fml:handshake' sequence 2
[07Jan2026 21:01:03.479] [Server thread/DEBUG] [net.minecraftforge.network.HandshakeHandler/FMLHANDSHAKE]: Sending ticking packet info 'Registry minecraft:recipe_serializer' to 'fml:handshake' sequence 3
[07Jan2026 21:01:03.528] [Server thread/DEBUG] [net.minecraftforge.network.HandshakeHandler/FMLHANDSHAKE]: Sending ticking packet info 'Registry minecraft:sound_event' to 'fml:handshake' sequence 4
[07Jan2026 21:01:03.578] [Netty Epoll Server IO #4/DEBUG] [net.minecraftforge.network.LoginWrapper/FMLHANDSHAKE]: Recieved login wrapper packet event for channel fml:handshake with index 1
[07Jan2026 21:01:03.578] [Netty Epoll Server IO #4/DEBUG] [net.minecraftforge.network.HandshakeHandler/FMLHANDSHAKE]: Received client indexed reply 1 of type net.minecraftforge.network.HandshakeMessages$C2SModListReply
[07Jan2026 21:01:03.578] [Netty Epoll Server IO #4/DEBUG] [net.minecraftforge.network.HandshakeHandler/FMLHANDSHAKE]: Received client connection with modlist [uniquedungeons, treechop, kuma_api, geckolib, jei, graveyard, uppers, trender, reap, waystones, clumps, xaeroworldmap, modernfix, citadel, alexsmobs, travelersbackpack, artifacts, mixinextras, pickupnotifier, morehitboxes, balm, interaction_boxes, crafttweaker, puzzlesaccessapi, cloth_config, forge, twilightforest, embeddium, rubidium, chloride, minecraft, tconstruct, borninconfiguration, terrablender, mousetweaks, jade, tbsfbsp, creativecore, born_in_chaos_v1, kotlinforforge, curios, mantle, xaerominimap, oculus, securitycraft, entityculling, tombstone, architectury, fossil, ferritecore, transition, puzzleslib, observable, expandability, moblassos, playerrevive]
[07Jan2026 21:01:03.578] [Netty Epoll Server IO #4/DEBUG] [net.minecraftforge.network.NetworkRegistry/NETREGISTRY]: Channel 'architectury:network' : Version test of '1' from client : ACCEPTED
[07Jan2026 21:01:03.578] [Netty Epoll Server IO #4/DEBUG] [net.minecraftforge.network.NetworkRegistry/NETREGISTRY]: Channel 'jei:channel' : Version test of '1.0.0' from client : ACCEPTED
[07Jan2026 21:01:03.578] [Netty Epoll Server IO #4/DEBUG] [net.minecraftforge.network.NetworkRegistry/NETREGISTRY]: Channel 'mantle:network' : Version test of '1' from client : ACCEPTED
[07Jan2026 21:01:03.578] [Netty Epoll Server IO #4/DEBUG] [net.minecraftforge.network.NetworkRegistry/NETREGISTRY]: Channel 'minecraft:unregister' : Version test of 'FML3' from client : ACCEPTED
[07Jan2026 21:01:03.578] [Netty Epoll Server IO #4/DEBUG] [net.minecraftforge.network.NetworkRegistry/NETREGISTRY]: Channel 'xaerominimap:main' : Version test of '1.0' from client : ACCEPTED
[07Jan2026 21:01:03.578] [Netty Epoll Server IO #4/DEBUG] [net.minecraftforge.network.NetworkRegistry/NETREGISTRY]: Channel 'citadel:main_channel' : Version test of '1' from client : ACCEPTED
[07Jan2026 21:01:03.578] [Netty Epoll Server IO #4/DEBUG] [net.minecraftforge.network.NetworkRegistry/NETREGISTRY]: Channel 'puzzleslib:1' : Version test of '1' from client : ACCEPTED
[07Jan2026 21:01:03.579] [Netty Epoll Server IO #4/DEBUG] [net.minecraftforge.network.NetworkRegistry/NETREGISTRY]: Channel 'securitycraft:securitycraft' : Version test of 'v1.10.1' from client : ACCEPTED
[07Jan2026 21:01:03.579] [Netty Epoll Server IO #4/DEBUG] [net.minecraftforge.network.NetworkRegistry/NETREGISTRY]: Channel 'moblassos:1' : Version test of '1' from client : ACCEPTED
[07Jan2026 21:01:03.579] [Netty Epoll Server IO #4/DEBUG] [net.minecraftforge.network.NetworkRegistry/NETREGISTRY]: Channel 'born_in_chaos_v1:born_in_chaos_v1' : Version test of '1' from client : ACCEPTED
[07Jan2026 21:01:03.579] [Netty Epoll Server IO #4/DEBUG] [net.minecraftforge.network.NetworkRegistry/NETREGISTRY]: Channel 'uniquedungeons:network' : Version test of '1.0' from client : ACCEPTED
[07Jan2026 21:01:03.579] [Netty Epoll Server IO #4/DEBUG] [net.minecraftforge.network.NetworkRegistry/NETREGISTRY]: Channel 'travelersbackpack:network' : Version test of 'travelersbackpack:1' from client : ACCEPTED
[07Jan2026 21:01:03.579] [Netty Epoll Server IO #4/DEBUG] [net.minecraftforge.network.NetworkRegistry/NETREGISTRY]: Channel 'modernfix:main' : Version test of '1' from client : ACCEPTED
[07Jan2026 21:01:03.579] [Server thread/DEBUG] [net.minecraftforge.network.HandshakeHandler/FMLHANDSHAKE]: Sending ticking packet info 'Registry minecraft:particle_type' to 'fml:handshake' sequence 5
[07Jan2026 21:01:03.579] [Netty Epoll Server IO #4/DEBUG] [net.minecraftforge.network.NetworkRegistry/NETREGISTRY]: Channel 'curios:main' : Version test of '1' from client : ACCEPTED
[07Jan2026 21:01:03.579] [Netty Epoll Server IO #4/DEBUG] [net.minecraftforge.network.NetworkRegistry/NETREGISTRY]: Channel 'minecraft:treechop-channel' : Version test of '7' from client : ACCEPTED
[07Jan2026 21:01:03.579] [Netty Epoll Server IO #4/DEBUG] [net.minecraftforge.network.NetworkRegistry/NETREGISTRY]: Channel 'tconstruct:network' : Version test of '2' from client : ACCEPTED
[07Jan2026 21:01:03.579] [Netty Epoll Server IO #4/DEBUG] [net.minecraftforge.network.NetworkRegistry/NETREGISTRY]: Channel 'balm:network' : Version test of '1.0' from client : ACCEPTED
[07Jan2026 21:01:03.579] [Netty Epoll Server IO #4/DEBUG] [net.minecraftforge.network.NetworkRegistry/NETREGISTRY]: Channel 'fml:loginwrapper' : Version test of 'FML3' from client : ACCEPTED
[07Jan2026 21:01:03.579] [Netty Epoll Server IO #4/DEBUG] [net.minecraftforge.network.NetworkRegistry/NETREGISTRY]: Channel 'morehitboxes:main' : Version test of '1' from client : ACCEPTED
[07Jan2026 21:01:03.579] [Netty Epoll Server IO #4/DEBUG] [net.minecraftforge.network.NetworkRegistry/NETREGISTRY]: Channel 'forge:tier_sorting' : Version test of '1.0' from client : ACCEPTED
[07Jan2026 21:01:03.579] [Netty Epoll Server IO #4/DEBUG] [net.minecraftforge.network.NetworkRegistry/NETREGISTRY]: Channel 'alexsmobs:main_channel' : Version test of '1' from client : ACCEPTED
[07Jan2026 21:01:03.579] [Netty Epoll Server IO #4/DEBUG] [net.minecraftforge.network.NetworkRegistry/NETREGISTRY]: Channel 'tombstone:tombstone_channel' : Version test of 'tombstone-9.0.9' from client : ACCEPTED
[07Jan2026 21:01:03.579] [Netty Epoll Server IO #4/DEBUG] [net.minecraftforge.network.NetworkRegistry/NETREGISTRY]: Channel 'playerrevive:main' : Version test of '1' from client : ACCEPTED
[07Jan2026 21:01:03.579] [Netty Epoll Server IO #4/DEBUG] [net.minecraftforge.network.NetworkRegistry/NETREGISTRY]: Channel 'fml:play' : Version test of 'FML3' from client : ACCEPTED
[07Jan2026 21:01:03.579] [Netty Epoll Server IO #4/DEBUG] [net.minecraftforge.network.NetworkRegistry/NETREGISTRY]: Channel 'creativecore:main' : Version test of '1' from client : ACCEPTED
[07Jan2026 21:01:03.579] [Netty Epoll Server IO #4/DEBUG] [net.minecraftforge.network.NetworkRegistry/NETREGISTRY]: Channel 'pickupnotifier:1' : Version test of '1' from client : ACCEPTED
[07Jan2026 21:01:03.579] [Netty Epoll Server IO #4/DEBUG] [net.minecraftforge.network.NetworkRegistry/NETREGISTRY]: Channel 'fml:handshake' : Version test of 'FML3' from client : ACCEPTED
[07Jan2026 21:01:03.579] [Netty Epoll Server IO #4/DEBUG] [net.minecraftforge.network.NetworkRegistry/NETREGISTRY]: Channel 'crafttweaker:main' : Version test of '1.0.0' from client : ACCEPTED
[07Jan2026 21:01:03.579] [Netty Epoll Server IO #4/DEBUG] [net.minecraftforge.network.NetworkRegistry/NETREGISTRY]: Channel 'xaeroworldmap:main' : Version test of '1.0' from client : ACCEPTED
[07Jan2026 21:01:03.579] [Netty Epoll Server IO #4/DEBUG] [net.minecraftforge.network.NetworkRegistry/NETREGISTRY]: Channel 'minecraft:register' : Version test of 'FML3' from client : ACCEPTED
[07Jan2026 21:01:03.579] [Netty Epoll Server IO #4/DEBUG] [net.minecraftforge.network.NetworkRegistry/NETREGISTRY]: Channel 'forge:split' : Version test of '1.1' from client : ACCEPTED
[07Jan2026 21:01:03.579] [Netty Epoll Server IO #4/DEBUG] [net.minecraftforge.network.NetworkRegistry/NETREGISTRY]: Channel 'twilightforest:channel' : Version test of '2' from client : ACCEPTED
[07Jan2026 21:01:03.579] [Netty Epoll Server IO #4/DEBUG] [net.minecraftforge.network.NetworkRegistry/NETREGISTRY]: Channel 'geckolib:main' : Version test of '1' from client : ACCEPTED
[07Jan2026 21:01:03.579] [Netty Epoll Server IO #4/DEBUG] [net.minecraftforge.network.NetworkRegistry/NETREGISTRY]: Channel 'graveyard:spawn_entity' : Version test of '1' from client : ACCEPTED
[07Jan2026 21:01:03.579] [Netty Epoll Server IO #4/DEBUG] [net.minecraftforge.network.NetworkRegistry/NETREGISTRY]: Channel 'waystones:network' : Version test of '1.0' from client : ACCEPTED
[07Jan2026 21:01:03.580] [Netty Epoll Server IO #4/DEBUG] [net.minecraftforge.network.NetworkRegistry/NETREGISTRY]: Channel 'jade:networking' : Version test of '2' from client : ACCEPTED
[07Jan2026 21:01:03.580] [Netty Epoll Server IO #4/DEBUG] [net.minecraftforge.network.NetworkRegistry/NETREGISTRY]: Accepting channel list from client
[07Jan2026 21:01:03.580] [Netty Epoll Server IO #4/DEBUG] [net.minecraftforge.network.HandshakeHandler/FMLHANDSHAKE]: Accepted client connection mod list
[07Jan2026 21:01:03.629] [Server thread/DEBUG] [net.minecraftforge.network.HandshakeHandler/FMLHANDSHAKE]: Sending ticking packet info 'Registry minecraft:villager_profession' to 'fml:handshake' sequence 6
[07Jan2026 21:01:03.635] [Netty Epoll Server IO #4/DEBUG] [net.minecraftforge.network.LoginWrapper/FMLHANDSHAKE]: Recieved login wrapper packet event for channel fml:handshake with index 2
[07Jan2026 21:01:03.635] [Netty Epoll Server IO #4/DEBUG] [net.minecraftforge.network.HandshakeHandler/FMLHANDSHAKE]: Received client indexed reply 2 of type net.minecraftforge.network.HandshakeMessages$C2SAcknowledge
[07Jan2026 21:01:03.636] [Netty Epoll Server IO #4/DEBUG] [net.minecraftforge.network.HandshakeHandler/FMLHANDSHAKE]: Received acknowledgement from client
[07Jan2026 21:01:03.678] [Server thread/DEBUG] [net.minecraftforge.network.HandshakeHandler/FMLHANDSHAKE]: Sending ticking packet info 'Registry twilightforest:tiny_bird_variant' to 'fml:handshake' sequence 7
[07Jan2026 21:01:03.719] [Netty Epoll Server IO #4/DEBUG] [net.minecraftforge.network.LoginWrapper/FMLHANDSHAKE]: Recieved login wrapper packet event for channel fml:handshake with index 3
[07Jan2026 21:01:03.719] [Netty Epoll Server IO #4/DEBUG] [net.minecraftforge.network.HandshakeHandler/FMLHANDSHAKE]: Received client indexed reply 3 of type net.minecraftforge.network.HandshakeMessages$C2SAcknowledge
[07Jan2026 21:01:03.719] [Netty Epoll Server IO #4/DEBUG] [net.minecraftforge.network.HandshakeHandler/FMLHANDSHAKE]: Received acknowledgement from client
[07Jan2026 21:01:03.730] [Server thread/DEBUG] [net.minecraftforge.network.HandshakeHandler/FMLHANDSHAKE]: Sending ticking packet info 'Registry minecraft:item' to 'fml:handshake' sequence 8
[07Jan2026 21:01:03.778] [Server thread/DEBUG] [net.minecraftforge.network.HandshakeHandler/FMLHANDSHAKE]: Sending ticking packet info 'Registry minecraft:potion' to 'fml:handshake' sequence 9
[07Jan2026 21:01:03.828] [Server thread/DEBUG] [net.minecraftforge.network.HandshakeHandler/FMLHANDSHAKE]: Sending ticking packet info 'Registry minecraft:painting_variant' to 'fml:handshake' sequence 10
[07Jan2026 21:01:03.879] [Server thread/DEBUG] [net.minecraftforge.network.HandshakeHandler/FMLHANDSHAKE]: Sending ticking packet info 'Registry forge:fluid_type' to 'fml:handshake' sequence 11
[07Jan2026 21:01:03.928] [Server thread/DEBUG] [net.minecraftforge.network.HandshakeHandler/FMLHANDSHAKE]: Sending ticking packet info 'Registry minecraft:block_entity_type' to 'fml:handshake' sequence 12
[07Jan2026 21:01:03.978] [Server thread/DEBUG] [net.minecraftforge.network.HandshakeHandler/FMLHANDSHAKE]: Sending ticking packet info 'Registry forge:display_contexts' to 'fml:handshake' sequence 13
[07Jan2026 21:01:04.032] [Server thread/DEBUG] [net.minecraftforge.network.HandshakeHandler/FMLHANDSHAKE]: Sending ticking packet info 'Registry minecraft:block' to 'fml:handshake' sequence 14
[07Jan2026 21:01:04.078] [Server thread/DEBUG] [net.minecraftforge.network.HandshakeHandler/FMLHANDSHAKE]: Sending ticking packet info 'Registry forge:entity_data_serializers' to 'fml:handshake' sequence 15
[07Jan2026 21:01:04.112] [Netty Epoll Server IO #4/DEBUG] [net.minecraftforge.network.LoginWrapper/FMLHANDSHAKE]: Recieved login wrapper packet event for channel fml:handshake with index 4
[07Jan2026 21:01:04.112] [Netty Epoll Server IO #4/DEBUG] [net.minecraftforge.network.HandshakeHandler/FMLHANDSHAKE]: Received client indexed reply 4 of type net.minecraftforge.network.HandshakeMessages$C2SAcknowledge
[07Jan2026 21:01:04.112] [Netty Epoll Server IO #4/DEBUG] [net.minecraftforge.network.HandshakeHandler/FMLHANDSHAKE]: Received acknowledgement from client
[07Jan2026 21:01:04.113] [Netty Epoll Server IO #4/DEBUG] [net.minecraftforge.network.LoginWrapper/FMLHANDSHAKE]: Recieved login wrapper packet event for channel fml:handshake with index 5
[07Jan2026 21:01:04.114] [Netty Epoll Server IO #4/DEBUG] [net.minecraftforge.network.HandshakeHandler/FMLHANDSHAKE]: Received client indexed reply 5 of type net.minecraftforge.network.HandshakeMessages$C2SAcknowledge
[07Jan2026 21:01:04.114] [Netty Epoll Server IO #4/DEBUG] [net.minecraftforge.network.HandshakeHandler/FMLHANDSHAKE]: Received acknowledgement from client
[07Jan2026 21:01:04.114] [Netty Epoll Server IO #4/DEBUG] [net.minecraftforge.network.LoginWrapper/FMLHANDSHAKE]: Recieved login wrapper packet event for channel fml:handshake with index 6
[07Jan2026 21:01:04.114] [Netty Epoll Server IO #4/DEBUG] [net.minecraftforge.network.HandshakeHandler/FMLHANDSHAKE]: Received client indexed reply 6 of type net.minecraftforge.network.HandshakeMessages$C2SAcknowledge
[07Jan2026 21:01:04.114] [Netty Epoll Server IO #4/DEBUG] [net.minecraftforge.network.HandshakeHandler/FMLHANDSHAKE]: Received acknowledgement from client
[07Jan2026 21:01:04.114] [Netty Epoll Server IO #4/DEBUG] [net.minecraftforge.network.LoginWrapper/FMLHANDSHAKE]: Recieved login wrapper packet event for channel fml:handshake with index 7
[07Jan2026 21:01:04.114] [Netty Epoll Server IO #4/DEBUG] [net.minecraftforge.network.HandshakeHandler/FMLHANDSHAKE]: Received client indexed reply 7 of type net.minecraftforge.network.HandshakeMessages$C2SAcknowledge
[07Jan2026 21:01:04.114] [Netty Epoll Server IO #4/DEBUG] [net.minecraftforge.network.HandshakeHandler/FMLHANDSHAKE]: Received acknowledgement from client
[07Jan2026 21:01:04.131] [Server thread/DEBUG] [net.minecraftforge.network.HandshakeHandler/FMLHANDSHAKE]: Sending ticking packet info 'Registry minecraft:mob_effect' to 'fml:handshake' sequence 16
[07Jan2026 21:01:04.180] [Server thread/DEBUG] [net.minecraftforge.network.HandshakeHandler/FMLHANDSHAKE]: Sending ticking packet info 'Registry minecraft:stat_type' to 'fml:handshake' sequence 17
[07Jan2026 21:01:04.230] [Server thread/DEBUG] [net.minecraftforge.network.HandshakeHandler/FMLHANDSHAKE]: Sending ticking packet info 'Registry twilightforest:enforcement' to 'fml:handshake' sequence 18
[07Jan2026 21:01:04.276] [Server thread/DEBUG] [net.minecraftforge.network.HandshakeHandler/FMLHANDSHAKE]: Sending ticking packet info 'Registry tombstone:perks' to 'fml:handshake' sequence 19
[07Jan2026 21:01:04.327] [Server thread/DEBUG] [net.minecraftforge.network.HandshakeHandler/FMLHANDSHAKE]: Sending ticking packet info 'Registry minecraft:menu' to 'fml:handshake' sequence 20
[07Jan2026 21:01:04.376] [Server thread/DEBUG] [net.minecraftforge.network.HandshakeHandler/FMLHANDSHAKE]: Sending ticking packet info 'Registry twilightforest:dwarf_rabbit_variant' to 'fml:handshake' sequence 21
[07Jan2026 21:01:04.427] [Server thread/DEBUG] [net.minecraftforge.network.HandshakeHandler/FMLHANDSHAKE]: Sending ticking packet info 'Registry minecraft:enchantment' to 'fml:handshake' sequence 22
[07Jan2026 21:01:04.478] [Server thread/DEBUG] [net.minecraftforge.network.HandshakeHandler/FMLHANDSHAKE]: Sending ticking packet info 'Registry minecraft:fluid' to 'fml:handshake' sequence 23
[07Jan2026 21:01:04.505] [Netty Epoll Server IO #4/DEBUG] [net.minecraftforge.network.LoginWrapper/FMLHANDSHAKE]: Recieved login wrapper packet event for channel fml:handshake with index 8
[07Jan2026 21:01:04.506] [Netty Epoll Server IO #4/DEBUG] [net.minecraftforge.network.HandshakeHandler/FMLHANDSHAKE]: Received client indexed reply 8 of type net.minecraftforge.network.HandshakeMessages$C2SAcknowledge
[07Jan2026 21:01:04.506] [Netty Epoll Server IO #4/DEBUG] [net.minecraftforge.network.HandshakeHandler/FMLHANDSHAKE]: Received acknowledgement from client
[07Jan2026 21:01:04.506] [Netty Epoll Server IO #4/DEBUG] [net.minecraftforge.network.LoginWrapper/FMLHANDSHAKE]: Recieved login wrapper packet event for channel fml:handshake with index 9
[07Jan2026 21:01:04.506] [Netty Epoll Server IO #4/DEBUG] [net.minecraftforge.network.HandshakeHandler/FMLHANDSHAKE]: Received client indexed reply 9 of type net.minecraftforge.network.HandshakeMessages$C2SAcknowledge
[07Jan2026 21:01:04.506] [Netty Epoll Server IO #4/DEBUG] [net.minecraftforge.network.HandshakeHandler/FMLHANDSHAKE]: Received acknowledgement from client
[07Jan2026 21:01:04.507] [Netty Epoll Server IO #4/DEBUG] [net.minecraftforge.network.LoginWrapper/FMLHANDSHAKE]: Recieved login wrapper packet event for channel fml:handshake with index 10
[07Jan2026 21:01:04.507] [Netty Epoll Server IO #4/DEBUG] [net.minecraftforge.network.HandshakeHandler/FMLHANDSHAKE]: Received client indexed reply 10 of type net.minecraftforge.network.HandshakeMessages$C2SAcknowledge
[07Jan2026 21:01:04.507] [Netty Epoll Server IO #4/DEBUG] [net.minecraftforge.network.HandshakeHandler/FMLHANDSHAKE]: Received acknowledgement from client
[07Jan2026 21:01:04.507] [Netty Epoll Server IO #4/DEBUG] [net.minecraftforge.network.LoginWrapper/FMLHANDSHAKE]: Recieved login wrapper packet event for channel fml:handshake with index 11
[07Jan2026 21:01:04.507] [Netty Epoll Server IO #4/DEBUG] [net.minecraftforge.network.HandshakeHandler/FMLHANDSHAKE]: Received client indexed reply 11 of type net.minecraftforge.network.HandshakeMessages$C2SAcknowledge
[07Jan2026 21:01:04.507] [Netty Epoll Server IO #4/DEBUG] [net.minecraftforge.network.HandshakeHandler/FMLHANDSHAKE]: Received acknowledgement from client
[07Jan2026 21:01:04.519] [Netty Epoll Server IO #4/DEBUG] [net.minecraftforge.network.LoginWrapper/FMLHANDSHAKE]: Recieved login wrapper packet event for channel fml:handshake with index 12
[07Jan2026 21:01:04.520] [Netty Epoll Server IO #4/DEBUG] [net.minecraftforge.network.HandshakeHandler/FMLHANDSHAKE]: Received client indexed reply 12 of type net.minecraftforge.network.HandshakeMessages$C2SAcknowledge
[07Jan2026 21:01:04.520] [Netty Epoll Server IO #4/DEBUG] [net.minecraftforge.network.HandshakeHandler/FMLHANDSHAKE]: Received acknowledgement from client
[07Jan2026 21:01:04.527] [Netty Epoll Server IO #4/DEBUG] [net.minecraftforge.network.LoginWrapper/FMLHANDSHAKE]: Recieved login wrapper packet event for channel fml:handshake with index 13
[07Jan2026 21:01:04.527] [Netty Epoll Server IO #4/DEBUG] [net.minecraftforge.network.HandshakeHandler/FMLHANDSHAKE]: Received client indexed reply 13 of type net.minecraftforge.network.HandshakeMessages$C2SAcknowledge
[07Jan2026 21:01:04.527] [Netty Epoll Server IO #4/DEBUG] [net.minecraftforge.network.HandshakeHandler/FMLHANDSHAKE]: Received acknowledgement from client
[07Jan2026 21:01:04.534] [Server thread/DEBUG] [net.minecraftforge.network.HandshakeHandler/FMLHANDSHAKE]: Sending ticking packet info 'Registry minecraft:entity_type' to 'fml:handshake' sequence 24
[07Jan2026 21:01:04.577] [Server thread/DEBUG] [net.minecraftforge.network.HandshakeHandler/FMLHANDSHAKE]: Sending ticking packet info 'Config securitycraft-server.toml' to 'fml:handshake' sequence 25
[07Jan2026 21:01:04.628] [Server thread/DEBUG] [net.minecraftforge.network.HandshakeHandler/FMLHANDSHAKE]: Sending ticking packet info 'Config curios-server.toml' to 'fml:handshake' sequence 26
[07Jan2026 21:01:04.676] [Server thread/DEBUG] [net.minecraftforge.network.HandshakeHandler/FMLHANDSHAKE]: Sending ticking packet info 'Config tombstone-server.toml' to 'fml:handshake' sequence 27
[07Jan2026 21:01:04.727] [Server thread/DEBUG] [net.minecraftforge.network.HandshakeHandler/FMLHANDSHAKE]: Sending ticking packet info 'Config travelersbackpack-server.toml' to 'fml:handshake' sequence 28
[07Jan2026 21:01:04.768] [Netty Epoll Server IO #4/DEBUG] [net.minecraftforge.network.LoginWrapper/FMLHANDSHAKE]: Recieved login wrapper packet event for channel fml:handshake with index 14
[07Jan2026 21:01:04.768] [Netty Epoll Server IO #4/DEBUG] [net.minecraftforge.network.HandshakeHandler/FMLHANDSHAKE]: Received client indexed reply 14 of type net.minecraftforge.network.HandshakeMessages$C2SAcknowledge
[07Jan2026 21:01:04.768] [Netty Epoll Server IO #4/DEBUG] [net.minecraftforge.network.HandshakeHandler/FMLHANDSHAKE]: Received acknowledgement from client
[07Jan2026 21:01:04.775] [Netty Epoll Server IO #4/DEBUG] [net.minecraftforge.network.LoginWrapper/FMLHANDSHAKE]: Recieved login wrapper packet event for channel fml:handshake with index 15
[07Jan2026 21:01:04.776] [Netty Epoll Server IO #4/DEBUG] [net.minecraftforge.network.HandshakeHandler/FMLHANDSHAKE]: Received client indexed reply 15 of type net.minecraftforge.network.HandshakeMessages$C2SAcknowledge
[07Jan2026 21:01:04.776] [Netty Epoll Server IO #4/DEBUG] [net.minecraftforge.network.HandshakeHandler/FMLHANDSHAKE]: Received acknowledgement from client
[07Jan2026 21:01:04.776] [Netty Epoll Server IO #4/DEBUG] [net.minecraftforge.network.LoginWrapper/FMLHANDSHAKE]: Recieved login wrapper packet event for channel fml:handshake with index 16
[07Jan2026 21:01:04.776] [Netty Epoll Server IO #4/DEBUG] [net.minecraftforge.network.HandshakeHandler/FMLHANDSHAKE]: Received client indexed reply 16 of type net.minecraftforge.network.HandshakeMessages$C2SAcknowledge
[07Jan2026 21:01:04.776] [Netty Epoll Server IO #4/DEBUG] [net.minecraftforge.network.HandshakeHandler/FMLHANDSHAKE]: Received acknowledgement from client
[07Jan2026 21:01:04.776] [Netty Epoll Server IO #4/DEBUG] [net.minecraftforge.network.LoginWrapper/FMLHANDSHAKE]: Recieved login wrapper packet event for channel fml:handshake with index 17
[07Jan2026 21:01:04.776] [Netty Epoll Server IO #4/DEBUG] [net.minecraftforge.network.HandshakeHandler/FMLHANDSHAKE]: Received client indexed reply 17 of type net.minecraftforge.network.HandshakeMessages$C2SAcknowledge
[07Jan2026 21:01:04.776] [Netty Epoll Server IO #4/DEBUG] [net.minecraftforge.network.HandshakeHandler/FMLHANDSHAKE]: Received acknowledgement from client
[07Jan2026 21:01:04.776] [Netty Epoll Server IO #4/DEBUG] [net.minecraftforge.network.LoginWrapper/FMLHANDSHAKE]: Recieved login wrapper packet event for channel fml:handshake with index 18
[07Jan2026 21:01:04.776] [Netty Epoll Server IO #4/DEBUG] [net.minecraftforge.network.HandshakeHandler/FMLHANDSHAKE]: Received client indexed reply 18 of type net.minecraftforge.network.HandshakeMessages$C2SAcknowledge
[07Jan2026 21:01:04.777] [Netty Epoll Server IO #4/DEBUG] [net.minecraftforge.network.HandshakeHandler/FMLHANDSHAKE]: Received acknowledgement from client
[07Jan2026 21:01:04.777] [Netty Epoll Server IO #4/DEBUG] [net.minecraftforge.network.LoginWrapper/FMLHANDSHAKE]: Recieved login wrapper packet event for channel fml:handshake with index 19
[07Jan2026 21:01:04.777] [Netty Epoll Server IO #4/DEBUG] [net.minecraftforge.network.HandshakeHandler/FMLHANDSHAKE]: Received client indexed reply 19 of type net.minecraftforge.network.HandshakeMessages$C2SAcknowledge
[07Jan2026 21:01:04.777] [Netty Epoll Server IO #4/DEBUG] [net.minecraftforge.network.HandshakeHandler/FMLHANDSHAKE]: Received acknowledgement from client
[07Jan2026 21:01:04.777] [Netty Epoll Server IO #4/DEBUG] [net.minecraftforge.network.LoginWrapper/FMLHANDSHAKE]: Recieved login wrapper packet event for channel fml:handshake with index 20
[07Jan2026 21:01:04.777] [Netty Epoll Server IO #4/DEBUG] [net.minecraftforge.network.HandshakeHandler/FMLHANDSHAKE]: Received client indexed reply 20 of type net.minecraftforge.network.HandshakeMessages$C2SAcknowledge
[07Jan2026 21:01:04.777] [Netty Epoll Server IO #4/DEBUG] [net.minecraftforge.network.HandshakeHandler/FMLHANDSHAKE]: Received acknowledgement from client
[07Jan2026 21:01:04.777] [Netty Epoll Server IO #4/DEBUG] [net.minecraftforge.network.LoginWrapper/FMLHANDSHAKE]: Recieved login wrapper packet event for channel fml:handshake with index 21
[07Jan2026 21:01:04.777] [Netty Epoll Server IO #4/DEBUG] [net.minecraftforge.network.HandshakeHandler/FMLHANDSHAKE]: Received client indexed reply 21 of type net.minecraftforge.network.HandshakeMessages$C2SAcknowledge
[07Jan2026 21:01:04.777] [Netty Epoll Server IO #4/DEBUG] [net.minecraftforge.network.HandshakeHandler/FMLHANDSHAKE]: Received acknowledgement from client
[07Jan2026 21:01:04.777] [Netty Epoll Server IO #4/DEBUG] [net.minecraftforge.network.LoginWrapper/FMLHANDSHAKE]: Recieved login wrapper packet event for channel fml:handshake with index 22
[07Jan2026 21:01:04.777] [Netty Epoll Server IO #4/DEBUG] [net.minecraftforge.network.HandshakeHandler/FMLHANDSHAKE]: Received client indexed reply 22 of type net.minecraftforge.network.HandshakeMessages$C2SAcknowledge
[07Jan2026 21:01:04.777] [Netty Epoll Server IO #4/DEBUG] [net.minecraftforge.network.HandshakeHandler/FMLHANDSHAKE]: Received acknowledgement from client
[07Jan2026 21:01:04.778] [Server thread/DEBUG] [net.minecraftforge.network.HandshakeHandler/FMLHANDSHAKE]: Sending ticking packet info 'Config reap-server.toml' to 'fml:handshake' sequence 29
[07Jan2026 21:01:04.800] [Netty Epoll Server IO #4/DEBUG] [net.minecraftforge.network.LoginWrapper/FMLHANDSHAKE]: Recieved login wrapper packet event for channel fml:handshake with index 23
[07Jan2026 21:01:04.800] [Netty Epoll Server IO #4/DEBUG] [net.minecraftforge.network.HandshakeHandler/FMLHANDSHAKE]: Received client indexed reply 23 of type net.minecraftforge.network.HandshakeMessages$C2SAcknowledge
[07Jan2026 21:01:04.800] [Netty Epoll Server IO #4/DEBUG] [net.minecraftforge.network.HandshakeHandler/FMLHANDSHAKE]: Received acknowledgement from client
[07Jan2026 21:01:04.827] [Server thread/DEBUG] [net.minecraftforge.network.HandshakeHandler/FMLHANDSHAKE]: Sending ticking packet info 'Config pickupnotifier/pickupnotifier-server.toml' to 'fml:handshake' sequence 30
[07Jan2026 21:01:04.858] [Netty Epoll Server IO #4/DEBUG] [net.minecraftforge.network.LoginWrapper/FMLHANDSHAKE]: Recieved login wrapper packet event for channel fml:handshake with index 24
[07Jan2026 21:01:04.859] [Netty Epoll Server IO #4/DEBUG] [net.minecraftforge.network.HandshakeHandler/FMLHANDSHAKE]: Received client indexed reply 24 of type net.minecraftforge.network.HandshakeMessages$C2SAcknowledge
[07Jan2026 21:01:04.859] [Netty Epoll Server IO #4/DEBUG] [net.minecraftforge.network.HandshakeHandler/FMLHANDSHAKE]: Received acknowledgement from client
[07Jan2026 21:01:04.859] [Netty Epoll Server IO #4/DEBUG] [net.minecraftforge.network.LoginWrapper/FMLHANDSHAKE]: Recieved login wrapper packet event for channel fml:handshake with index 25
[07Jan2026 21:01:04.859] [Netty Epoll Server IO #4/DEBUG] [net.minecraftforge.network.HandshakeHandler/FMLHANDSHAKE]: Received client indexed reply 25 of type net.minecraftforge.network.HandshakeMessages$C2SAcknowledge
[07Jan2026 21:01:04.859] [Netty Epoll Server IO #4/DEBUG] [net.minecraftforge.network.HandshakeHandler/FMLHANDSHAKE]: Received acknowledgement from client
[07Jan2026 21:01:04.859] [Netty Epoll Server IO #4/DEBUG] [net.minecraftforge.network.LoginWrapper/FMLHANDSHAKE]: Recieved login wrapper packet event for channel fml:handshake with index 26
[07Jan2026 21:01:04.859] [Netty Epoll Server IO #4/DEBUG] [net.minecraftforge.network.HandshakeHandler/FMLHANDSHAKE]: Received client indexed reply 26 of type net.minecraftforge.network.HandshakeMessages$C2SAcknowledge
[07Jan2026 21:01:04.859] [Netty Epoll Server IO #4/DEBUG] [net.minecraftforge.network.HandshakeHandler/FMLHANDSHAKE]: Received acknowledgement from client
[07Jan2026 21:01:04.859] [Netty Epoll Server IO #4/DEBUG] [net.minecraftforge.network.LoginWrapper/FMLHANDSHAKE]: Recieved login wrapper packet event for channel fml:handshake with index 27
[07Jan2026 21:01:04.859] [Netty Epoll Server IO #4/DEBUG] [net.minecraftforge.network.HandshakeHandler/FMLHANDSHAKE]: Received client indexed reply 27 of type net.minecraftforge.network.HandshakeMessages$C2SAcknowledge
[07Jan2026 21:01:04.859] [Netty Epoll Server IO #4/DEBUG] [net.minecraftforge.network.HandshakeHandler/FMLHANDSHAKE]: Received acknowledgement from client
[07Jan2026 21:01:04.877] [Server thread/DEBUG] [net.minecraftforge.network.HandshakeHandler/FMLHANDSHAKE]: Sending ticking packet info 'Config mantle-server.toml' to 'fml:handshake' sequence 31
[07Jan2026 21:01:04.911] [Netty Epoll Server IO #4/DEBUG] [net.minecraftforge.network.LoginWrapper/FMLHANDSHAKE]: Recieved login wrapper packet event for channel fml:handshake with index 28
[07Jan2026 21:01:04.911] [Netty Epoll Server IO #4/DEBUG] [net.minecraftforge.network.HandshakeHandler/FMLHANDSHAKE]: Received client indexed reply 28 of type net.minecraftforge.network.HandshakeMessages$C2SAcknowledge
[07Jan2026 21:01:04.911] [Netty Epoll Server IO #4/DEBUG] [net.minecraftforge.network.HandshakeHandler/FMLHANDSHAKE]: Received acknowledgement from client
[07Jan2026 21:01:04.927] [Server thread/DEBUG] [net.minecraftforge.network.HandshakeHandler/FMLHANDSHAKE]: Sending ticking packet info 'Config moblassos-server.toml' to 'fml:handshake' sequence 32
[07Jan2026 21:01:04.977] [Netty Epoll Server IO #4/DEBUG] [net.minecraftforge.network.LoginWrapper/FMLHANDSHAKE]: Recieved login wrapper packet event for channel fml:handshake with index 29
[07Jan2026 21:01:04.977] [Netty Epoll Server IO #4/DEBUG] [net.minecraftforge.network.HandshakeHandler/FMLHANDSHAKE]: Received client indexed reply 29 of type net.minecraftforge.network.HandshakeMessages$C2SAcknowledge
[07Jan2026 21:01:04.977] [Netty Epoll Server IO #4/DEBUG] [net.minecraftforge.network.HandshakeHandler/FMLHANDSHAKE]: Received acknowledgement from client
[07Jan2026 21:01:04.978] [Server thread/DEBUG] [net.minecraftforge.network.HandshakeHandler/FMLHANDSHAKE]: Sending ticking packet info 'Config jei-server.toml' to 'fml:handshake' sequence 33
[07Jan2026 21:01:05.027] [Server thread/DEBUG] [net.minecraftforge.network.HandshakeHandler/FMLHANDSHAKE]: Sending ticking packet info 'Config forge-server.toml' to 'fml:handshake' sequence 34
[07Jan2026 21:01:05.032] [Netty Epoll Server IO #4/DEBUG] [net.minecraftforge.network.LoginWrapper/FMLHANDSHAKE]: Recieved login wrapper packet event for channel fml:handshake with index 30
[07Jan2026 21:01:05.032] [Netty Epoll Server IO #4/DEBUG] [net.minecraftforge.network.HandshakeHandler/FMLHANDSHAKE]: Received client indexed reply 30 of type net.minecraftforge.network.HandshakeMessages$C2SAcknowledge
[07Jan2026 21:01:05.032] [Netty Epoll Server IO #4/DEBUG] [net.minecraftforge.network.HandshakeHandler/FMLHANDSHAKE]: Received acknowledgement from client
[07Jan2026 21:01:05.064] [Netty Epoll Server IO #4/DEBUG] [net.minecraftforge.network.LoginWrapper/FMLHANDSHAKE]: Recieved login wrapper packet event for channel fml:handshake with index 31
[07Jan2026 21:01:05.064] [Netty Epoll Server IO #4/DEBUG] [net.minecraftforge.network.HandshakeHandler/FMLHANDSHAKE]: Received client indexed reply 31 of type net.minecraftforge.network.HandshakeMessages$C2SAcknowledge
[07Jan2026 21:01:05.064] [Netty Epoll Server IO #4/DEBUG] [net.minecraftforge.network.HandshakeHandler/FMLHANDSHAKE]: Received acknowledgement from client
[07Jan2026 21:01:05.110] [Netty Epoll Server IO #4/DEBUG] [net.minecraftforge.network.LoginWrapper/FMLHANDSHAKE]: Recieved login wrapper packet event for channel fml:handshake with index 32
[07Jan2026 21:01:05.110] [Netty Epoll Server IO #4/DEBUG] [net.minecraftforge.network.HandshakeHandler/FMLHANDSHAKE]: Received client indexed reply 32 of type net.minecraftforge.network.HandshakeMessages$C2SAcknowledge
[07Jan2026 21:01:05.110] [Netty Epoll Server IO #4/DEBUG] [net.minecraftforge.network.HandshakeHandler/FMLHANDSHAKE]: Received acknowledgement from client
[07Jan2026 21:01:05.151] [Netty Epoll Server IO #4/DEBUG] [net.minecraftforge.network.LoginWrapper/FMLHANDSHAKE]: Recieved login wrapper packet event for channel fml:handshake with index 33
[07Jan2026 21:01:05.151] [Netty Epoll Server IO #4/DEBUG] [net.minecraftforge.network.HandshakeHandler/FMLHANDSHAKE]: Received client indexed reply 33 of type net.minecraftforge.network.HandshakeMessages$C2SAcknowledge
[07Jan2026 21:01:05.151] [Netty Epoll Server IO #4/DEBUG] [net.minecraftforge.network.HandshakeHandler/FMLHANDSHAKE]: Received acknowledgement from client
[07Jan2026 21:01:05.213] [Netty Epoll Server IO #4/DEBUG] [net.minecraftforge.network.LoginWrapper/FMLHANDSHAKE]: Recieved login wrapper packet event for channel fml:handshake with index 34
[07Jan2026 21:01:05.213] [Netty Epoll Server IO #4/DEBUG] [net.minecraftforge.network.HandshakeHandler/FMLHANDSHAKE]: Received client indexed reply 34 of type net.minecraftforge.network.HandshakeMessages$C2SAcknowledge
[07Jan2026 21:01:05.213] [Netty Epoll Server IO #4/DEBUG] [net.minecraftforge.network.HandshakeHandler/FMLHANDSHAKE]: Received acknowledgement from client
[07Jan2026 21:01:05.227] [Server thread/DEBUG] [net.minecraftforge.network.HandshakeHandler/FMLHANDSHAKE]: Handshake complete!
[07Jan2026 21:01:05.312] [Server thread/INFO] [net.minecraft.server.players.PlayerList/]: UnderErre[/127.183.202.213:40815] logged in with entity id 1367 at (43.77163538210594, 64.0, -142.9821533240617)
[07Jan2026 21:01:05.313] [Server thread/DEBUG] [net.minecraftforge.network.filters.NetworkFilters/]: Injected net.minecraftforge.network.filters.ForgeConnectionNetworkFilter@7fce05b0 into net.minecraft.network.Connection@2c458d2e
[07Jan2026 21:01:05.313] [Server thread/DEBUG] [ModernFix/]: Sending ID correction packet to client with 362 classes
[07Jan2026 21:01:05.338] [Server thread/INFO] [net.minecraft.server.MinecraftServer/]: UnderErre joined the game
[07Jan2026 21:01:05.383] [Server thread/INFO] [Jade/]: Syncing config to UnderErre (8613e5a6-868e-34e8-865a-4c8c12e51f78)
[07Jan2026 21:01:05.582] [Server thread/DEBUG] [mixin/]: Mixing spawning.MissionerOverride from borninconfiguration.mixins.json into net.mcreator.borninchaosv.procedures.MissionarySpawnProProcedure
[07Jan2026 21:01:05.582] [Server thread/DEBUG] [mixin/]: borninconfiguration.mixins.json:spawning.MissionerOverride: Class version 61 required is higher than the class version supported by the current version of Mixin (JAVA_8 supports class version 52)
[07Jan2026 21:01:05.588] [Server thread/DEBUG] [mixin/]: Mixing MissionerRain from borninconfiguration.mixins.json into net.mcreator.borninchaosv.procedures.MissionerPriNachalnomPrizyvieSushchnostiProcedure
[07Jan2026 21:01:05.588] [Server thread/DEBUG] [mixin/]: borninconfiguration.mixins.json:MissionerRain: Class version 61 required is higher than the class version supported by the current version of Mixin (JAVA_8 supports class version 52)
[07Jan2026 21:01:08.127] [Server thread/DEBUG] [ModernFix/]: Using cached upgraded version of graveyard:lich_prison/lich_prison
[07Jan2026 21:01:19.469] [Server thread/DEBUG] [mixin/]: Mixing spawning.LifestealerOverride from borninconfiguration.mixins.json into net.mcreator.borninchaosv.procedures.LifestealerSpawnProProcedure
[07Jan2026 21:01:19.469] [Server thread/DEBUG] [mixin/]: borninconfiguration.mixins.json:spawning.LifestealerOverride: Class version 61 required is higher than the class version supported by the current version of Mixin (JAVA_8 supports class version 52)
[07Jan2026 21:01:24.287] [Server thread/DEBUG] [clumps/]: Loaded com.blamejared.clumps.platform.ForgeEventHandler@2d6e1c47 for service interface com.blamejared.clumps.platform.IEventHelper
[07Jan2026 21:01:24.288] [Server thread/DEBUG] [clumps/]: Loaded com.blamejared.clumps.platform.ForgePlatformHelper@4d881fc7 for service interface com.blamejared.clumps.platform.IPlatformHelper
[07Jan2026 21:01:40.972] [Server thread/DEBUG] [mixin/]: Mixing spawning.NightmareOveride from borninconfiguration.mixins.json into net.mcreator.borninchaosv.procedures.NightmareStalkerNaturalnoieUsloviiePoiavlieniiaSushchnostiProcedure
[07Jan2026 21:01:40.972] [Server thread/DEBUG] [mixin/]: borninconfiguration.mixins.json:spawning.NightmareOveride: Class version 61 required is higher than the class version supported by the current version of Mixin (JAVA_8 supports class version 52)
[07Jan2026 21:04:02.788] [Server thread/DEBUG] [net.minecraftforge.common.ForgeHooks/WP]: Gathering id map for writing to world save world
[07Jan2026 21:04:02.803] [Server thread/DEBUG] [net.minecraftforge.common.ForgeHooks/WP]: ID Map collection complete world
[07Jan2026 21:04:32.547] [Server thread/WARN] [net.minecraft.server.level.ServerPlayerGameMode/]: Mismatch in destroy block pos: BlockPos{x=-463, y=-45, z=44} BlockPos{x=-463, y=-46, z=45}
[07Jan2026 21:04:32.593] [Server thread/WARN] [net.minecraft.server.level.ServerPlayerGameMode/]: Mismatch in destroy block pos: BlockPos{x=-462, y=-45, z=44} BlockPos{x=-463, y=-46, z=45}
[07Jan2026 21:05:56.070] [Server thread/DEBUG] [ModernFix/]: Using cached upgraded version of fossil:sites/tar_site_small_top
[07Jan2026 21:05:56.071] [Server thread/DEBUG] [ModernFix/]: Using cached upgraded version of fossil:sites/tar_site_small_base
[07Jan2026 21:06:21.251] [Server thread/WARN] [net.minecraft.server.level.ServerPlayerGameMode/]: Mismatch in destroy block pos: BlockPos{x=-444, y=-50, z=45} BlockPos{x=-444, y=-51, z=46}
[07Jan2026 21:06:21.439] [Server thread/WARN] [net.minecraft.server.level.ServerPlayerGameMode/]: Mismatch in destroy block pos: BlockPos{x=-444, y=-50, z=46} BlockPos{x=-443, y=-50, z=45}
[07Jan2026 21:07:55.100] [Netty Epoll Server IO #6/DEBUG] [net.minecraftforge.network.HandshakeHandler/FMLHANDSHAKE]: Starting new modded impl connection. Found 35 messages to dispatch.
[07Jan2026 21:07:55.333] [Server thread/DEBUG] [net.minecraftforge.network.HandshakeHandler/FMLHANDSHAKE]: Sending ticking packet info 'net.minecraftforge.network.HandshakeMessages$S2CModData' to 'fml:handshake' sequence 0
[07Jan2026 21:07:55.384] [Server thread/DEBUG] [net.minecraftforge.network.HandshakeHandler/FMLHANDSHAKE]: Sending ticking packet info 'net.minecraftforge.network.HandshakeMessages$S2CModList' to 'fml:handshake' sequence 1
[07Jan2026 21:07:55.431] [Server thread/DEBUG] [net.minecraftforge.network.HandshakeHandler/FMLHANDSHAKE]: Sending ticking packet info 'Registry minecraft:command_argument_type' to 'fml:handshake' sequence 2
[07Jan2026 21:07:55.483] [Server thread/DEBUG] [net.minecraftforge.network.HandshakeHandler/FMLHANDSHAKE]: Sending ticking packet info 'Registry minecraft:recipe_serializer' to 'fml:handshake' sequence 3
[07Jan2026 21:07:55.541] [Server thread/DEBUG] [net.minecraftforge.network.HandshakeHandler/FMLHANDSHAKE]: Sending ticking packet info 'Registry minecraft:sound_event' to 'fml:handshake' sequence 4
[07Jan2026 21:07:55.577] [Netty Epoll Server IO #6/DEBUG] [net.minecraftforge.network.LoginWrapper/FMLHANDSHAKE]: Recieved login wrapper packet event for channel fml:handshake with index 1
[07Jan2026 21:07:55.577] [Netty Epoll Server IO #6/DEBUG] [net.minecraftforge.network.HandshakeHandler/FMLHANDSHAKE]: Received client indexed reply 1 of type net.minecraftforge.network.HandshakeMessages$C2SModListReply
[07Jan2026 21:07:55.577] [Netty Epoll Server IO #6/DEBUG] [net.minecraftforge.network.HandshakeHandler/FMLHANDSHAKE]: Received client connection with modlist [uniquedungeons, treechop, kuma_api, geckolib, jei, graveyard, uppers, trender, reap, waystones, clumps, xaeroworldmap, modernfix, citadel, alexsmobs, travelersbackpack, artifacts, mixinextras, pickupnotifier, morehitboxes, balm, interaction_boxes, crafttweaker, puzzlesaccessapi, cloth_config, forge, twilightforest, tlskincape, embeddium, rubidium, chloride, minecraft, tconstruct, borninconfiguration, terrablender, mousetweaks, jade, tbsfbsp, creativecore, born_in_chaos_v1, kotlinforforge, curios, mantle, xaerominimap, oculus, securitycraft, entityculling, tombstone, architectury, fossil, ferritecore, transition, puzzleslib, observable, expandability, moblassos, playerrevive]
[07Jan2026 21:07:55.577] [Netty Epoll Server IO #6/DEBUG] [net.minecraftforge.network.NetworkRegistry/NETREGISTRY]: Channel 'architectury:network' : Version test of '1' from client : ACCEPTED
[07Jan2026 21:07:55.577] [Netty Epoll Server IO #6/DEBUG] [net.minecraftforge.network.NetworkRegistry/NETREGISTRY]: Channel 'jei:channel' : Version test of '1.0.0' from client : ACCEPTED
[07Jan2026 21:07:55.577] [Netty Epoll Server IO #6/DEBUG] [net.minecraftforge.network.NetworkRegistry/NETREGISTRY]: Channel 'mantle:network' : Version test of '1' from client : ACCEPTED
[07Jan2026 21:07:55.577] [Netty Epoll Server IO #6/DEBUG] [net.minecraftforge.network.NetworkRegistry/NETREGISTRY]: Channel 'minecraft:unregister' : Version test of 'FML3' from client : ACCEPTED
[07Jan2026 21:07:55.577] [Netty Epoll Server IO #6/DEBUG] [net.minecraftforge.network.NetworkRegistry/NETREGISTRY]: Channel 'xaerominimap:main' : Version test of '1.0' from client : ACCEPTED
[07Jan2026 21:07:55.577] [Netty Epoll Server IO #6/DEBUG] [net.minecraftforge.network.NetworkRegistry/NETREGISTRY]: Channel 'citadel:main_channel' : Version test of '1' from client : ACCEPTED
[07Jan2026 21:07:55.577] [Netty Epoll Server IO #6/DEBUG] [net.minecraftforge.network.NetworkRegistry/NETREGISTRY]: Channel 'puzzleslib:1' : Version test of '1' from client : ACCEPTED
[07Jan2026 21:07:55.577] [Netty Epoll Server IO #6/DEBUG] [net.minecraftforge.network.NetworkRegistry/NETREGISTRY]: Channel 'securitycraft:securitycraft' : Version test of 'v1.10.1' from client : ACCEPTED
[07Jan2026 21:07:55.577] [Netty Epoll Server IO #6/DEBUG] [net.minecraftforge.network.NetworkRegistry/NETREGISTRY]: Channel 'moblassos:1' : Version test of '1' from client : ACCEPTED
[07Jan2026 21:07:55.577] [Netty Epoll Server IO #6/DEBUG] [net.minecraftforge.network.NetworkRegistry/NETREGISTRY]: Channel 'born_in_chaos_v1:born_in_chaos_v1' : Version test of '1' from client : ACCEPTED
[07Jan2026 21:07:55.577] [Netty Epoll Server IO #6/DEBUG] [net.minecraftforge.network.NetworkRegistry/NETREGISTRY]: Channel 'uniquedungeons:network' : Version test of '1.0' from client : ACCEPTED
[07Jan2026 21:07:55.577] [Netty Epoll Server IO #6/DEBUG] [net.minecraftforge.network.NetworkRegistry/NETREGISTRY]: Channel 'travelersbackpack:network' : Version test of 'travelersbackpack:1' from client : ACCEPTED
[07Jan2026 21:07:55.577] [Netty Epoll Server IO #6/DEBUG] [net.minecraftforge.network.NetworkRegistry/NETREGISTRY]: Channel 'modernfix:main' : Version test of '1' from client : ACCEPTED
[07Jan2026 21:07:55.578] [Netty Epoll Server IO #6/DEBUG] [net.minecraftforge.network.NetworkRegistry/NETREGISTRY]: Channel 'curios:main' : Version test of '1' from client : ACCEPTED
[07Jan2026 21:07:55.578] [Netty Epoll Server IO #6/DEBUG] [net.minecraftforge.network.NetworkRegistry/NETREGISTRY]: Channel 'minecraft:treechop-channel' : Version test of '7' from client : ACCEPTED
[07Jan2026 21:07:55.578] [Netty Epoll Server IO #6/DEBUG] [net.minecraftforge.network.NetworkRegistry/NETREGISTRY]: Channel 'tconstruct:network' : Version test of '2' from client : ACCEPTED
[07Jan2026 21:07:55.578] [Netty Epoll Server IO #6/DEBUG] [net.minecraftforge.network.NetworkRegistry/NETREGISTRY]: Channel 'balm:network' : Version test of '1.0' from client : ACCEPTED
[07Jan2026 21:07:55.578] [Netty Epoll Server IO #6/DEBUG] [net.minecraftforge.network.NetworkRegistry/NETREGISTRY]: Channel 'fml:loginwrapper' : Version test of 'FML3' from client : ACCEPTED
[07Jan2026 21:07:55.578] [Netty Epoll Server IO #6/DEBUG] [net.minecraftforge.network.NetworkRegistry/NETREGISTRY]: Channel 'morehitboxes:main' : Version test of '1' from client : ACCEPTED
[07Jan2026 21:07:55.578] [Netty Epoll Server IO #6/DEBUG] [net.minecraftforge.network.NetworkRegistry/NETREGISTRY]: Channel 'forge:tier_sorting' : Version test of '1.0' from client : ACCEPTED
[07Jan2026 21:07:55.578] [Netty Epoll Server IO #6/DEBUG] [net.minecraftforge.network.NetworkRegistry/NETREGISTRY]: Channel 'alexsmobs:main_channel' : Version test of '1' from client : ACCEPTED
[07Jan2026 21:07:55.578] [Netty Epoll Server IO #6/DEBUG] [net.minecraftforge.network.NetworkRegistry/NETREGISTRY]: Channel 'tombstone:tombstone_channel' : Version test of 'tombstone-9.0.9' from client : ACCEPTED
[07Jan2026 21:07:55.578] [Netty Epoll Server IO #6/DEBUG] [net.minecraftforge.network.NetworkRegistry/NETREGISTRY]: Channel 'playerrevive:main' : Version test of '1' from client : ACCEPTED
[07Jan2026 21:07:55.578] [Netty Epoll Server IO #6/DEBUG] [net.minecraftforge.network.NetworkRegistry/NETREGISTRY]: Channel 'fml:play' : Version test of 'FML3' from client : ACCEPTED
[07Jan2026 21:07:55.578] [Netty Epoll Server IO #6/DEBUG] [net.minecraftforge.network.NetworkRegistry/NETREGISTRY]: Channel 'creativecore:main' : Version test of '1' from client : ACCEPTED
[07Jan2026 21:07:55.578] [Netty Epoll Server IO #6/DEBUG] [net.minecraftforge.network.NetworkRegistry/NETREGISTRY]: Channel 'pickupnotifier:1' : Version test of '1' from client : ACCEPTED
[07Jan2026 21:07:55.578] [Netty Epoll Server IO #6/DEBUG] [net.minecraftforge.network.NetworkRegistry/NETREGISTRY]: Channel 'fml:handshake' : Version test of 'FML3' from client : ACCEPTED
[07Jan2026 21:07:55.578] [Netty Epoll Server IO #6/DEBUG] [net.minecraftforge.network.NetworkRegistry/NETREGISTRY]: Channel 'crafttweaker:main' : Version test of '1.0.0' from client : ACCEPTED
[07Jan2026 21:07:55.578] [Netty Epoll Server IO #6/DEBUG] [net.minecraftforge.network.NetworkRegistry/NETREGISTRY]: Channel 'xaeroworldmap:main' : Version test of '1.0' from client : ACCEPTED
[07Jan2026 21:07:55.578] [Netty Epoll Server IO #6/DEBUG] [net.minecraftforge.network.NetworkRegistry/NETREGISTRY]: Channel 'minecraft:register' : Version test of 'FML3' from client : ACCEPTED
[07Jan2026 21:07:55.578] [Netty Epoll Server IO #6/DEBUG] [net.minecraftforge.network.NetworkRegistry/NETREGISTRY]: Channel 'forge:split' : Version test of '1.1' from client : ACCEPTED
[07Jan2026 21:07:55.578] [Netty Epoll Server IO #6/DEBUG] [net.minecraftforge.network.NetworkRegistry/NETREGISTRY]: Channel 'twilightforest:channel' : Version test of '2' from client : ACCEPTED
[07Jan2026 21:07:55.578] [Netty Epoll Server IO #6/DEBUG] [net.minecraftforge.network.NetworkRegistry/NETREGISTRY]: Channel 'geckolib:main' : Version test of '1' from client : ACCEPTED
[07Jan2026 21:07:55.578] [Netty Epoll Server IO #6/DEBUG] [net.minecraftforge.network.NetworkRegistry/NETREGISTRY]: Channel 'graveyard:spawn_entity' : Version test of '1' from client : ACCEPTED
[07Jan2026 21:07:55.578] [Netty Epoll Server IO #6/DEBUG] [net.minecraftforge.network.NetworkRegistry/NETREGISTRY]: Channel 'waystones:network' : Version test of '1.0' from client : ACCEPTED
[07Jan2026 21:07:55.578] [Netty Epoll Server IO #6/DEBUG] [net.minecraftforge.network.NetworkRegistry/NETREGISTRY]: Channel 'jade:networking' : Version test of '2' from client : ACCEPTED
[07Jan2026 21:07:55.578] [Netty Epoll Server IO #6/DEBUG] [net.minecraftforge.network.NetworkRegistry/NETREGISTRY]: Accepting channel list from client
[07Jan2026 21:07:55.578] [Netty Epoll Server IO #6/DEBUG] [net.minecraftforge.network.HandshakeHandler/FMLHANDSHAKE]: Accepted client connection mod list
[07Jan2026 21:07:55.583] [Server thread/DEBUG] [net.minecraftforge.network.HandshakeHandler/FMLHANDSHAKE]: Sending ticking packet info 'Registry minecraft:particle_type' to 'fml:handshake' sequence 5
[07Jan2026 21:07:55.634] [Netty Epoll Server IO #6/DEBUG] [net.minecraftforge.network.LoginWrapper/FMLHANDSHAKE]: Recieved login wrapper packet event for channel fml:handshake with index 2
[07Jan2026 21:07:55.634] [Netty Epoll Server IO #6/DEBUG] [net.minecraftforge.network.HandshakeHandler/FMLHANDSHAKE]: Received client indexed reply 2 of type net.minecraftforge.network.HandshakeMessages$C2SAcknowledge
[07Jan2026 21:07:55.634] [Netty Epoll Server IO #6/DEBUG] [net.minecraftforge.network.HandshakeHandler/FMLHANDSHAKE]: Received acknowledgement from client
[07Jan2026 21:07:55.634] [Server thread/DEBUG] [net.minecraftforge.network.HandshakeHandler/FMLHANDSHAKE]: Sending ticking packet info 'Registry minecraft:villager_profession' to 'fml:handshake' sequence 6
[07Jan2026 21:07:55.681] [Server thread/DEBUG] [net.minecraftforge.network.HandshakeHandler/FMLHANDSHAKE]: Sending ticking packet info 'Registry twilightforest:tiny_bird_variant' to 'fml:handshake' sequence 7
[07Jan2026 21:07:55.698] [Netty Epoll Server IO #6/DEBUG] [net.minecraftforge.network.LoginWrapper/FMLHANDSHAKE]: Recieved login wrapper packet event for channel fml:handshake with index 3
[07Jan2026 21:07:55.698] [Netty Epoll Server IO #6/DEBUG] [net.minecraftforge.network.HandshakeHandler/FMLHANDSHAKE]: Received client indexed reply 3 of type net.minecraftforge.network.HandshakeMessages$C2SAcknowledge
[07Jan2026 21:07:55.698] [Netty Epoll Server IO #6/DEBUG] [net.minecraftforge.network.HandshakeHandler/FMLHANDSHAKE]: Received acknowledgement from client
[07Jan2026 21:07:55.732] [Server thread/DEBUG] [net.minecraftforge.network.HandshakeHandler/FMLHANDSHAKE]: Sending ticking packet info 'Registry minecraft:item' to 'fml:handshake' sequence 8
[07Jan2026 21:07:55.783] [Server thread/DEBUG] [net.minecraftforge.network.HandshakeHandler/FMLHANDSHAKE]: Sending ticking packet info 'Registry minecraft:potion' to 'fml:handshake' sequence 9
[07Jan2026 21:07:55.832] [Server thread/DEBUG] [net.minecraftforge.network.HandshakeHandler/FMLHANDSHAKE]: Sending ticking packet info 'Registry minecraft:painting_variant' to 'fml:handshake' sequence 10
[07Jan2026 21:07:55.882] [Server thread/DEBUG] [net.minecraftforge.network.HandshakeHandler/FMLHANDSHAKE]: Sending ticking packet info 'Registry forge:fluid_type' to 'fml:handshake' sequence 11
[07Jan2026 21:07:55.938] [Server thread/DEBUG] [net.minecraftforge.network.HandshakeHandler/FMLHANDSHAKE]: Sending ticking packet info 'Registry minecraft:block_entity_type' to 'fml:handshake' sequence 12
[07Jan2026 21:07:55.990] [Server thread/DEBUG] [net.minecraftforge.network.HandshakeHandler/FMLHANDSHAKE]: Sending ticking packet info 'Registry forge:display_contexts' to 'fml:handshake' sequence 13
[07Jan2026 21:07:56.035] [Server thread/DEBUG] [net.minecraftforge.network.HandshakeHandler/FMLHANDSHAKE]: Sending ticking packet info 'Registry minecraft:block' to 'fml:handshake' sequence 14
[07Jan2026 21:07:56.084] [Server thread/DEBUG] [net.minecraftforge.network.HandshakeHandler/FMLHANDSHAKE]: Sending ticking packet info 'Registry forge:entity_data_serializers' to 'fml:handshake' sequence 15
[07Jan2026 21:07:56.087] [Netty Epoll Server IO #6/DEBUG] [net.minecraftforge.network.LoginWrapper/FMLHANDSHAKE]: Recieved login wrapper packet event for channel fml:handshake with index 4
[07Jan2026 21:07:56.087] [Netty Epoll Server IO #6/DEBUG] [net.minecraftforge.network.HandshakeHandler/FMLHANDSHAKE]: Received client indexed reply 4 of type net.minecraftforge.network.HandshakeMessages$C2SAcknowledge
[07Jan2026 21:07:56.087] [Netty Epoll Server IO #6/DEBUG] [net.minecraftforge.network.HandshakeHandler/FMLHANDSHAKE]: Received acknowledgement from client
[07Jan2026 21:07:56.087] [Netty Epoll Server IO #6/DEBUG] [net.minecraftforge.network.LoginWrapper/FMLHANDSHAKE]: Recieved login wrapper packet event for channel fml:handshake with index 5
[07Jan2026 21:07:56.087] [Netty Epoll Server IO #6/DEBUG] [net.minecraftforge.network.HandshakeHandler/FMLHANDSHAKE]: Received client indexed reply 5 of type net.minecraftforge.network.HandshakeMessages$C2SAcknowledge
[07Jan2026 21:07:56.087] [Netty Epoll Server IO #6/DEBUG] [net.minecraftforge.network.HandshakeHandler/FMLHANDSHAKE]: Received acknowledgement from client
[07Jan2026 21:07:56.087] [Netty Epoll Server IO #6/DEBUG] [net.minecraftforge.network.LoginWrapper/FMLHANDSHAKE]: Recieved login wrapper packet event for channel fml:handshake with index 6
[07Jan2026 21:07:56.087] [Netty Epoll Server IO #6/DEBUG] [net.minecraftforge.network.HandshakeHandler/FMLHANDSHAKE]: Received client indexed reply 6 of type net.minecraftforge.network.HandshakeMessages$C2SAcknowledge
[07Jan2026 21:07:56.087] [Netty Epoll Server IO #6/DEBUG] [net.minecraftforge.network.HandshakeHandler/FMLHANDSHAKE]: Received acknowledgement from client
[07Jan2026 21:07:56.087] [Netty Epoll Server IO #6/DEBUG] [net.minecraftforge.network.LoginWrapper/FMLHANDSHAKE]: Recieved login wrapper packet event for channel fml:handshake with index 7
[07Jan2026 21:07:56.087] [Netty Epoll Server IO #6/DEBUG] [net.minecraftforge.network.HandshakeHandler/FMLHANDSHAKE]: Received client indexed reply 7 of type net.minecraftforge.network.HandshakeMessages$C2SAcknowledge
[07Jan2026 21:07:56.087] [Netty Epoll Server IO #6/DEBUG] [net.minecraftforge.network.HandshakeHandler/FMLHANDSHAKE]: Received acknowledgement from client
[07Jan2026 21:07:56.133] [Server thread/DEBUG] [net.minecraftforge.network.HandshakeHandler/FMLHANDSHAKE]: Sending ticking packet info 'Registry minecraft:mob_effect' to 'fml:handshake' sequence 16
[07Jan2026 21:07:56.183] [Server thread/DEBUG] [net.minecraftforge.network.HandshakeHandler/FMLHANDSHAKE]: Sending ticking packet info 'Registry minecraft:stat_type' to 'fml:handshake' sequence 17
[07Jan2026 21:07:56.235] [Server thread/DEBUG] [net.minecraftforge.network.HandshakeHandler/FMLHANDSHAKE]: Sending ticking packet info 'Registry twilightforest:enforcement' to 'fml:handshake' sequence 18
[07Jan2026 21:07:56.284] [Server thread/DEBUG] [net.minecraftforge.network.HandshakeHandler/FMLHANDSHAKE]: Sending ticking packet info 'Registry tombstone:perks' to 'fml:handshake' sequence 19
[07Jan2026 21:07:56.334] [Server thread/DEBUG] [net.minecraftforge.network.HandshakeHandler/FMLHANDSHAKE]: Sending ticking packet info 'Registry minecraft:menu' to 'fml:handshake' sequence 20
[07Jan2026 21:07:56.384] [Server thread/DEBUG] [net.minecraftforge.network.HandshakeHandler/FMLHANDSHAKE]: Sending ticking packet info 'Registry twilightforest:dwarf_rabbit_variant' to 'fml:handshake' sequence 21
[07Jan2026 21:07:56.437] [Server thread/DEBUG] [net.minecraftforge.network.HandshakeHandler/FMLHANDSHAKE]: Sending ticking packet info 'Registry minecraft:enchantment' to 'fml:handshake' sequence 22
[07Jan2026 21:07:56.484] [Server thread/DEBUG] [net.minecraftforge.network.HandshakeHandler/FMLHANDSHAKE]: Sending ticking packet info 'Registry minecraft:fluid' to 'fml:handshake' sequence 23
[07Jan2026 21:07:56.537] [Server thread/DEBUG] [net.minecraftforge.network.HandshakeHandler/FMLHANDSHAKE]: Sending ticking packet info 'Registry minecraft:entity_type' to 'fml:handshake' sequence 24
[07Jan2026 21:07:56.541] [Netty Epoll Server IO #6/DEBUG] [net.minecraftforge.network.LoginWrapper/FMLHANDSHAKE]: Recieved login wrapper packet event for channel fml:handshake with index 8
[07Jan2026 21:07:56.541] [Netty Epoll Server IO #6/DEBUG] [net.minecraftforge.network.HandshakeHandler/FMLHANDSHAKE]: Received client indexed reply 8 of type net.minecraftforge.network.HandshakeMessages$C2SAcknowledge
[07Jan2026 21:07:56.541] [Netty Epoll Server IO #6/DEBUG] [net.minecraftforge.network.HandshakeHandler/FMLHANDSHAKE]: Received acknowledgement from client
[07Jan2026 21:07:56.542] [Netty Epoll Server IO #6/DEBUG] [net.minecraftforge.network.LoginWrapper/FMLHANDSHAKE]: Recieved login wrapper packet event for channel fml:handshake with index 9
[07Jan2026 21:07:56.542] [Netty Epoll Server IO #6/DEBUG] [net.minecraftforge.network.HandshakeHandler/FMLHANDSHAKE]: Received client indexed reply 9 of type net.minecraftforge.network.HandshakeMessages$C2SAcknowledge
[07Jan2026 21:07:56.542] [Netty Epoll Server IO #6/DEBUG] [net.minecraftforge.network.HandshakeHandler/FMLHANDSHAKE]: Received acknowledgement from client
[07Jan2026 21:07:56.542] [Netty Epoll Server IO #6/DEBUG] [net.minecraftforge.network.LoginWrapper/FMLHANDSHAKE]: Recieved login wrapper packet event for channel fml:handshake with index 10
[07Jan2026 21:07:56.542] [Netty Epoll Server IO #6/DEBUG] [net.minecraftforge.network.HandshakeHandler/FMLHANDSHAKE]: Received client indexed reply 10 of type net.minecraftforge.network.HandshakeMessages$C2SAcknowledge
[07Jan2026 21:07:56.542] [Netty Epoll Server IO #6/DEBUG] [net.minecraftforge.network.HandshakeHandler/FMLHANDSHAKE]: Received acknowledgement from client
[07Jan2026 21:07:56.542] [Netty Epoll Server IO #6/DEBUG] [net.minecraftforge.network.LoginWrapper/FMLHANDSHAKE]: Recieved login wrapper packet event for channel fml:handshake with index 11
[07Jan2026 21:07:56.542] [Netty Epoll Server IO #6/DEBUG] [net.minecraftforge.network.HandshakeHandler/FMLHANDSHAKE]: Received client indexed reply 11 of type net.minecraftforge.network.HandshakeMessages$C2SAcknowledge
[07Jan2026 21:07:56.542] [Netty Epoll Server IO #6/DEBUG] [net.minecraftforge.network.HandshakeHandler/FMLHANDSHAKE]: Received acknowledgement from client
[07Jan2026 21:07:56.553] [Netty Epoll Server IO #6/DEBUG] [net.minecraftforge.network.LoginWrapper/FMLHANDSHAKE]: Recieved login wrapper packet event for channel fml:handshake with index 12
[07Jan2026 21:07:56.553] [Netty Epoll Server IO #6/DEBUG] [net.minecraftforge.network.HandshakeHandler/FMLHANDSHAKE]: Received client indexed reply 12 of type net.minecraftforge.network.HandshakeMessages$C2SAcknowledge
[07Jan2026 21:07:56.553] [Netty Epoll Server IO #6/DEBUG] [net.minecraftforge.network.HandshakeHandler/FMLHANDSHAKE]: Received acknowledgement from client
[07Jan2026 21:07:56.553] [Netty Epoll Server IO #6/DEBUG] [net.minecraftforge.network.LoginWrapper/FMLHANDSHAKE]: Recieved login wrapper packet event for channel fml:handshake with index 13
[07Jan2026 21:07:56.553] [Netty Epoll Server IO #6/DEBUG] [net.minecraftforge.network.HandshakeHandler/FMLHANDSHAKE]: Received client indexed reply 13 of type net.minecraftforge.network.HandshakeMessages$C2SAcknowledge
[07Jan2026 21:07:56.553] [Netty Epoll Server IO #6/DEBUG] [net.minecraftforge.network.HandshakeHandler/FMLHANDSHAKE]: Received acknowledgement from client
[07Jan2026 21:07:56.586] [Server thread/DEBUG] [net.minecraftforge.network.HandshakeHandler/FMLHANDSHAKE]: Sending ticking packet info 'Config securitycraft-server.toml' to 'fml:handshake' sequence 25
[07Jan2026 21:07:56.635] [Server thread/DEBUG] [net.minecraftforge.network.HandshakeHandler/FMLHANDSHAKE]: Sending ticking packet info 'Config curios-server.toml' to 'fml:handshake' sequence 26
[07Jan2026 21:07:56.685] [Server thread/DEBUG] [net.minecraftforge.network.HandshakeHandler/FMLHANDSHAKE]: Sending ticking packet info 'Config tombstone-server.toml' to 'fml:handshake' sequence 27
[07Jan2026 21:07:56.735] [Server thread/DEBUG] [net.minecraftforge.network.HandshakeHandler/FMLHANDSHAKE]: Sending ticking packet info 'Config travelersbackpack-server.toml' to 'fml:handshake' sequence 28
[07Jan2026 21:07:56.744] [Netty Epoll Server IO #6/DEBUG] [net.minecraftforge.network.LoginWrapper/FMLHANDSHAKE]: Recieved login wrapper packet event for channel fml:handshake with index 14
[07Jan2026 21:07:56.744] [Netty Epoll Server IO #6/DEBUG] [net.minecraftforge.network.HandshakeHandler/FMLHANDSHAKE]: Received client indexed reply 14 of type net.minecraftforge.network.HandshakeMessages$C2SAcknowledge
[07Jan2026 21:07:56.744] [Netty Epoll Server IO #6/DEBUG] [net.minecraftforge.network.HandshakeHandler/FMLHANDSHAKE]: Received acknowledgement from client
[07Jan2026 21:07:56.744] [Netty Epoll Server IO #6/DEBUG] [net.minecraftforge.network.LoginWrapper/FMLHANDSHAKE]: Recieved login wrapper packet event for channel fml:handshake with index 15
[07Jan2026 21:07:56.744] [Netty Epoll Server IO #6/DEBUG] [net.minecraftforge.network.HandshakeHandler/FMLHANDSHAKE]: Received client indexed reply 15 of type net.minecraftforge.network.HandshakeMessages$C2SAcknowledge
[07Jan2026 21:07:56.744] [Netty Epoll Server IO #6/DEBUG] [net.minecraftforge.network.HandshakeHandler/FMLHANDSHAKE]: Received acknowledgement from client
[07Jan2026 21:07:56.786] [Server thread/DEBUG] [net.minecraftforge.network.HandshakeHandler/FMLHANDSHAKE]: Sending ticking packet info 'Config reap-server.toml' to 'fml:handshake' sequence 29
[07Jan2026 21:07:56.798] [Netty Epoll Server IO #6/DEBUG] [net.minecraftforge.network.LoginWrapper/FMLHANDSHAKE]: Recieved login wrapper packet event for channel fml:handshake with index 16
[07Jan2026 21:07:56.798] [Netty Epoll Server IO #6/DEBUG] [net.minecraftforge.network.HandshakeHandler/FMLHANDSHAKE]: Received client indexed reply 16 of type net.minecraftforge.network.HandshakeMessages$C2SAcknowledge
[07Jan2026 21:07:56.799] [Netty Epoll Server IO #6/DEBUG] [net.minecraftforge.network.HandshakeHandler/FMLHANDSHAKE]: Received acknowledgement from client
[07Jan2026 21:07:56.799] [Netty Epoll Server IO #6/DEBUG] [net.minecraftforge.network.LoginWrapper/FMLHANDSHAKE]: Recieved login wrapper packet event for channel fml:handshake with index 17
[07Jan2026 21:07:56.799] [Netty Epoll Server IO #6/DEBUG] [net.minecraftforge.network.HandshakeHandler/FMLHANDSHAKE]: Received client indexed reply 17 of type net.minecraftforge.network.HandshakeMessages$C2SAcknowledge
[07Jan2026 21:07:56.799] [Netty Epoll Server IO #6/DEBUG] [net.minecraftforge.network.HandshakeHandler/FMLHANDSHAKE]: Received acknowledgement from client
[07Jan2026 21:07:56.799] [Netty Epoll Server IO #6/DEBUG] [net.minecraftforge.network.LoginWrapper/FMLHANDSHAKE]: Recieved login wrapper packet event for channel fml:handshake with index 18
[07Jan2026 21:07:56.799] [Netty Epoll Server IO #6/DEBUG] [net.minecraftforge.network.HandshakeHandler/FMLHANDSHAKE]: Received client indexed reply 18 of type net.minecraftforge.network.HandshakeMessages$C2SAcknowledge
[07Jan2026 21:07:56.799] [Netty Epoll Server IO #6/DEBUG] [net.minecraftforge.network.HandshakeHandler/FMLHANDSHAKE]: Received acknowledgement from client
[07Jan2026 21:07:56.799] [Netty Epoll Server IO #6/DEBUG] [net.minecraftforge.network.LoginWrapper/FMLHANDSHAKE]: Recieved login wrapper packet event for channel fml:handshake with index 19
[07Jan2026 21:07:56.799] [Netty Epoll Server IO #6/DEBUG] [net.minecraftforge.network.HandshakeHandler/FMLHANDSHAKE]: Received client indexed reply 19 of type net.minecraftforge.network.HandshakeMessages$C2SAcknowledge
[07Jan2026 21:07:56.799] [Netty Epoll Server IO #6/DEBUG] [net.minecraftforge.network.HandshakeHandler/FMLHANDSHAKE]: Received acknowledgement from client
[07Jan2026 21:07:56.805] [Netty Epoll Server IO #6/DEBUG] [net.minecraftforge.network.LoginWrapper/FMLHANDSHAKE]: Recieved login wrapper packet event for channel fml:handshake with index 20
[07Jan2026 21:07:56.805] [Netty Epoll Server IO #6/DEBUG] [net.minecraftforge.network.HandshakeHandler/FMLHANDSHAKE]: Received client indexed reply 20 of type net.minecraftforge.network.HandshakeMessages$C2SAcknowledge
[07Jan2026 21:07:56.806] [Netty Epoll Server IO #6/DEBUG] [net.minecraftforge.network.HandshakeHandler/FMLHANDSHAKE]: Received acknowledgement from client
[07Jan2026 21:07:56.806] [Netty Epoll Server IO #6/DEBUG] [net.minecraftforge.network.LoginWrapper/FMLHANDSHAKE]: Recieved login wrapper packet event for channel fml:handshake with index 21
[07Jan2026 21:07:56.806] [Netty Epoll Server IO #6/DEBUG] [net.minecraftforge.network.HandshakeHandler/FMLHANDSHAKE]: Received client indexed reply 21 of type net.minecraftforge.network.HandshakeMessages$C2SAcknowledge
[07Jan2026 21:07:56.806] [Netty Epoll Server IO #6/DEBUG] [net.minecraftforge.network.HandshakeHandler/FMLHANDSHAKE]: Received acknowledgement from client
[07Jan2026 21:07:56.806] [Netty Epoll Server IO #6/DEBUG] [net.minecraftforge.network.LoginWrapper/FMLHANDSHAKE]: Recieved login wrapper packet event for channel fml:handshake with index 22
[07Jan2026 21:07:56.806] [Netty Epoll Server IO #6/DEBUG] [net.minecraftforge.network.HandshakeHandler/FMLHANDSHAKE]: Received client indexed reply 22 of type net.minecraftforge.network.HandshakeMessages$C2SAcknowledge
[07Jan2026 21:07:56.806] [Netty Epoll Server IO #6/DEBUG] [net.minecraftforge.network.HandshakeHandler/FMLHANDSHAKE]: Received acknowledgement from client
[07Jan2026 21:07:56.806] [Netty Epoll Server IO #6/DEBUG] [net.minecraftforge.network.LoginWrapper/FMLHANDSHAKE]: Recieved login wrapper packet event for channel fml:handshake with index 23
[07Jan2026 21:07:56.806] [Netty Epoll Server IO #6/DEBUG] [net.minecraftforge.network.HandshakeHandler/FMLHANDSHAKE]: Received client indexed reply 23 of type net.minecraftforge.network.HandshakeMessages$C2SAcknowledge
[07Jan2026 21:07:56.806] [Netty Epoll Server IO #6/DEBUG] [net.minecraftforge.network.HandshakeHandler/FMLHANDSHAKE]: Received acknowledgement from client
[07Jan2026 21:07:56.836] [Server thread/DEBUG] [net.minecraftforge.network.HandshakeHandler/FMLHANDSHAKE]: Sending ticking packet info 'Config pickupnotifier/pickupnotifier-server.toml' to 'fml:handshake' sequence 30
[07Jan2026 21:07:56.886] [Server thread/DEBUG] [net.minecraftforge.network.HandshakeHandler/FMLHANDSHAKE]: Sending ticking packet info 'Config mantle-server.toml' to 'fml:handshake' sequence 31
[07Jan2026 21:07:56.928] [Netty Epoll Server IO #6/DEBUG] [net.minecraftforge.network.LoginWrapper/FMLHANDSHAKE]: Recieved login wrapper packet event for channel fml:handshake with index 24
[07Jan2026 21:07:56.928] [Netty Epoll Server IO #6/DEBUG] [net.minecraftforge.network.HandshakeHandler/FMLHANDSHAKE]: Received client indexed reply 24 of type net.minecraftforge.network.HandshakeMessages$C2SAcknowledge
[07Jan2026 21:07:56.928] [Netty Epoll Server IO #6/DEBUG] [net.minecraftforge.network.HandshakeHandler/FMLHANDSHAKE]: Received acknowledgement from client
[07Jan2026 21:07:56.936] [Server thread/DEBUG] [net.minecraftforge.network.HandshakeHandler/FMLHANDSHAKE]: Sending ticking packet info 'Config moblassos-server.toml' to 'fml:handshake' sequence 32
[07Jan2026 21:07:56.937] [Netty Epoll Server IO #6/DEBUG] [net.minecraftforge.network.LoginWrapper/FMLHANDSHAKE]: Recieved login wrapper packet event for channel fml:handshake with index 25
[07Jan2026 21:07:56.937] [Netty Epoll Server IO #6/DEBUG] [net.minecraftforge.network.HandshakeHandler/FMLHANDSHAKE]: Received client indexed reply 25 of type net.minecraftforge.network.HandshakeMessages$C2SAcknowledge
[07Jan2026 21:07:56.938] [Netty Epoll Server IO #6/DEBUG] [net.minecraftforge.network.HandshakeHandler/FMLHANDSHAKE]: Received acknowledgement from client
[07Jan2026 21:07:56.938] [Netty Epoll Server IO #6/DEBUG] [net.minecraftforge.network.LoginWrapper/FMLHANDSHAKE]: Recieved login wrapper packet event for channel fml:handshake with index 26
[07Jan2026 21:07:56.938] [Netty Epoll Server IO #6/DEBUG] [net.minecraftforge.network.HandshakeHandler/FMLHANDSHAKE]: Received client indexed reply 26 of type net.minecraftforge.network.HandshakeMessages$C2SAcknowledge
[07Jan2026 21:07:56.938] [Netty Epoll Server IO #6/DEBUG] [net.minecraftforge.network.HandshakeHandler/FMLHANDSHAKE]: Received acknowledgement from client
[07Jan2026 21:07:56.938] [Netty Epoll Server IO #6/DEBUG] [net.minecraftforge.network.LoginWrapper/FMLHANDSHAKE]: Recieved login wrapper packet event for channel fml:handshake with index 27
[07Jan2026 21:07:56.938] [Netty Epoll Server IO #6/DEBUG] [net.minecraftforge.network.HandshakeHandler/FMLHANDSHAKE]: Received client indexed reply 27 of type net.minecraftforge.network.HandshakeMessages$C2SAcknowledge
[07Jan2026 21:07:56.938] [Netty Epoll Server IO #6/DEBUG] [net.minecraftforge.network.HandshakeHandler/FMLHANDSHAKE]: Received acknowledgement from client
[07Jan2026 21:07:56.943] [Netty Epoll Server IO #6/DEBUG] [net.minecraftforge.network.LoginWrapper/FMLHANDSHAKE]: Recieved login wrapper packet event for channel fml:handshake with index 28
[07Jan2026 21:07:56.943] [Netty Epoll Server IO #6/DEBUG] [net.minecraftforge.network.HandshakeHandler/FMLHANDSHAKE]: Received client indexed reply 28 of type net.minecraftforge.network.HandshakeMessages$C2SAcknowledge
[07Jan2026 21:07:56.943] [Netty Epoll Server IO #6/DEBUG] [net.minecraftforge.network.HandshakeHandler/FMLHANDSHAKE]: Received acknowledgement from client
[07Jan2026 21:07:56.985] [Netty Epoll Server IO #6/DEBUG] [net.minecraftforge.network.LoginWrapper/FMLHANDSHAKE]: Recieved login wrapper packet event for channel fml:handshake with index 29
[07Jan2026 21:07:56.985] [Server thread/DEBUG] [net.minecraftforge.network.HandshakeHandler/FMLHANDSHAKE]: Sending ticking packet info 'Config jei-server.toml' to 'fml:handshake' sequence 33
[07Jan2026 21:07:56.985] [Netty Epoll Server IO #6/DEBUG] [net.minecraftforge.network.HandshakeHandler/FMLHANDSHAKE]: Received client indexed reply 29 of type net.minecraftforge.network.HandshakeMessages$C2SAcknowledge
[07Jan2026 21:07:56.985] [Netty Epoll Server IO #6/DEBUG] [net.minecraftforge.network.HandshakeHandler/FMLHANDSHAKE]: Received acknowledgement from client
[07Jan2026 21:07:57.021] [Netty Epoll Server IO #6/DEBUG] [net.minecraftforge.network.LoginWrapper/FMLHANDSHAKE]: Recieved login wrapper packet event for channel fml:handshake with index 30
[07Jan2026 21:07:57.021] [Netty Epoll Server IO #6/DEBUG] [net.minecraftforge.network.HandshakeHandler/FMLHANDSHAKE]: Received client indexed reply 30 of type net.minecraftforge.network.HandshakeMessages$C2SAcknowledge
[07Jan2026 21:07:57.021] [Netty Epoll Server IO #6/DEBUG] [net.minecraftforge.network.HandshakeHandler/FMLHANDSHAKE]: Received acknowledgement from client
[07Jan2026 21:07:57.035] [Server thread/DEBUG] [net.minecraftforge.network.HandshakeHandler/FMLHANDSHAKE]: Sending ticking packet info 'Config forge-server.toml' to 'fml:handshake' sequence 34
[07Jan2026 21:07:57.082] [Netty Epoll Server IO #6/DEBUG] [net.minecraftforge.network.LoginWrapper/FMLHANDSHAKE]: Recieved login wrapper packet event for channel fml:handshake with index 31
[07Jan2026 21:07:57.082] [Netty Epoll Server IO #6/DEBUG] [net.minecraftforge.network.HandshakeHandler/FMLHANDSHAKE]: Received client indexed reply 31 of type net.minecraftforge.network.HandshakeMessages$C2SAcknowledge
[07Jan2026 21:07:57.082] [Netty Epoll Server IO #6/DEBUG] [net.minecraftforge.network.HandshakeHandler/FMLHANDSHAKE]: Received acknowledgement from client
[07Jan2026 21:07:57.129] [Netty Epoll Server IO #6/DEBUG] [net.minecraftforge.network.LoginWrapper/FMLHANDSHAKE]: Recieved login wrapper packet event for channel fml:handshake with index 32
[07Jan2026 21:07:57.129] [Netty Epoll Server IO #6/DEBUG] [net.minecraftforge.network.HandshakeHandler/FMLHANDSHAKE]: Received client indexed reply 32 of type net.minecraftforge.network.HandshakeMessages$C2SAcknowledge
[07Jan2026 21:07:57.129] [Netty Epoll Server IO #6/DEBUG] [net.minecraftforge.network.HandshakeHandler/FMLHANDSHAKE]: Received acknowledgement from client
[07Jan2026 21:07:57.172] [Netty Epoll Server IO #6/DEBUG] [net.minecraftforge.network.LoginWrapper/FMLHANDSHAKE]: Recieved login wrapper packet event for channel fml:handshake with index 33
[07Jan2026 21:07:57.172] [Netty Epoll Server IO #6/DEBUG] [net.minecraftforge.network.HandshakeHandler/FMLHANDSHAKE]: Received client indexed reply 33 of type net.minecraftforge.network.HandshakeMessages$C2SAcknowledge
[07Jan2026 21:07:57.172] [Netty Epoll Server IO #6/DEBUG] [net.minecraftforge.network.HandshakeHandler/FMLHANDSHAKE]: Received acknowledgement from client
[07Jan2026 21:07:57.228] [Netty Epoll Server IO #6/DEBUG] [net.minecraftforge.network.LoginWrapper/FMLHANDSHAKE]: Recieved login wrapper packet event for channel fml:handshake with index 34
[07Jan2026 21:07:57.228] [Netty Epoll Server IO #6/DEBUG] [net.minecraftforge.network.HandshakeHandler/FMLHANDSHAKE]: Received client indexed reply 34 of type net.minecraftforge.network.HandshakeMessages$C2SAcknowledge
[07Jan2026 21:07:57.228] [Netty Epoll Server IO #6/DEBUG] [net.minecraftforge.network.HandshakeHandler/FMLHANDSHAKE]: Received acknowledgement from client
[07Jan2026 21:07:57.236] [Server thread/DEBUG] [net.minecraftforge.network.HandshakeHandler/FMLHANDSHAKE]: Handshake complete!
[07Jan2026 21:07:57.314] [Server thread/INFO] [net.minecraft.server.players.PlayerList/]: caslu[/127.73.223.127:41491] logged in with entity id 4359 at (-91.95792903078737, 64.0, -336.30000001192093)
[07Jan2026 21:07:57.315] [Server thread/DEBUG] [net.minecraftforge.network.filters.NetworkFilters/]: Injected net.minecraftforge.network.filters.ForgeConnectionNetworkFilter@d227e59 into net.minecraft.network.Connection@d1bd3c7
[07Jan2026 21:07:57.315] [Server thread/DEBUG] [ModernFix/]: Sending ID correction packet to client with 362 classes
[07Jan2026 21:07:57.344] [Server thread/INFO] [net.minecraft.server.MinecraftServer/]: caslu joined the game
[07Jan2026 21:07:57.396] [Server thread/INFO] [Jade/]: Syncing config to caslu (d68c8e9e-394d-37c6-9710-a218d4ba9113)
[07Jan2026 21:07:58.108] [Server thread/DEBUG] [mixin/]: Mixing boat.VanillaInventoryCodeHooksMixin from securitycraft.mixins.json into net.minecraftforge.items.VanillaInventoryCodeHooks
[07Jan2026 21:07:58.108] [Server thread/DEBUG] [mixin/]: Renaming synthetic method lambda$securitycraft$callGetCapabilityForSecuritySeaBoat$0(Lnet/geforcemods/securitycraft/entity/SecuritySeaBoat;Lnet/minecraftforge/items/IItemHandler;)Lorg/apache/commons/lang3/tuple/Pair; to md227283$lambda$securitycraft$callGetCapabilityForSecuritySeaBoat$0$0 in securitycraft.mixins.json:boat.VanillaInventoryCodeHooksMixin
[07Jan2026 21:09:02.732] [Server thread/DEBUG] [net.minecraftforge.common.ForgeHooks/WP]: Gathering id map for writing to world save world
[07Jan2026 21:09:02.750] [Server thread/DEBUG] [net.minecraftforge.common.ForgeHooks/WP]: ID Map collection complete world
[07Jan2026 21:09:55.656] [Server thread/DEBUG] [ModernFix/]: Using cached upgraded version of graveyard:small_savanna_grave/small_savanna_grave_01
[07Jan2026 21:10:36.403] [Server thread/DEBUG] [ModernFix/]: Using cached upgraded version of graveyard:small_savanna_grave/small_savanna_grave_04
[07Jan2026 21:11:03.765] [Server thread/DEBUG] [ModernFix/]: Using cached upgraded version of graveyard:small_grave/small_grave_12
[07Jan2026 21:11:06.757] [Server thread/DEBUG] [ModernFix/]: Using cached upgraded version of graveyard:small_savanna_grave/small_savanna_grave_03
[07Jan2026 21:11:06.761] [Server thread/DEBUG] [ModernFix/]: Using cached upgraded version of fossil:sites/fossil_tent_option_west
[07Jan2026 21:11:42.513] [Server thread/INFO] [net.minecraft.server.MinecraftServer/]: UnderErre has made the advancement [Black or White]
[07Jan2026 21:11:46.503] [Server thread/DEBUG] [ModernFix/]: Using cached upgraded version of graveyard:small_graveyard/small_graveyard_09
[07Jan2026 21:11:48.833] [Server thread/DEBUG] [ModernFix/]: Using cached upgraded version of fossil:sites/tar_site_large_top
[07Jan2026 21:11:48.835] [Server thread/DEBUG] [ModernFix/]: Using cached upgraded version of fossil:sites/tar_site_large_base
[07Jan2026 21:12:08.967] [Server thread/INFO] [net.minecraft.server.MinecraftServer/]: UnderErre has reached the goal [A Small Cemetery]
[07Jan2026 21:13:17.895] [Server thread/WARN] [tombstone/]: The death event of the player UnderErre was canceled by another mod
[07Jan2026 21:13:17.910] [Server thread/INFO] [tombstone/]: The player UnderErre has successfully been saved
[07Jan2026 21:14:02.729] [Server thread/DEBUG] [net.minecraftforge.common.ForgeHooks/WP]: Gathering id map for writing to world save world
[07Jan2026 21:14:02.741] [Server thread/DEBUG] [net.minecraftforge.common.ForgeHooks/WP]: ID Map collection complete world
[07Jan2026 21:14:17.845] [Server thread/INFO] [net.minecraft.server.MinecraftServer/]: UnderErre was slain by Nightmare Stalker
[07Jan2026 21:14:17.853] [Server thread/DEBUG] [tombstone/]: A new grave of the player UnderErre was created at position [x:-20, y:96, z:-228, dim:minecraft:overworld]
[07Jan2026 21:14:21.438] [Server thread/DEBUG] [twilightforest/]: Player UnderErre (8613e5a6-868e-34e8-865a-4c8c12e51f78) respawned and received items held in storage
[07Jan2026 21:19:02.682] [Server thread/DEBUG] [net.minecraftforge.common.ForgeHooks/WP]: Gathering id map for writing to world save world
[07Jan2026 21:19:02.695] [Server thread/DEBUG] [net.minecraftforge.common.ForgeHooks/WP]: ID Map collection complete world
[07Jan2026 21:24:02.720] [Server thread/DEBUG] [net.minecraftforge.common.ForgeHooks/WP]: Gathering id map for writing to world save world
[07Jan2026 21:24:02.735] [Server thread/DEBUG] [net.minecraftforge.common.ForgeHooks/WP]: ID Map collection complete world
[07Jan2026 21:24:24.930] [Server thread/DEBUG] [mixin/]: Mixing common.access.entity.AccessFakePlayerFactory from crafttweaker.forge.mixins.json into net.minecraftforge.common.util.FakePlayerFactory
[07Jan2026 21:24:24.930] [Server thread/DEBUG] [mixin/]: Renaming @Accessor method crafttweaker$getFakePlayers()Ljava/util/Map; to crafttweaker$getFakePlayers_$md$227283$0 in crafttweaker.forge.mixins.json:common.access.entity.AccessFakePlayerFactory
[07Jan2026 21:24:24.931] [Server thread/DEBUG] [mixin/]: Renaming @Accessor method crafttweaker$getMINECRAFT()Lcom/mojang/authlib/GameProfile; to crafttweaker$getMINECRAFT_$md$227283$1 in crafttweaker.forge.mixins.json:common.access.entity.AccessFakePlayerFactory
[07Jan2026 21:29:02.679] [Server thread/DEBUG] [net.minecraftforge.common.ForgeHooks/WP]: Gathering id map for writing to world save world
[07Jan2026 21:29:02.691] [Server thread/DEBUG] [net.minecraftforge.common.ForgeHooks/WP]: ID Map collection complete world
[07Jan2026 21:34:02.724] [Server thread/DEBUG] [net.minecraftforge.common.ForgeHooks/WP]: Gathering id map for writing to world save world
[07Jan2026 21:34:02.737] [Server thread/DEBUG] [net.minecraftforge.common.ForgeHooks/WP]: ID Map collection complete world
[07Jan2026 21:34:22.643] [Server thread/WARN] [net.minecraft.server.level.ServerPlayerGameMode/]: Mismatch in destroy block pos: BlockPos{x=-486, y=-26, z=3} BlockPos{x=-485, y=-27, z=3}
[07Jan2026 21:34:48.194] [Server thread/WARN] [net.minecraft.server.level.ServerPlayerGameMode/]: Mismatch in destroy block pos: BlockPos{x=-487, y=-32, z=2} BlockPos{x=-486, y=-33, z=2}
[07Jan2026 21:35:32.648] [Server thread/WARN] [net.minecraft.server.level.ServerPlayerGameMode/]: Mismatch in destroy block pos: BlockPos{x=-489, y=-46, z=24} BlockPos{x=-489, y=-46, z=25}
[07Jan2026 21:35:54.344] [Server thread/WARN] [net.minecraft.server.level.ServerPlayerGameMode/]: Mismatch in destroy block pos: BlockPos{x=-486, y=-38, z=10} BlockPos{x=-486, y=-39, z=9}
[07Jan2026 21:35:54.393] [Server thread/WARN] [net.minecraft.server.level.ServerPlayerGameMode/]: Mismatch in destroy block pos: BlockPos{x=-486, y=-38, z=10} BlockPos{x=-486, y=-39, z=9}
[07Jan2026 21:35:54.444] [Server thread/WARN] [net.minecraft.server.level.ServerPlayerGameMode/]: Mismatch in destroy block pos: BlockPos{x=-486, y=-38, z=10} BlockPos{x=-486, y=-39, z=9}
[07Jan2026 21:35:54.498] [Server thread/WARN] [net.minecraft.server.level.ServerPlayerGameMode/]: Mismatch in destroy block pos: BlockPos{x=-486, y=-38, z=10} BlockPos{x=-486, y=-39, z=9}
[07Jan2026 21:36:05.294] [Server thread/WARN] [net.minecraft.server.level.ServerPlayerGameMode/]: Mismatch in destroy block pos: BlockPos{x=-483, y=-33, z=1} BlockPos{x=-483, y=-31, z=1}
[07Jan2026 21:36:08.142] [Server thread/WARN] [net.minecraft.server.level.ServerPlayerGameMode/]: Mismatch in destroy block pos: BlockPos{x=-483, y=-29, z=2} BlockPos{x=-483, y=-31, z=1}
[07Jan2026 21:36:08.200] [Server thread/WARN] [net.minecraft.server.level.ServerPlayerGameMode/]: Mismatch in destroy block pos: BlockPos{x=-483, y=-28, z=2} BlockPos{x=-483, y=-31, z=1}
[07Jan2026 21:36:58.693] [Server thread/WARN] [net.minecraft.server.level.ServerPlayerGameMode/]: Mismatch in destroy block pos: BlockPos{x=-489, y=-35, z=11} BlockPos{x=-483, y=-39, z=21}
[07Jan2026 21:36:58.743] [Server thread/WARN] [net.minecraft.server.level.ServerPlayerGameMode/]: Mismatch in destroy block pos: BlockPos{x=-489, y=-35, z=11} BlockPos{x=-483, y=-39, z=21}
[07Jan2026 21:39:02.687] [Server thread/DEBUG] [net.minecraftforge.common.ForgeHooks/WP]: Gathering id map for writing to world save world
[07Jan2026 21:39:02.698] [Server thread/DEBUG] [net.minecraftforge.common.ForgeHooks/WP]: ID Map collection complete world
[07Jan2026 21:39:41.901] [Server thread/INFO] [net.minecraft.server.MinecraftServer/]: AlbertoFdez has reached the goal [Big Boy]
[07Jan2026 21:42:27.452] [Server thread/WARN] [net.minecraft.server.network.ServerGamePacketListenerImpl/]: AlbertoFdez moved too quickly! -10.251393052261392,0.0,0.5831581467145739
[07Jan2026 21:44:02.686] [Server thread/DEBUG] [net.minecraftforge.common.ForgeHooks/WP]: Gathering id map for writing to world save world
[07Jan2026 21:44:02.696] [Server thread/DEBUG] [net.minecraftforge.common.ForgeHooks/WP]: ID Map collection complete world
[07Jan2026 21:46:53.455] [Server thread/WARN] [net.minecraft.server.network.ServerGamePacketListenerImpl/]: AlbertoFdez moved too quickly! 1.083623164792698,1.7900610521165774,10.060558468884004
[07Jan2026 21:49:02.681] [Server thread/DEBUG] [net.minecraftforge.common.ForgeHooks/WP]: Gathering id map for writing to world save world
[07Jan2026 21:49:02.694] [Server thread/DEBUG] [net.minecraftforge.common.ForgeHooks/WP]: ID Map collection complete world
[07Jan2026 21:49:18.742] [Server thread/WARN] [net.minecraft.server.level.ServerPlayerGameMode/]: Mismatch in destroy block pos: BlockPos{x=-555, y=-35, z=-56} BlockPos{x=-556, y=-36, z=-58}
[07Jan2026 21:49:37.042] [Server thread/WARN] [net.minecraft.server.level.ServerPlayerGameMode/]: Mismatch in destroy block pos: BlockPos{x=-554, y=-41, z=-62} BlockPos{x=-554, y=-42, z=-63}
[07Jan2026 21:51:47.453] [Server thread/WARN] [net.minecraft.server.level.ServerPlayerGameMode/]: Mismatch in destroy block pos: BlockPos{x=-530, y=-29, z=-76} BlockPos{x=-531, y=-26, z=-75}
[07Jan2026 21:51:47.500] [Server thread/WARN] [net.minecraft.server.level.ServerPlayerGameMode/]: Mismatch in destroy block pos: BlockPos{x=-531, y=-29, z=-76} BlockPos{x=-531, y=-26, z=-75}
[07Jan2026 21:51:47.552] [Server thread/WARN] [net.minecraft.server.level.ServerPlayerGameMode/]: Mismatch in destroy block pos: BlockPos{x=-531, y=-28, z=-76} BlockPos{x=-531, y=-26, z=-75}
[07Jan2026 21:51:47.645] [Server thread/WARN] [net.minecraft.server.level.ServerPlayerGameMode/]: Mismatch in destroy block pos: BlockPos{x=-532, y=-29, z=-76} BlockPos{x=-531, y=-26, z=-75}
[07Jan2026 21:53:39.651] [Server thread/WARN] [net.minecraft.server.level.ServerPlayerGameMode/]: Mismatch in destroy block pos: BlockPos{x=-516, y=-35, z=-41} BlockPos{x=-516, y=-35, z=-39}
[07Jan2026 21:54:00.294] [Server thread/WARN] [net.minecraft.server.level.ServerPlayerGameMode/]: Mismatch in destroy block pos: BlockPos{x=-513, y=-43, z=-43} BlockPos{x=-513, y=-44, z=-43}
[07Jan2026 21:54:02.687] [Server thread/DEBUG] [net.minecraftforge.common.ForgeHooks/WP]: Gathering id map for writing to world save world
[07Jan2026 21:54:02.698] [Server thread/DEBUG] [net.minecraftforge.common.ForgeHooks/WP]: ID Map collection complete world
[07Jan2026 21:59:02.705] [Server thread/DEBUG] [net.minecraftforge.common.ForgeHooks/WP]: Gathering id map for writing to world save world
[07Jan2026 21:59:02.721] [Server thread/DEBUG] [net.minecraftforge.common.ForgeHooks/WP]: ID Map collection complete world
[07Jan2026 22:04:02.683] [Server thread/DEBUG] [net.minecraftforge.common.ForgeHooks/WP]: Gathering id map for writing to world save world
[07Jan2026 22:04:02.695] [Server thread/DEBUG] [net.minecraftforge.common.ForgeHooks/WP]: ID Map collection complete world
[07Jan2026 22:04:11.337] [Netty Epoll Server IO #1/DEBUG] [net.minecraftforge.network.HandshakeHandler/FMLHANDSHAKE]: Starting new modded impl connection. Found 35 messages to dispatch.
[07Jan2026 22:04:11.552] [Server thread/DEBUG] [net.minecraftforge.network.HandshakeHandler/FMLHANDSHAKE]: Sending ticking packet info 'net.minecraftforge.network.HandshakeMessages$S2CModData' to 'fml:handshake' sequence 0
[07Jan2026 22:04:11.595] [Server thread/DEBUG] [net.minecraftforge.network.HandshakeHandler/FMLHANDSHAKE]: Sending ticking packet info 'net.minecraftforge.network.HandshakeMessages$S2CModList' to 'fml:handshake' sequence 1
[07Jan2026 22:04:11.643] [Server thread/DEBUG] [net.minecraftforge.network.HandshakeHandler/FMLHANDSHAKE]: Sending ticking packet info 'Registry minecraft:command_argument_type' to 'fml:handshake' sequence 2
[07Jan2026 22:04:11.692] [Server thread/DEBUG] [net.minecraftforge.network.HandshakeHandler/FMLHANDSHAKE]: Sending ticking packet info 'Registry minecraft:recipe_serializer' to 'fml:handshake' sequence 3
[07Jan2026 22:04:11.744] [Server thread/DEBUG] [net.minecraftforge.network.HandshakeHandler/FMLHANDSHAKE]: Sending ticking packet info 'Registry minecraft:sound_event' to 'fml:handshake' sequence 4
[07Jan2026 22:04:11.793] [Server thread/DEBUG] [net.minecraftforge.network.HandshakeHandler/FMLHANDSHAKE]: Sending ticking packet info 'Registry minecraft:particle_type' to 'fml:handshake' sequence 5
[07Jan2026 22:04:11.818] [Netty Epoll Server IO #1/DEBUG] [net.minecraftforge.network.LoginWrapper/FMLHANDSHAKE]: Recieved login wrapper packet event for channel fml:handshake with index 1
[07Jan2026 22:04:11.818] [Netty Epoll Server IO #1/DEBUG] [net.minecraftforge.network.HandshakeHandler/FMLHANDSHAKE]: Received client indexed reply 1 of type net.minecraftforge.network.HandshakeMessages$C2SModListReply
[07Jan2026 22:04:11.818] [Netty Epoll Server IO #1/DEBUG] [net.minecraftforge.network.HandshakeHandler/FMLHANDSHAKE]: Received client connection with modlist [uniquedungeons, treechop, kuma_api, geckolib, jei, graveyard, uppers, trender, reap, waystones, clumps, xaeroworldmap, modernfix, citadel, alexsmobs, travelersbackpack, artifacts, mixinextras, pickupnotifier, morehitboxes, balm, interaction_boxes, crafttweaker, puzzlesaccessapi, cloth_config, forge, twilightforest, tlskincape, embeddium, rubidium, chloride, minecraft, tconstruct, borninconfiguration, terrablender, mousetweaks, jade, tbsfbsp, creativecore, born_in_chaos_v1, kotlinforforge, curios, mantle, xaerominimap, oculus, securitycraft, entityculling, tombstone, architectury, fossil, ferritecore, transition, puzzleslib, observable, expandability, moblassos, playerrevive]
[07Jan2026 22:04:11.818] [Netty Epoll Server IO #1/DEBUG] [net.minecraftforge.network.NetworkRegistry/NETREGISTRY]: Channel 'architectury:network' : Version test of '1' from client : ACCEPTED
[07Jan2026 22:04:11.818] [Netty Epoll Server IO #1/DEBUG] [net.minecraftforge.network.NetworkRegistry/NETREGISTRY]: Channel 'jei:channel' : Version test of '1.0.0' from client : ACCEPTED
[07Jan2026 22:04:11.818] [Netty Epoll Server IO #1/DEBUG] [net.minecraftforge.network.NetworkRegistry/NETREGISTRY]: Channel 'mantle:network' : Version test of '1' from client : ACCEPTED
[07Jan2026 22:04:11.818] [Netty Epoll Server IO #1/DEBUG] [net.minecraftforge.network.NetworkRegistry/NETREGISTRY]: Channel 'minecraft:unregister' : Version test of 'FML3' from client : ACCEPTED
[07Jan2026 22:04:11.818] [Netty Epoll Server IO #1/DEBUG] [net.minecraftforge.network.NetworkRegistry/NETREGISTRY]: Channel 'xaerominimap:main' : Version test of '1.0' from client : ACCEPTED
[07Jan2026 22:04:11.818] [Netty Epoll Server IO #1/DEBUG] [net.minecraftforge.network.NetworkRegistry/NETREGISTRY]: Channel 'citadel:main_channel' : Version test of '1' from client : ACCEPTED
[07Jan2026 22:04:11.818] [Netty Epoll Server IO #1/DEBUG] [net.minecraftforge.network.NetworkRegistry/NETREGISTRY]: Channel 'puzzleslib:1' : Version test of '1' from client : ACCEPTED
[07Jan2026 22:04:11.818] [Netty Epoll Server IO #1/DEBUG] [net.minecraftforge.network.NetworkRegistry/NETREGISTRY]: Channel 'securitycraft:securitycraft' : Version test of 'v1.10.1' from client : ACCEPTED
[07Jan2026 22:04:11.818] [Netty Epoll Server IO #1/DEBUG] [net.minecraftforge.network.NetworkRegistry/NETREGISTRY]: Channel 'moblassos:1' : Version test of '1' from client : ACCEPTED
[07Jan2026 22:04:11.818] [Netty Epoll Server IO #1/DEBUG] [net.minecraftforge.network.NetworkRegistry/NETREGISTRY]: Channel 'born_in_chaos_v1:born_in_chaos_v1' : Version test of '1' from client : ACCEPTED
[07Jan2026 22:04:11.818] [Netty Epoll Server IO #1/DEBUG] [net.minecraftforge.network.NetworkRegistry/NETREGISTRY]: Channel 'uniquedungeons:network' : Version test of '1.0' from client : ACCEPTED
[07Jan2026 22:04:11.818] [Netty Epoll Server IO #1/DEBUG] [net.minecraftforge.network.NetworkRegistry/NETREGISTRY]: Channel 'travelersbackpack:network' : Version test of 'travelersbackpack:1' from client : ACCEPTED
[07Jan2026 22:04:11.818] [Netty Epoll Server IO #1/DEBUG] [net.minecraftforge.network.NetworkRegistry/NETREGISTRY]: Channel 'modernfix:main' : Version test of '1' from client : ACCEPTED
[07Jan2026 22:04:11.818] [Netty Epoll Server IO #1/DEBUG] [net.minecraftforge.network.NetworkRegistry/NETREGISTRY]: Channel 'curios:main' : Version test of '1' from client : ACCEPTED
[07Jan2026 22:04:11.818] [Netty Epoll Server IO #1/DEBUG] [net.minecraftforge.network.NetworkRegistry/NETREGISTRY]: Channel 'minecraft:treechop-channel' : Version test of '7' from client : ACCEPTED
[07Jan2026 22:04:11.818] [Netty Epoll Server IO #1/DEBUG] [net.minecraftforge.network.NetworkRegistry/NETREGISTRY]: Channel 'tconstruct:network' : Version test of '2' from client : ACCEPTED
[07Jan2026 22:04:11.818] [Netty Epoll Server IO #1/DEBUG] [net.minecraftforge.network.NetworkRegistry/NETREGISTRY]: Channel 'balm:network' : Version test of '1.0' from client : ACCEPTED
[07Jan2026 22:04:11.818] [Netty Epoll Server IO #1/DEBUG] [net.minecraftforge.network.NetworkRegistry/NETREGISTRY]: Channel 'fml:loginwrapper' : Version test of 'FML3' from client : ACCEPTED
[07Jan2026 22:04:11.818] [Netty Epoll Server IO #1/DEBUG] [net.minecraftforge.network.NetworkRegistry/NETREGISTRY]: Channel 'morehitboxes:main' : Version test of '1' from client : ACCEPTED
[07Jan2026 22:04:11.818] [Netty Epoll Server IO #1/DEBUG] [net.minecraftforge.network.NetworkRegistry/NETREGISTRY]: Channel 'forge:tier_sorting' : Version test of '1.0' from client : ACCEPTED
[07Jan2026 22:04:11.818] [Netty Epoll Server IO #1/DEBUG] [net.minecraftforge.network.NetworkRegistry/NETREGISTRY]: Channel 'alexsmobs:main_channel' : Version test of '1' from client : ACCEPTED
[07Jan2026 22:04:11.818] [Netty Epoll Server IO #1/DEBUG] [net.minecraftforge.network.NetworkRegistry/NETREGISTRY]: Channel 'tombstone:tombstone_channel' : Version test of 'tombstone-9.0.9' from client : ACCEPTED
[07Jan2026 22:04:11.819] [Netty Epoll Server IO #1/DEBUG] [net.minecraftforge.network.NetworkRegistry/NETREGISTRY]: Channel 'playerrevive:main' : Version test of '1' from client : ACCEPTED
[07Jan2026 22:04:11.819] [Netty Epoll Server IO #1/DEBUG] [net.minecraftforge.network.NetworkRegistry/NETREGISTRY]: Channel 'fml:play' : Version test of 'FML3' from client : ACCEPTED
[07Jan2026 22:04:11.819] [Netty Epoll Server IO #1/DEBUG] [net.minecraftforge.network.NetworkRegistry/NETREGISTRY]: Channel 'creativecore:main' : Version test of '1' from client : ACCEPTED
[07Jan2026 22:04:11.819] [Netty Epoll Server IO #1/DEBUG] [net.minecraftforge.network.NetworkRegistry/NETREGISTRY]: Channel 'pickupnotifier:1' : Version test of '1' from client : ACCEPTED
[07Jan2026 22:04:11.819] [Netty Epoll Server IO #1/DEBUG] [net.minecraftforge.network.NetworkRegistry/NETREGISTRY]: Channel 'fml:handshake' : Version test of 'FML3' from client : ACCEPTED
[07Jan2026 22:04:11.819] [Netty Epoll Server IO #1/DEBUG] [net.minecraftforge.network.NetworkRegistry/NETREGISTRY]: Channel 'crafttweaker:main' : Version test of '1.0.0' from client : ACCEPTED
[07Jan2026 22:04:11.819] [Netty Epoll Server IO #1/DEBUG] [net.minecraftforge.network.NetworkRegistry/NETREGISTRY]: Channel 'xaeroworldmap:main' : Version test of '1.0' from client : ACCEPTED
[07Jan2026 22:04:11.819] [Netty Epoll Server IO #1/DEBUG] [net.minecraftforge.network.NetworkRegistry/NETREGISTRY]: Channel 'minecraft:register' : Version test of 'FML3' from client : ACCEPTED
[07Jan2026 22:04:11.819] [Netty Epoll Server IO #1/DEBUG] [net.minecraftforge.network.NetworkRegistry/NETREGISTRY]: Channel 'forge:split' : Version test of '1.1' from client : ACCEPTED
[07Jan2026 22:04:11.819] [Netty Epoll Server IO #1/DEBUG] [net.minecraftforge.network.NetworkRegistry/NETREGISTRY]: Channel 'twilightforest:channel' : Version test of '2' from client : ACCEPTED
[07Jan2026 22:04:11.819] [Netty Epoll Server IO #1/DEBUG] [net.minecraftforge.network.NetworkRegistry/NETREGISTRY]: Channel 'geckolib:main' : Version test of '1' from client : ACCEPTED
[07Jan2026 22:04:11.819] [Netty Epoll Server IO #1/DEBUG] [net.minecraftforge.network.NetworkRegistry/NETREGISTRY]: Channel 'graveyard:spawn_entity' : Version test of '1' from client : ACCEPTED
[07Jan2026 22:04:11.819] [Netty Epoll Server IO #1/DEBUG] [net.minecraftforge.network.NetworkRegistry/NETREGISTRY]: Channel 'waystones:network' : Version test of '1.0' from client : ACCEPTED
[07Jan2026 22:04:11.819] [Netty Epoll Server IO #1/DEBUG] [net.minecraftforge.network.NetworkRegistry/NETREGISTRY]: Channel 'jade:networking' : Version test of '2' from client : ACCEPTED
[07Jan2026 22:04:11.822] [Netty Epoll Server IO #1/DEBUG] [net.minecraftforge.network.NetworkRegistry/NETREGISTRY]: Accepting channel list from client
[07Jan2026 22:04:11.822] [Netty Epoll Server IO #1/DEBUG] [net.minecraftforge.network.HandshakeHandler/FMLHANDSHAKE]: Accepted client connection mod list
[07Jan2026 22:04:11.829] [Netty Epoll Server IO #1/DEBUG] [net.minecraftforge.network.LoginWrapper/FMLHANDSHAKE]: Recieved login wrapper packet event for channel fml:handshake with index 2
[07Jan2026 22:04:11.829] [Netty Epoll Server IO #1/DEBUG] [net.minecraftforge.network.HandshakeHandler/FMLHANDSHAKE]: Received client indexed reply 2 of type net.minecraftforge.network.HandshakeMessages$C2SAcknowledge
[07Jan2026 22:04:11.829] [Netty Epoll Server IO #1/DEBUG] [net.minecraftforge.network.HandshakeHandler/FMLHANDSHAKE]: Received acknowledgement from client
[07Jan2026 22:04:11.862] [Server thread/DEBUG] [net.minecraftforge.network.HandshakeHandler/FMLHANDSHAKE]: Sending ticking packet info 'Registry minecraft:villager_profession' to 'fml:handshake' sequence 6
[07Jan2026 22:04:11.893] [Server thread/DEBUG] [net.minecraftforge.network.HandshakeHandler/FMLHANDSHAKE]: Sending ticking packet info 'Registry twilightforest:tiny_bird_variant' to 'fml:handshake' sequence 7
[07Jan2026 22:04:11.945] [Netty Epoll Server IO #1/DEBUG] [net.minecraftforge.network.LoginWrapper/FMLHANDSHAKE]: Recieved login wrapper packet event for channel fml:handshake with index 3
[07Jan2026 22:04:11.945] [Netty Epoll Server IO #1/DEBUG] [net.minecraftforge.network.HandshakeHandler/FMLHANDSHAKE]: Received client indexed reply 3 of type net.minecraftforge.network.HandshakeMessages$C2SAcknowledge
[07Jan2026 22:04:11.945] [Netty Epoll Server IO #1/DEBUG] [net.minecraftforge.network.HandshakeHandler/FMLHANDSHAKE]: Received acknowledgement from client
[07Jan2026 22:04:11.951] [Server thread/DEBUG] [net.minecraftforge.network.HandshakeHandler/FMLHANDSHAKE]: Sending ticking packet info 'Registry minecraft:item' to 'fml:handshake' sequence 8
[07Jan2026 22:04:11.992] [Server thread/DEBUG] [net.minecraftforge.network.HandshakeHandler/FMLHANDSHAKE]: Sending ticking packet info 'Registry minecraft:potion' to 'fml:handshake' sequence 9
[07Jan2026 22:04:12.043] [Server thread/DEBUG] [net.minecraftforge.network.HandshakeHandler/FMLHANDSHAKE]: Sending ticking packet info 'Registry minecraft:painting_variant' to 'fml:handshake' sequence 10
[07Jan2026 22:04:12.093] [Server thread/DEBUG] [net.minecraftforge.network.HandshakeHandler/FMLHANDSHAKE]: Sending ticking packet info 'Registry forge:fluid_type' to 'fml:handshake' sequence 11
[07Jan2026 22:04:12.146] [Server thread/DEBUG] [net.minecraftforge.network.HandshakeHandler/FMLHANDSHAKE]: Sending ticking packet info 'Registry minecraft:block_entity_type' to 'fml:handshake' sequence 12
[07Jan2026 22:04:12.199] [Server thread/DEBUG] [net.minecraftforge.network.HandshakeHandler/FMLHANDSHAKE]: Sending ticking packet info 'Registry forge:display_contexts' to 'fml:handshake' sequence 13
[07Jan2026 22:04:12.256] [Server thread/DEBUG] [net.minecraftforge.network.HandshakeHandler/FMLHANDSHAKE]: Sending ticking packet info 'Registry minecraft:block' to 'fml:handshake' sequence 14
[07Jan2026 22:04:12.281] [Netty Epoll Server IO #1/DEBUG] [net.minecraftforge.network.LoginWrapper/FMLHANDSHAKE]: Recieved login wrapper packet event for channel fml:handshake with index 4
[07Jan2026 22:04:12.281] [Netty Epoll Server IO #1/DEBUG] [net.minecraftforge.network.HandshakeHandler/FMLHANDSHAKE]: Received client indexed reply 4 of type net.minecraftforge.network.HandshakeMessages$C2SAcknowledge
[07Jan2026 22:04:12.284] [Netty Epoll Server IO #1/DEBUG] [net.minecraftforge.network.HandshakeHandler/FMLHANDSHAKE]: Received acknowledgement from client
[07Jan2026 22:04:12.284] [Netty Epoll Server IO #1/DEBUG] [net.minecraftforge.network.LoginWrapper/FMLHANDSHAKE]: Recieved login wrapper packet event for channel fml:handshake with index 5
[07Jan2026 22:04:12.285] [Netty Epoll Server IO #1/DEBUG] [net.minecraftforge.network.HandshakeHandler/FMLHANDSHAKE]: Received client indexed reply 5 of type net.minecraftforge.network.HandshakeMessages$C2SAcknowledge
[07Jan2026 22:04:12.285] [Netty Epoll Server IO #1/DEBUG] [net.minecraftforge.network.HandshakeHandler/FMLHANDSHAKE]: Received acknowledgement from client
[07Jan2026 22:04:12.285] [Netty Epoll Server IO #1/DEBUG] [net.minecraftforge.network.LoginWrapper/FMLHANDSHAKE]: Recieved login wrapper packet event for channel fml:handshake with index 6
[07Jan2026 22:04:12.285] [Netty Epoll Server IO #1/DEBUG] [net.minecraftforge.network.HandshakeHandler/FMLHANDSHAKE]: Received client indexed reply 6 of type net.minecraftforge.network.HandshakeMessages$C2SAcknowledge
[07Jan2026 22:04:12.285] [Netty Epoll Server IO #1/DEBUG] [net.minecraftforge.network.HandshakeHandler/FMLHANDSHAKE]: Received acknowledgement from client
[07Jan2026 22:04:12.285] [Netty Epoll Server IO #1/DEBUG] [net.minecraftforge.network.LoginWrapper/FMLHANDSHAKE]: Recieved login wrapper packet event for channel fml:handshake with index 7
[07Jan2026 22:04:12.285] [Netty Epoll Server IO #1/DEBUG] [net.minecraftforge.network.HandshakeHandler/FMLHANDSHAKE]: Received client indexed reply 7 of type net.minecraftforge.network.HandshakeMessages$C2SAcknowledge
[07Jan2026 22:04:12.285] [Netty Epoll Server IO #1/DEBUG] [net.minecraftforge.network.HandshakeHandler/FMLHANDSHAKE]: Received acknowledgement from client
[07Jan2026 22:04:12.304] [Server thread/DEBUG] [net.minecraftforge.network.HandshakeHandler/FMLHANDSHAKE]: Sending ticking packet info 'Registry forge:entity_data_serializers' to 'fml:handshake' sequence 15
[07Jan2026 22:04:12.355] [Server thread/DEBUG] [net.minecraftforge.network.HandshakeHandler/FMLHANDSHAKE]: Sending ticking packet info 'Registry minecraft:mob_effect' to 'fml:handshake' sequence 16
[07Jan2026 22:04:12.394] [Server thread/DEBUG] [net.minecraftforge.network.HandshakeHandler/FMLHANDSHAKE]: Sending ticking packet info 'Registry minecraft:stat_type' to 'fml:handshake' sequence 17
[07Jan2026 22:04:12.443] [Server thread/DEBUG] [net.minecraftforge.network.HandshakeHandler/FMLHANDSHAKE]: Sending ticking packet info 'Registry twilightforest:enforcement' to 'fml:handshake' sequence 18
[07Jan2026 22:04:12.499] [Server thread/DEBUG] [net.minecraftforge.network.HandshakeHandler/FMLHANDSHAKE]: Sending ticking packet info 'Registry tombstone:perks' to 'fml:handshake' sequence 19
[07Jan2026 22:04:12.557] [Server thread/DEBUG] [net.minecraftforge.network.HandshakeHandler/FMLHANDSHAKE]: Sending ticking packet info 'Registry minecraft:menu' to 'fml:handshake' sequence 20
[07Jan2026 22:04:12.593] [Server thread/DEBUG] [net.minecraftforge.network.HandshakeHandler/FMLHANDSHAKE]: Sending ticking packet info 'Registry twilightforest:dwarf_rabbit_variant' to 'fml:handshake' sequence 21
[07Jan2026 22:04:12.645] [Server thread/DEBUG] [net.minecraftforge.network.HandshakeHandler/FMLHANDSHAKE]: Sending ticking packet info 'Registry minecraft:enchantment' to 'fml:handshake' sequence 22
[07Jan2026 22:04:12.680] [Netty Epoll Server IO #1/DEBUG] [net.minecraftforge.network.LoginWrapper/FMLHANDSHAKE]: Recieved login wrapper packet event for channel fml:handshake with index 8
[07Jan2026 22:04:12.680] [Netty Epoll Server IO #1/DEBUG] [net.minecraftforge.network.HandshakeHandler/FMLHANDSHAKE]: Received client indexed reply 8 of type net.minecraftforge.network.HandshakeMessages$C2SAcknowledge
[07Jan2026 22:04:12.680] [Netty Epoll Server IO #1/DEBUG] [net.minecraftforge.network.HandshakeHandler/FMLHANDSHAKE]: Received acknowledgement from client
[07Jan2026 22:04:12.680] [Netty Epoll Server IO #1/DEBUG] [net.minecraftforge.network.LoginWrapper/FMLHANDSHAKE]: Recieved login wrapper packet event for channel fml:handshake with index 9
[07Jan2026 22:04:12.680] [Netty Epoll Server IO #1/DEBUG] [net.minecraftforge.network.HandshakeHandler/FMLHANDSHAKE]: Received client indexed reply 9 of type net.minecraftforge.network.HandshakeMessages$C2SAcknowledge
[07Jan2026 22:04:12.680] [Netty Epoll Server IO #1/DEBUG] [net.minecraftforge.network.HandshakeHandler/FMLHANDSHAKE]: Received acknowledgement from client
[07Jan2026 22:04:12.680] [Netty Epoll Server IO #1/DEBUG] [net.minecraftforge.network.LoginWrapper/FMLHANDSHAKE]: Recieved login wrapper packet event for channel fml:handshake with index 10
[07Jan2026 22:04:12.680] [Netty Epoll Server IO #1/DEBUG] [net.minecraftforge.network.HandshakeHandler/FMLHANDSHAKE]: Received client indexed reply 10 of type net.minecraftforge.network.HandshakeMessages$C2SAcknowledge
[07Jan2026 22:04:12.680] [Netty Epoll Server IO #1/DEBUG] [net.minecraftforge.network.HandshakeHandler/FMLHANDSHAKE]: Received acknowledgement from client
[07Jan2026 22:04:12.696] [Server thread/DEBUG] [net.minecraftforge.network.HandshakeHandler/FMLHANDSHAKE]: Sending ticking packet info 'Registry minecraft:fluid' to 'fml:handshake' sequence 23
[07Jan2026 22:04:12.703] [Netty Epoll Server IO #1/DEBUG] [net.minecraftforge.network.LoginWrapper/FMLHANDSHAKE]: Recieved login wrapper packet event for channel fml:handshake with index 11
[07Jan2026 22:04:12.703] [Netty Epoll Server IO #1/DEBUG] [net.minecraftforge.network.HandshakeHandler/FMLHANDSHAKE]: Received client indexed reply 11 of type net.minecraftforge.network.HandshakeMessages$C2SAcknowledge
[07Jan2026 22:04:12.703] [Netty Epoll Server IO #1/DEBUG] [net.minecraftforge.network.HandshakeHandler/FMLHANDSHAKE]: Received acknowledgement from client
[07Jan2026 22:04:12.711] [Netty Epoll Server IO #1/DEBUG] [net.minecraftforge.network.LoginWrapper/FMLHANDSHAKE]: Recieved login wrapper packet event for channel fml:handshake with index 12
[07Jan2026 22:04:12.711] [Netty Epoll Server IO #1/DEBUG] [net.minecraftforge.network.HandshakeHandler/FMLHANDSHAKE]: Received client indexed reply 12 of type net.minecraftforge.network.HandshakeMessages$C2SAcknowledge
[07Jan2026 22:04:12.711] [Netty Epoll Server IO #1/DEBUG] [net.minecraftforge.network.HandshakeHandler/FMLHANDSHAKE]: Received acknowledgement from client
[07Jan2026 22:04:12.711] [Netty Epoll Server IO #1/DEBUG] [net.minecraftforge.network.LoginWrapper/FMLHANDSHAKE]: Recieved login wrapper packet event for channel fml:handshake with index 13
[07Jan2026 22:04:12.711] [Netty Epoll Server IO #1/DEBUG] [net.minecraftforge.network.HandshakeHandler/FMLHANDSHAKE]: Received client indexed reply 13 of type net.minecraftforge.network.HandshakeMessages$C2SAcknowledge
[07Jan2026 22:04:12.711] [Netty Epoll Server IO #1/DEBUG] [net.minecraftforge.network.HandshakeHandler/FMLHANDSHAKE]: Received acknowledgement from client
[07Jan2026 22:04:12.749] [Server thread/DEBUG] [net.minecraftforge.network.HandshakeHandler/FMLHANDSHAKE]: Sending ticking packet info 'Registry minecraft:entity_type' to 'fml:handshake' sequence 24
[07Jan2026 22:04:12.798] [Server thread/DEBUG] [net.minecraftforge.network.HandshakeHandler/FMLHANDSHAKE]: Sending ticking packet info 'Config securitycraft-server.toml' to 'fml:handshake' sequence 25
[07Jan2026 22:04:12.821] [Netty Epoll Server IO #1/DEBUG] [net.minecraftforge.network.LoginWrapper/FMLHANDSHAKE]: Recieved login wrapper packet event for channel fml:handshake with index 14
[07Jan2026 22:04:12.821] [Netty Epoll Server IO #1/DEBUG] [net.minecraftforge.network.HandshakeHandler/FMLHANDSHAKE]: Received client indexed reply 14 of type net.minecraftforge.network.HandshakeMessages$C2SAcknowledge
[07Jan2026 22:04:12.821] [Netty Epoll Server IO #1/DEBUG] [net.minecraftforge.network.HandshakeHandler/FMLHANDSHAKE]: Received acknowledgement from client
[07Jan2026 22:04:12.831] [Netty Epoll Server IO #1/DEBUG] [net.minecraftforge.network.LoginWrapper/FMLHANDSHAKE]: Recieved login wrapper packet event for channel fml:handshake with index 15
[07Jan2026 22:04:12.832] [Netty Epoll Server IO #1/DEBUG] [net.minecraftforge.network.HandshakeHandler/FMLHANDSHAKE]: Received client indexed reply 15 of type net.minecraftforge.network.HandshakeMessages$C2SAcknowledge
[07Jan2026 22:04:12.832] [Netty Epoll Server IO #1/DEBUG] [net.minecraftforge.network.HandshakeHandler/FMLHANDSHAKE]: Received acknowledgement from client
[07Jan2026 22:04:12.832] [Netty Epoll Server IO #1/DEBUG] [net.minecraftforge.network.LoginWrapper/FMLHANDSHAKE]: Recieved login wrapper packet event for channel fml:handshake with index 16
[07Jan2026 22:04:12.832] [Netty Epoll Server IO #1/DEBUG] [net.minecraftforge.network.HandshakeHandler/FMLHANDSHAKE]: Received client indexed reply 16 of type net.minecraftforge.network.HandshakeMessages$C2SAcknowledge
[07Jan2026 22:04:12.832] [Netty Epoll Server IO #1/DEBUG] [net.minecraftforge.network.HandshakeHandler/FMLHANDSHAKE]: Received acknowledgement from client
[07Jan2026 22:04:12.832] [Netty Epoll Server IO #1/DEBUG] [net.minecraftforge.network.LoginWrapper/FMLHANDSHAKE]: Recieved login wrapper packet event for channel fml:handshake with index 17
[07Jan2026 22:04:12.832] [Netty Epoll Server IO #1/DEBUG] [net.minecraftforge.network.HandshakeHandler/FMLHANDSHAKE]: Received client indexed reply 17 of type net.minecraftforge.network.HandshakeMessages$C2SAcknowledge
[07Jan2026 22:04:12.832] [Netty Epoll Server IO #1/DEBUG] [net.minecraftforge.network.HandshakeHandler/FMLHANDSHAKE]: Received acknowledgement from client
[07Jan2026 22:04:12.833] [Netty Epoll Server IO #1/DEBUG] [net.minecraftforge.network.LoginWrapper/FMLHANDSHAKE]: Recieved login wrapper packet event for channel fml:handshake with index 18
[07Jan2026 22:04:12.833] [Netty Epoll Server IO #1/DEBUG] [net.minecraftforge.network.HandshakeHandler/FMLHANDSHAKE]: Received client indexed reply 18 of type net.minecraftforge.network.HandshakeMessages$C2SAcknowledge
[07Jan2026 22:04:12.833] [Netty Epoll Server IO #1/DEBUG] [net.minecraftforge.network.HandshakeHandler/FMLHANDSHAKE]: Received acknowledgement from client
[07Jan2026 22:04:12.833] [Netty Epoll Server IO #1/DEBUG] [net.minecraftforge.network.LoginWrapper/FMLHANDSHAKE]: Recieved login wrapper packet event for channel fml:handshake with index 19
[07Jan2026 22:04:12.833] [Netty Epoll Server IO #1/DEBUG] [net.minecraftforge.network.HandshakeHandler/FMLHANDSHAKE]: Received client indexed reply 19 of type net.minecraftforge.network.HandshakeMessages$C2SAcknowledge
[07Jan2026 22:04:12.833] [Netty Epoll Server IO #1/DEBUG] [net.minecraftforge.network.HandshakeHandler/FMLHANDSHAKE]: Received acknowledgement from client
[07Jan2026 22:04:12.833] [Netty Epoll Server IO #1/DEBUG] [net.minecraftforge.network.LoginWrapper/FMLHANDSHAKE]: Recieved login wrapper packet event for channel fml:handshake with index 20
[07Jan2026 22:04:12.833] [Netty Epoll Server IO #1/DEBUG] [net.minecraftforge.network.HandshakeHandler/FMLHANDSHAKE]: Received client indexed reply 20 of type net.minecraftforge.network.HandshakeMessages$C2SAcknowledge
[07Jan2026 22:04:12.833] [Netty Epoll Server IO #1/DEBUG] [net.minecraftforge.network.HandshakeHandler/FMLHANDSHAKE]: Received acknowledgement from client
[07Jan2026 22:04:12.833] [Netty Epoll Server IO #1/DEBUG] [net.minecraftforge.network.LoginWrapper/FMLHANDSHAKE]: Recieved login wrapper packet event for channel fml:handshake with index 21
[07Jan2026 22:04:12.833] [Netty Epoll Server IO #1/DEBUG] [net.minecraftforge.network.HandshakeHandler/FMLHANDSHAKE]: Received client indexed reply 21 of type net.minecraftforge.network.HandshakeMessages$C2SAcknowledge
[07Jan2026 22:04:12.833] [Netty Epoll Server IO #1/DEBUG] [net.minecraftforge.network.HandshakeHandler/FMLHANDSHAKE]: Received acknowledgement from client
[07Jan2026 22:04:12.833] [Netty Epoll Server IO #1/DEBUG] [net.minecraftforge.network.LoginWrapper/FMLHANDSHAKE]: Recieved login wrapper packet event for channel fml:handshake with index 22
[07Jan2026 22:04:12.833] [Netty Epoll Server IO #1/DEBUG] [net.minecraftforge.network.HandshakeHandler/FMLHANDSHAKE]: Received client indexed reply 22 of type net.minecraftforge.network.HandshakeMessages$C2SAcknowledge
[07Jan2026 22:04:12.833] [Netty Epoll Server IO #1/DEBUG] [net.minecraftforge.network.HandshakeHandler/FMLHANDSHAKE]: Received acknowledgement from client
[07Jan2026 22:04:12.847] [Server thread/DEBUG] [net.minecraftforge.network.HandshakeHandler/FMLHANDSHAKE]: Sending ticking packet info 'Config curios-server.toml' to 'fml:handshake' sequence 26
[07Jan2026 22:04:12.874] [Netty Epoll Server IO #1/DEBUG] [net.minecraftforge.network.LoginWrapper/FMLHANDSHAKE]: Recieved login wrapper packet event for channel fml:handshake with index 23
[07Jan2026 22:04:12.875] [Netty Epoll Server IO #1/DEBUG] [net.minecraftforge.network.HandshakeHandler/FMLHANDSHAKE]: Received client indexed reply 23 of type net.minecraftforge.network.HandshakeMessages$C2SAcknowledge
[07Jan2026 22:04:12.875] [Netty Epoll Server IO #1/DEBUG] [net.minecraftforge.network.HandshakeHandler/FMLHANDSHAKE]: Received acknowledgement from client
[07Jan2026 22:04:12.896] [Server thread/DEBUG] [net.minecraftforge.network.HandshakeHandler/FMLHANDSHAKE]: Sending ticking packet info 'Config tombstone-server.toml' to 'fml:handshake' sequence 27
[07Jan2026 22:04:12.948] [Server thread/DEBUG] [net.minecraftforge.network.HandshakeHandler/FMLHANDSHAKE]: Sending ticking packet info 'Config travelersbackpack-server.toml' to 'fml:handshake' sequence 28
[07Jan2026 22:04:12.995] [Server thread/DEBUG] [net.minecraftforge.network.HandshakeHandler/FMLHANDSHAKE]: Sending ticking packet info 'Config reap-server.toml' to 'fml:handshake' sequence 29
[07Jan2026 22:04:13.048] [Server thread/DEBUG] [net.minecraftforge.network.HandshakeHandler/FMLHANDSHAKE]: Sending ticking packet info 'Config pickupnotifier/pickupnotifier-server.toml' to 'fml:handshake' sequence 30
[07Jan2026 22:04:13.063] [Netty Epoll Server IO #1/DEBUG] [net.minecraftforge.network.LoginWrapper/FMLHANDSHAKE]: Recieved login wrapper packet event for channel fml:handshake with index 24
[07Jan2026 22:04:13.063] [Netty Epoll Server IO #1/DEBUG] [net.minecraftforge.network.HandshakeHandler/FMLHANDSHAKE]: Received client indexed reply 24 of type net.minecraftforge.network.HandshakeMessages$C2SAcknowledge
[07Jan2026 22:04:13.063] [Netty Epoll Server IO #1/DEBUG] [net.minecraftforge.network.HandshakeHandler/FMLHANDSHAKE]: Received acknowledgement from client
[07Jan2026 22:04:13.074] [Netty Epoll Server IO #1/DEBUG] [net.minecraftforge.network.LoginWrapper/FMLHANDSHAKE]: Recieved login wrapper packet event for channel fml:handshake with index 25
[07Jan2026 22:04:13.074] [Netty Epoll Server IO #1/DEBUG] [net.minecraftforge.network.HandshakeHandler/FMLHANDSHAKE]: Received client indexed reply 25 of type net.minecraftforge.network.HandshakeMessages$C2SAcknowledge
[07Jan2026 22:04:13.074] [Netty Epoll Server IO #1/DEBUG] [net.minecraftforge.network.HandshakeHandler/FMLHANDSHAKE]: Received acknowledgement from client
[07Jan2026 22:04:13.074] [Netty Epoll Server IO #1/DEBUG] [net.minecraftforge.network.LoginWrapper/FMLHANDSHAKE]: Recieved login wrapper packet event for channel fml:handshake with index 26
[07Jan2026 22:04:13.075] [Netty Epoll Server IO #1/DEBUG] [net.minecraftforge.network.HandshakeHandler/FMLHANDSHAKE]: Received client indexed reply 26 of type net.minecraftforge.network.HandshakeMessages$C2SAcknowledge
[07Jan2026 22:04:13.075] [Netty Epoll Server IO #1/DEBUG] [net.minecraftforge.network.HandshakeHandler/FMLHANDSHAKE]: Received acknowledgement from client
[07Jan2026 22:04:13.075] [Netty Epoll Server IO #1/DEBUG] [net.minecraftforge.network.LoginWrapper/FMLHANDSHAKE]: Recieved login wrapper packet event for channel fml:handshake with index 27
[07Jan2026 22:04:13.075] [Netty Epoll Server IO #1/DEBUG] [net.minecraftforge.network.HandshakeHandler/FMLHANDSHAKE]: Received client indexed reply 27 of type net.minecraftforge.network.HandshakeMessages$C2SAcknowledge
[07Jan2026 22:04:13.075] [Netty Epoll Server IO #1/DEBUG] [net.minecraftforge.network.HandshakeHandler/FMLHANDSHAKE]: Received acknowledgement from client
[07Jan2026 22:04:13.096] [Server thread/DEBUG] [net.minecraftforge.network.HandshakeHandler/FMLHANDSHAKE]: Sending ticking packet info 'Config mantle-server.toml' to 'fml:handshake' sequence 31
[07Jan2026 22:04:13.149] [Server thread/DEBUG] [net.minecraftforge.network.HandshakeHandler/FMLHANDSHAKE]: Sending ticking packet info 'Config moblassos-server.toml' to 'fml:handshake' sequence 32
[07Jan2026 22:04:13.154] [Netty Epoll Server IO #1/DEBUG] [net.minecraftforge.network.LoginWrapper/FMLHANDSHAKE]: Recieved login wrapper packet event for channel fml:handshake with index 28
[07Jan2026 22:04:13.154] [Netty Epoll Server IO #1/DEBUG] [net.minecraftforge.network.HandshakeHandler/FMLHANDSHAKE]: Received client indexed reply 28 of type net.minecraftforge.network.HandshakeMessages$C2SAcknowledge
[07Jan2026 22:04:13.154] [Netty Epoll Server IO #1/DEBUG] [net.minecraftforge.network.HandshakeHandler/FMLHANDSHAKE]: Received acknowledgement from client
[07Jan2026 22:04:13.167] [Netty Epoll Server IO #1/DEBUG] [net.minecraftforge.network.LoginWrapper/FMLHANDSHAKE]: Recieved login wrapper packet event for channel fml:handshake with index 29
[07Jan2026 22:04:13.167] [Netty Epoll Server IO #1/DEBUG] [net.minecraftforge.network.HandshakeHandler/FMLHANDSHAKE]: Received client indexed reply 29 of type net.minecraftforge.network.HandshakeMessages$C2SAcknowledge
[07Jan2026 22:04:13.167] [Netty Epoll Server IO #1/DEBUG] [net.minecraftforge.network.HandshakeHandler/FMLHANDSHAKE]: Received acknowledgement from client
[07Jan2026 22:04:13.212] [Server thread/DEBUG] [net.minecraftforge.network.HandshakeHandler/FMLHANDSHAKE]: Sending ticking packet info 'Config jei-server.toml' to 'fml:handshake' sequence 33
[07Jan2026 22:04:13.221] [Netty Epoll Server IO #1/DEBUG] [net.minecraftforge.network.LoginWrapper/FMLHANDSHAKE]: Recieved login wrapper packet event for channel fml:handshake with index 30
[07Jan2026 22:04:13.222] [Netty Epoll Server IO #1/DEBUG] [net.minecraftforge.network.HandshakeHandler/FMLHANDSHAKE]: Received client indexed reply 30 of type net.minecraftforge.network.HandshakeMessages$C2SAcknowledge
[07Jan2026 22:04:13.222] [Netty Epoll Server IO #1/DEBUG] [net.minecraftforge.network.HandshakeHandler/FMLHANDSHAKE]: Received acknowledgement from client
[07Jan2026 22:04:13.246] [Server thread/DEBUG] [net.minecraftforge.network.HandshakeHandler/FMLHANDSHAKE]: Sending ticking packet info 'Config forge-server.toml' to 'fml:handshake' sequence 34
[07Jan2026 22:04:13.272] [Netty Epoll Server IO #1/DEBUG] [net.minecraftforge.network.LoginWrapper/FMLHANDSHAKE]: Recieved login wrapper packet event for channel fml:handshake with index 31
[07Jan2026 22:04:13.272] [Netty Epoll Server IO #1/DEBUG] [net.minecraftforge.network.HandshakeHandler/FMLHANDSHAKE]: Received client indexed reply 31 of type net.minecraftforge.network.HandshakeMessages$C2SAcknowledge
[07Jan2026 22:04:13.272] [Netty Epoll Server IO #1/DEBUG] [net.minecraftforge.network.HandshakeHandler/FMLHANDSHAKE]: Received acknowledgement from client
[07Jan2026 22:04:13.333] [Netty Epoll Server IO #1/DEBUG] [net.minecraftforge.network.LoginWrapper/FMLHANDSHAKE]: Recieved login wrapper packet event for channel fml:handshake with index 32
[07Jan2026 22:04:13.333] [Netty Epoll Server IO #1/DEBUG] [net.minecraftforge.network.HandshakeHandler/FMLHANDSHAKE]: Received client indexed reply 32 of type net.minecraftforge.network.HandshakeMessages$C2SAcknowledge
[07Jan2026 22:04:13.334] [Netty Epoll Server IO #1/DEBUG] [net.minecraftforge.network.HandshakeHandler/FMLHANDSHAKE]: Received acknowledgement from client
[07Jan2026 22:04:13.400] [Netty Epoll Server IO #1/DEBUG] [net.minecraftforge.network.LoginWrapper/FMLHANDSHAKE]: Recieved login wrapper packet event for channel fml:handshake with index 33
[07Jan2026 22:04:13.401] [Netty Epoll Server IO #1/DEBUG] [net.minecraftforge.network.HandshakeHandler/FMLHANDSHAKE]: Received client indexed reply 33 of type net.minecraftforge.network.HandshakeMessages$C2SAcknowledge
[07Jan2026 22:04:13.401] [Netty Epoll Server IO #1/DEBUG] [net.minecraftforge.network.HandshakeHandler/FMLHANDSHAKE]: Received acknowledgement from client
[07Jan2026 22:04:13.412] [Netty Epoll Server IO #1/DEBUG] [net.minecraftforge.network.LoginWrapper/FMLHANDSHAKE]: Recieved login wrapper packet event for channel fml:handshake with index 34
[07Jan2026 22:04:13.412] [Netty Epoll Server IO #1/DEBUG] [net.minecraftforge.network.HandshakeHandler/FMLHANDSHAKE]: Received client indexed reply 34 of type net.minecraftforge.network.HandshakeMessages$C2SAcknowledge
[07Jan2026 22:04:13.412] [Netty Epoll Server IO #1/DEBUG] [net.minecraftforge.network.HandshakeHandler/FMLHANDSHAKE]: Received acknowledgement from client
[07Jan2026 22:04:13.448] [Server thread/DEBUG] [net.minecraftforge.network.HandshakeHandler/FMLHANDSHAKE]: Handshake complete!
[07Jan2026 22:04:13.510] [Server thread/INFO] [net.minecraft.server.players.PlayerList/]: Elviolaso[/127.34.186.132:58473] logged in with entity id 31898 at (145.1127158933977, 117.0, -337.92042195795636)
[07Jan2026 22:04:13.511] [Server thread/DEBUG] [net.minecraftforge.network.filters.NetworkFilters/]: Injected net.minecraftforge.network.filters.ForgeConnectionNetworkFilter@790d1c15 into net.minecraft.network.Connection@2d0db8
[07Jan2026 22:04:13.511] [Server thread/DEBUG] [ModernFix/]: Sending ID correction packet to client with 362 classes
[07Jan2026 22:04:13.529] [Server thread/INFO] [net.minecraft.server.MinecraftServer/]: Elviolaso joined the game
[07Jan2026 22:04:13.556] [Server thread/INFO] [Jade/]: Syncing config to Elviolaso (e8ddc511-80e7-36f7-8708-d52b5c8ccd49)
[07Jan2026 22:04:37.252] [Server thread/INFO] [net.minecraft.server.MinecraftServer/]: AlbertoFdez has made the advancement [Flexible Schedule]
[07Jan2026 22:05:18.899] [Server thread/WARN] [net.minecraft.server.network.ServerGamePacketListenerImpl/]: Boat (vehicle of UnderErre) moved wrongly! 0.2847367821384523
[07Jan2026 22:05:18.959] [Server thread/WARN] [net.minecraft.server.network.ServerGamePacketListenerImpl/]: Boat (vehicle of UnderErre) moved wrongly! 0.4061245632999544
[07Jan2026 22:05:19.004] [Server thread/WARN] [net.minecraft.server.network.ServerGamePacketListenerImpl/]: Boat (vehicle of UnderErre) moved wrongly! 0.42452082527256607
[07Jan2026 22:05:53.971] [Server thread/DEBUG] [ModernFix/]: Using cached upgraded version of graveyard:crypt/corridor_pool/end_05
[07Jan2026 22:05:53.974] [Server thread/DEBUG] [ModernFix/]: Using cached upgraded version of graveyard:crypt/corridor_pool/room_01
[07Jan2026 22:05:53.976] [Server thread/DEBUG] [ModernFix/]: Using cached upgraded version of graveyard:crypt/corridor_pool/corridor_12
[07Jan2026 22:05:53.977] [Server thread/DEBUG] [ModernFix/]: Using cached upgraded version of graveyard:crypt/corridor_pool/corridor_06
[07Jan2026 22:05:53.979] [Server thread/DEBUG] [ModernFix/]: Using cached upgraded version of graveyard:crypt/corridor_pool/corridor_02
[07Jan2026 22:09:02.705] [Server thread/DEBUG] [net.minecraftforge.common.ForgeHooks/WP]: Gathering id map for writing to world save world
[07Jan2026 22:09:02.717] [Server thread/DEBUG] [net.minecraftforge.common.ForgeHooks/WP]: ID Map collection complete world
