[07Jan2026 20:58:30.216] [main/INFO] [cpw.mods.modlauncher.Launcher/MODLAUNCHER]: ModLauncher running: args [--launchTarget, forgeserver, --fml.forgeVersion, 47.3.7, --fml.mcVersion, 1.20.1, --fml.forgeGroup, net.minecraftforge, --fml.mcpVersion, 20230612.114412, nogui]
[07Jan2026 20:58:30.220] [main/INFO] [cpw.mods.modlauncher.Launcher/MODLAUNCHER]: ModLauncher 10.0.9+10.0.9+main.dcd20f30 starting: java version 17.0.17 by Ubuntu; OS Linux arch amd64 version 6.8.0-1030-azure
[07Jan2026 20:58:31.795] [main/INFO] [net.minecraftforge.fml.loading.ImmediateWindowHandler/]: ImmediateWindowProvider not loading because launch target is forgeserver
[07Jan2026 20:58:31.852] [main/INFO] [mixin/]: SpongePowered MIXIN Subsystem Version=0.8.5 Source=union:/workspaces/Servy/servidor_minecraft/libraries/org/spongepowered/mixin/0.8.5/mixin-0.8.5.jar%2363!/ Service=ModLauncher Env=SERVER
[07Jan2026 20:58:32.173] [main/WARN] [net.minecraftforge.fml.loading.moddiscovery.ModFileParser/LOADING]: Mod file /workspaces/Servy/servidor_minecraft/libraries/net/minecraftforge/fmlcore/1.20.1-47.3.7/fmlcore-1.20.1-47.3.7.jar is missing mods.toml file
[07Jan2026 20:58:32.174] [main/WARN] [net.minecraftforge.fml.loading.moddiscovery.ModFileParser/LOADING]: Mod file /workspaces/Servy/servidor_minecraft/libraries/net/minecraftforge/javafmllanguage/1.20.1-47.3.7/javafmllanguage-1.20.1-47.3.7.jar is missing mods.toml file
[07Jan2026 20:58:32.175] [main/WARN] [net.minecraftforge.fml.loading.moddiscovery.ModFileParser/LOADING]: Mod file /workspaces/Servy/servidor_minecraft/libraries/net/minecraftforge/lowcodelanguage/1.20.1-47.3.7/lowcodelanguage-1.20.1-47.3.7.jar is missing mods.toml file
[07Jan2026 20:58:32.175] [main/WARN] [net.minecraftforge.fml.loading.moddiscovery.ModFileParser/LOADING]: Mod file /workspaces/Servy/servidor_minecraft/libraries/net/minecraftforge/mclanguage/1.20.1-47.3.7/mclanguage-1.20.1-47.3.7.jar is missing mods.toml file
[07Jan2026 20:58:32.421] [main/INFO] [net.minecraftforge.fml.loading.moddiscovery.JarInJarDependencyLocator/]: Found 9 dependencies adding them to mods collection
[07Jan2026 20:58:35.363] [main/INFO] [mixin/]: Compatibility level set to JAVA_17
[07Jan2026 20:58:35.527] [main/INFO] [mixin/]: Successfully loaded Mixin Connector [org.tlauncher.MixinConnector]
[07Jan2026 20:58:35.530] [main/INFO] [cpw.mods.modlauncher.LaunchServiceHandler/MODLAUNCHER]: Launching target 'forgeserver' with arguments [nogui]
[07Jan2026 20:58:35.547] [main/WARN] [mixin/]: Reference map 'graveyard-FORGE-forge-refmap.json' for graveyard-forge.mixins.json could not be read. If this is a development environment you can ignore this message
[07Jan2026 20:58:35.646] [main/INFO] [ModernFix/]: Loaded configuration file for ModernFix 5.25.1+mc1.20.1: 98 options available, 1 override(s) found
[07Jan2026 20:58:35.647] [main/WARN] [ModernFix/]: Option 'mixin.perf.smart_ingredient_sync' overriden (by mods [crafttweaker]) to 'false'
[07Jan2026 20:58:35.648] [main/INFO] [ModernFix/]: Applying Nashorn fix
[07Jan2026 20:58:35.670] [main/INFO] [ModernFix/]: Applied Forge config corruption patch
[07Jan2026 20:58:35.768] [main/WARN] [mixin/]: Reference map 'puzzlesaccessapi.common.refmap.json' for puzzlesaccessapi.common.mixins.json could not be read. If this is a development environment you can ignore this message
[07Jan2026 20:58:35.775] [main/INFO] [Embeddium/]: Loaded configuration file for Embeddium: 101 options available, 0 override(s) found
[07Jan2026 20:58:35.790] [main/WARN] [mixin/]: Reference map 'tbsfbsp.refmap.json' for tbsfbsp.mixin.json could not be read. If this is a development environment you can ignore this message
[07Jan2026 20:58:35.859] [main/INFO] [Puzzles Lib/]: Loading 56 mods:
	- alexsmobs 1.22.9
	- architectury 9.2.14
	- artifacts 9.5.16
		\-- expandability 9.0.4
	- balm 7.3.37
		\-- kuma_api 20.1.12
	- beautifiedchatserver 2.7
	- betterpingdisplay 1.1
	- born_in_chaos_v1 1.7.3
	- borninconfiguration 3.1.2
		\-- mixinextras 0.5.0-beta.5
	- chunky 1.3.146
	- citadel 2.6.2
	- cloth_config 11.1.136
	- clumps 12.0.0.4
	- collective 8.13
	- crafttweaker 14.0.59
	- creativecore 2.12.32
	- curios 5.14.1+1.20.1
	- embeddium 0.3.31+mc1.20.1
		\-- rubidium 0.7.1
	- ferritecore 6.0.1
	- forge 47.3.7
	- fossil 9.3.0.2
	- geckolib 4.8.2
	- graveyard 3.1
	- interaction_boxes 0.693
	- jade 11.13.2+forge
	- jei 15.20.0.112
	- kotlinforforge 4.11.0
	- mantle 1.11.79
	- minecraft 1.20.1
	- moblassos 8.0.1
	- modernfix 5.25.1+mc1.20.1
	- morehitboxes 1.9.2
	- mousetweaks 2.25.1
	- observable 4.4.1
	- pickupnotifier 8.0.0
	- playerrevive 2.0.31
	- puzzleslib 8.1.33
		\-- puzzlesaccessapi 20.1.1
	- reap 1.20.1-1.0.2
	- securitycraft 1.10.1
	- spark 1.10.53
	- tbsfbsp 0.74
	- tconstruct 3.10.2.92
	- terrablender 3.0.1.10
	- tlskincape 1.38
	- tombstone 9.0.9
	- travelersbackpack 9.1.46
	- treechop 0.19.0
	- twilightforest 4.3.2508
	- uniquedungeons 0.70.5
	- uppers 1.0.1
	- waystones 14.1.17
	- xaerominimap 25.2.10
	- xaeroworldmap 1.39.12
[07Jan2026 20:58:35.869] [main/WARN] [mixin/]: Reference map 'moblassos.refmap.json' for moblassos.common.mixins.json could not be read. If this is a development environment you can ignore this message
[07Jan2026 20:58:37.237] [main/WARN] [mixin/]: Error loading class: tschipp/carryon/common/carry/PickupHandler (java.lang.ClassNotFoundException: tschipp.carryon.common.carry.PickupHandler)
[07Jan2026 20:58:37.239] [main/WARN] [mixin/]: @Mixin target tschipp.carryon.common.carry.PickupHandler was not found fossil_forge.mixins.json:PickupHandlerMixin
[07Jan2026 20:58:37.344] [main/ERROR] [net.minecraftforge.fml.loading.RuntimeDistCleaner/DISTXFORM]: Attempted to load class net/minecraft/client/player/AbstractClientPlayer for invalid dist DEDICATED_SERVER
[07Jan2026 20:58:37.345] [main/WARN] [mixin/]: Error loading class: net/minecraft/client/player/AbstractClientPlayer (java.lang.RuntimeException: Attempted to load class net/minecraft/client/player/AbstractClientPlayer for invalid dist DEDICATED_SERVER)
[07Jan2026 20:58:37.345] [main/WARN] [mixin/]: @Mixin target net.minecraft.client.player.AbstractClientPlayer was not found tlskincape-mixins.json:MixinAbstractPlayer
[07Jan2026 20:58:37.347] [main/ERROR] [net.minecraftforge.fml.loading.RuntimeDistCleaner/DISTXFORM]: Attempted to load class net/minecraft/client/gui/screens/TitleScreen for invalid dist DEDICATED_SERVER
[07Jan2026 20:58:37.347] [main/WARN] [mixin/]: Error loading class: net/minecraft/client/gui/screens/TitleScreen (java.lang.RuntimeException: Attempted to load class net/minecraft/client/gui/screens/TitleScreen for invalid dist DEDICATED_SERVER)
[07Jan2026 20:58:37.347] [main/WARN] [mixin/]: @Mixin target net.minecraft.client.gui.screens.TitleScreen was not found tlskincape-mixins.json:MixinMainMenu
[07Jan2026 20:58:37.349] [main/WARN] [mixin/]: Error loading class: net/minecraft/client/model/PlayerModel (java.lang.ClassNotFoundException: net.minecraft.client.model.PlayerModel)
[07Jan2026 20:58:37.349] [main/WARN] [mixin/]: @Mixin target net.minecraft.client.model.PlayerModel was not found tlskincape-mixins.json:MixinPlayerModel
[07Jan2026 20:58:37.541] [main/INFO] [MixinExtras|Service/]: Initializing MixinExtras via com.llamalad7.mixinextras.service.MixinExtrasServiceImpl(version=0.5.0-beta.5).
[07Jan2026 20:58:37.913] [main/WARN] [net.minecraft.SystemReport/]: Failed retrieving info for group hardware
java.lang.NoClassDefFoundError: com/sun/jna/Platform
	at oshi.SystemInfo.<clinit>(SystemInfo.java:60) ~[oshi-core-6.2.2.jar%2369!/:6.2.2]
	at net.minecraft.SystemReport.m_143564_(SystemReport.java:52) ~[server-1.20.1-20230612.114412-srg.jar%23199!/:?]
	at net.minecraft.SystemReport.m_143516_(SystemReport.java:82) ~[server-1.20.1-20230612.114412-srg.jar%23199!/:?]
	at net.minecraft.SystemReport.<init>(SystemReport.java:52) ~[server-1.20.1-20230612.114412-srg.jar%23199!/:?]
	at net.minecraft.CrashReport.<init>(CrashReport.java:31) ~[server-1.20.1-20230612.114412-srg.jar%23199!/:?]
	at net.minecraft.CrashReport.m_127529_(CrashReport.java:216) ~[server-1.20.1-20230612.114412-srg.jar%23199!/:?]
	at net.minecraft.server.Main.main(Main.java:116) ~[server-1.20.1-20230612.114412-srg.jar%23199!/:?]
	at jdk.internal.reflect.NativeMethodAccessorImpl.invoke0(Native Method) ~[?:?]
	at jdk.internal.reflect.NativeMethodAccessorImpl.invoke(NativeMethodAccessorImpl.java:77) ~[?:?]
	at jdk.internal.reflect.DelegatingMethodAccessorImpl.invoke(DelegatingMethodAccessorImpl.java:43) ~[?:?]
	at java.lang.reflect.Method.invoke(Method.java:569) ~[?:?]
	at net.minecraftforge.fml.loading.targets.CommonLaunchHandler.runTarget(CommonLaunchHandler.java:111) ~[fmlloader-1.20.1-47.3.7.jar%2367!/:?]
	at net.minecraftforge.fml.loading.targets.CommonLaunchHandler.serverService(CommonLaunchHandler.java:103) ~[fmlloader-1.20.1-47.3.7.jar%2367!/:?]
	at net.minecraftforge.fml.loading.targets.CommonServerLaunchHandler.lambda$makeService$0(CommonServerLaunchHandler.java:27) ~[fmlloader-1.20.1-47.3.7.jar%2367!/:?]
	at cpw.mods.modlauncher.LaunchServiceHandlerDecorator.launch(LaunchServiceHandlerDecorator.java:30) ~[modlauncher-10.0.9.jar%2353!/:?]
	at cpw.mods.modlauncher.LaunchServiceHandler.launch(LaunchServiceHandler.java:53) ~[modlauncher-10.0.9.jar%2353!/:?]
	at cpw.mods.modlauncher.LaunchServiceHandler.launch(LaunchServiceHandler.java:71) ~[modlauncher-10.0.9.jar%2353!/:?]
	at cpw.mods.modlauncher.Launcher.run(Launcher.java:108) ~[modlauncher-10.0.9.jar%2353!/:?]
	at cpw.mods.modlauncher.Launcher.main(Launcher.java:78) ~[modlauncher-10.0.9.jar%2353!/:?]
	at cpw.mods.modlauncher.BootstrapLaunchConsumer.accept(BootstrapLaunchConsumer.java:26) ~[modlauncher-10.0.9.jar%2353!/:?]
	at cpw.mods.modlauncher.BootstrapLaunchConsumer.accept(BootstrapLaunchConsumer.java:23) ~[modlauncher-10.0.9.jar%2353!/:?]
	at cpw.mods.bootstraplauncher.BootstrapLauncher.main(BootstrapLauncher.java:141) ~[bootstraplauncher-1.1.2.jar:?]
Caused by: java.lang.ClassNotFoundException: com.sun.jna.Platform
	at jdk.internal.loader.BuiltinClassLoader.loadClass(BuiltinClassLoader.java:641) ~[?:?]
	at java.lang.ClassLoader.loadClass(ClassLoader.java:525) ~[?:?]
	at cpw.mods.cl.ModuleClassLoader.loadClass(ModuleClassLoader.java:137) ~[securejarhandler-2.1.10.jar:?]
	at java.lang.ClassLoader.loadClass(ClassLoader.java:525) ~[?:?]
	... 22 more
[07Jan2026 20:58:38.001] [main/INFO] [net.minecraft.server.Bootstrap/]: ModernFix reached bootstrap stage (10.39 s after launch)
[07Jan2026 20:58:38.294] [main/WARN] [mixin/]: @Final field delegatesByName:Ljava/util/Map; in modernfix-forge.mixins.json:perf.forge_registry_alloc.ForgeRegistryMixin should be final
[07Jan2026 20:58:38.295] [main/WARN] [mixin/]: @Final field delegatesByValue:Ljava/util/Map; in modernfix-forge.mixins.json:perf.forge_registry_alloc.ForgeRegistryMixin should be final
[07Jan2026 20:58:40.182] [main/INFO] [net.minecraft.server.Bootstrap/]: Vanilla bootstrap took 2178 milliseconds
[07Jan2026 20:58:43.088] [main/WARN] [mixin/]: Static binding violation: PRIVATE @Overwrite method m_47505_ in modernfix-common.mixins.json:perf.remove_biome_temperature_cache.BiomeMixin cannot reduce visibiliy of PUBLIC target method, visibility will be upgraded.
[07Jan2026 20:58:43.903] [modloading-worker-0/INFO] [graveyard/]: Registered JSON trade offer adapter.
[07Jan2026 20:58:43.968] [modloading-worker-0/INFO] [STDOUT/]: [com.tiviacz.travelersbackpack.TravelersBackpack:readOldCommonConfig:180]: curiosIntegration not found in the [common.backpackSettings] section.
[07Jan2026 20:58:44.008] [modloading-worker-0/INFO] [Puzzles Lib/]: Constructing common components for pickupnotifier:main
[07Jan2026 20:58:44.055] [modloading-worker-0/INFO] [dev.architectury.networking.forge.NetworkManagerImpl/]: Registering C2S receiver with id architectury:sync_ids
[07Jan2026 20:58:44.056] [modloading-worker-0/INFO] [dev.architectury.networking.forge.NetworkManagerImpl/]: Registering C2S receiver with id artifacts:networking_channel/42a7ad70b1cc371599a0eff744096b8a
[07Jan2026 20:58:44.061] [modloading-worker-0/INFO] [dev.architectury.networking.forge.NetworkManagerImpl/]: Registering C2S receiver with id artifacts:networking_channel/74a5e841822a3a87854ae896a33430d6
[07Jan2026 20:58:44.062] [modloading-worker-0/INFO] [dev.architectury.networking.forge.NetworkManagerImpl/]: Registering C2S receiver with id artifacts:networking_channel/eb3d1e2748533430848cadf0f37c7e9c
[07Jan2026 20:58:44.064] [modloading-worker-0/INFO] [dev.architectury.networking.forge.NetworkManagerImpl/]: Registering C2S receiver with id artifacts:networking_channel/91c8520f19f93b3e8b6a727568e194ab
[07Jan2026 20:58:44.065] [modloading-worker-0/INFO] [dev.architectury.networking.forge.NetworkManagerImpl/]: Registering C2S receiver with id artifacts:networking_channel/8c2784d778293fd482ed84b8aa5fedb9
[07Jan2026 20:58:44.067] [modloading-worker-0/INFO] [dev.architectury.networking.forge.NetworkManagerImpl/]: Registering C2S receiver with id artifacts:networking_channel/ea038224ea783d40b2863f52239e2604
[07Jan2026 20:58:44.069] [modloading-worker-0/INFO] [dev.architectury.networking.forge.NetworkManagerImpl/]: Registering C2S receiver with id artifacts:networking_channel/97ad64b7ecaf33209991c4f031501a58
[07Jan2026 20:58:44.157] [modloading-worker-0/INFO] [net.minecraftforge.common.ForgeMod/FORGEMOD]: Forge mod loading, version 47.3.7, for MC 1.20.1 with MCP 20230612.114412
[07Jan2026 20:58:44.158] [modloading-worker-0/INFO] [net.minecraftforge.common.MinecraftForge/FORGE]: MinecraftForge v47.3.7 Initialized
[07Jan2026 20:58:44.524] [modloading-worker-0/INFO] [STDOUT/]: [yalter.mousetweaks.Logger:Log:6]: [Mouse Tweaks] Disabled because not running on the client.
[07Jan2026 20:58:45.399] [modloading-worker-0/INFO] [Collective/]: Loading Collective version 8.13.
[07Jan2026 20:58:45.769] [modloading-worker-0/INFO] [Puzzles Lib/]: Constructing common components for puzzleslib:main
[07Jan2026 20:58:45.784] [modloading-worker-0/INFO] [thedarkcolour.kotlinforforge.test.KotlinForForge/]: Kotlin For Forge Enabled!
[07Jan2026 20:58:45.823] [modloading-worker-0/INFO] [ObservableNet/]: Registering class observable.net.BetterChannel$PartialPacketBegin
[07Jan2026 20:58:45.839] [modloading-worker-0/INFO] [be.florens.expandability.ExpandAbility/]: ExpandAbility here, who dis?
[07Jan2026 20:58:45.853] [modloading-worker-0/INFO] [Puzzles Lib/]: Constructing common components for moblassos:main
[07Jan2026 20:58:45.881] [modloading-worker-0/INFO] [dev.architectury.networking.forge.NetworkManagerImpl/]: Registering C2S receiver with id minecraft:channel/observable/61a49a35c5283c0aaa7b0dfea5b7a53a
[07Jan2026 20:58:45.881] [modloading-worker-0/INFO] [ObservableNet/]: Registered class observable.net.BetterChannel$PartialPacketBegin
[07Jan2026 20:58:45.882] [modloading-worker-0/INFO] [ObservableNet/]: Registering class observable.net.BetterChannel$PartialPacketData
[07Jan2026 20:58:45.897] [modloading-worker-0/INFO] [dev.architectury.networking.forge.NetworkManagerImpl/]: Registering C2S receiver with id minecraft:channel/observable/3dd73fd88be832559bc3a3c4a2e63b4a
[07Jan2026 20:58:45.899] [modloading-worker-0/INFO] [ObservableNet/]: Registered class observable.net.BetterChannel$PartialPacketData
[07Jan2026 20:58:45.911] [modloading-worker-0/INFO] [ObservableNet/]: Registering class observable.net.C2SPacket$InitTPSProfile
[07Jan2026 20:58:45.920] [modloading-worker-0/INFO] [dev.architectury.networking.forge.NetworkManagerImpl/]: Registering C2S receiver with id minecraft:channel/observable/b453c08f23b83b82b690c31bf8b2a45a
[07Jan2026 20:58:45.921] [modloading-worker-0/INFO] [ObservableNet/]: Registered class observable.net.C2SPacket$InitTPSProfile
[07Jan2026 20:58:45.922] [modloading-worker-0/INFO] [ObservableNet/]: Registering class observable.net.C2SPacket$RequestAvailability
[07Jan2026 20:58:45.927] [modloading-worker-0/INFO] [dev.architectury.networking.forge.NetworkManagerImpl/]: Registering C2S receiver with id minecraft:channel/observable/0c662822629034678f5a8f0e70375315
[07Jan2026 20:58:45.927] [modloading-worker-0/INFO] [ObservableNet/]: Registered class observable.net.C2SPacket$RequestAvailability
[07Jan2026 20:58:45.928] [modloading-worker-0/INFO] [ObservableNet/]: Registering class observable.net.S2CPacket$ProfilingStarted
[07Jan2026 20:58:45.938] [modloading-worker-0/INFO] [dev.architectury.networking.forge.NetworkManagerImpl/]: Registering C2S receiver with id minecraft:channel/observable/2e815604a29b3a5cbfe0208e619d86c4
[07Jan2026 20:58:45.940] [modloading-worker-0/INFO] [ObservableNet/]: Registered class observable.net.S2CPacket$ProfilingStarted
[07Jan2026 20:58:45.940] [modloading-worker-0/INFO] [ObservableNet/]: Registering class observable.net.S2CPacket$ProfilingCompleted
[07Jan2026 20:58:45.943] [modloading-worker-0/INFO] [dev.architectury.networking.forge.NetworkManagerImpl/]: Registering C2S receiver with id minecraft:channel/observable/9ae83199b65a3768862799cc5e461a02
[07Jan2026 20:58:45.944] [modloading-worker-0/INFO] [ObservableNet/]: Registered class observable.net.S2CPacket$ProfilingCompleted
[07Jan2026 20:58:45.945] [modloading-worker-0/INFO] [ObservableNet/]: Registering class observable.net.S2CPacket$ProfilerInactive
[07Jan2026 20:58:45.952] [modloading-worker-0/INFO] [dev.architectury.networking.forge.NetworkManagerImpl/]: Registering C2S receiver with id minecraft:channel/observable/ae8dfae1238e312397aa53e9d14c45ca
[07Jan2026 20:58:45.952] [modloading-worker-0/INFO] [ObservableNet/]: Registered class observable.net.S2CPacket$ProfilerInactive
[07Jan2026 20:58:45.954] [modloading-worker-0/INFO] [ObservableNet/]: Registering class observable.net.S2CPacket$ProfilingResult
[07Jan2026 20:58:45.963] [modloading-worker-0/INFO] [dev.architectury.networking.forge.NetworkManagerImpl/]: Registering C2S receiver with id minecraft:channel/observable/3a94cae7336038df9152bcb7b4b94825
[07Jan2026 20:58:45.963] [modloading-worker-0/INFO] [ObservableNet/]: Registered class observable.net.S2CPacket$ProfilingResult
[07Jan2026 20:58:45.964] [modloading-worker-0/INFO] [ObservableNet/]: Registering class observable.net.S2CPacket$Availability
[07Jan2026 20:58:45.971] [modloading-worker-0/INFO] [dev.architectury.networking.forge.NetworkManagerImpl/]: Registering C2S receiver with id minecraft:channel/observable/c86a824e756d312396d1ba30e943e6aa
[07Jan2026 20:58:45.971] [modloading-worker-0/INFO] [ObservableNet/]: Registered class observable.net.S2CPacket$Availability
[07Jan2026 20:58:46.141] [modloading-worker-0/INFO] [dev.architectury.networking.forge.NetworkManagerImpl/]: Registering C2S receiver with id fossil:cap_channel/537e4f78f24b30e4bee5892e8d9314fa
[07Jan2026 20:58:46.142] [modloading-worker-0/INFO] [dev.architectury.networking.forge.NetworkManagerImpl/]: Registering C2S receiver with id fossil:sync_channel/f7d73d83d6fa3fb99fb754f57f7238af
[07Jan2026 20:58:46.143] [modloading-worker-0/INFO] [dev.architectury.networking.forge.NetworkManagerImpl/]: Registering C2S receiver with id fossil:sync_channel/5ecf814711a7357f8ebd58d771f05139
[07Jan2026 20:58:46.144] [modloading-worker-0/INFO] [dev.architectury.networking.forge.NetworkManagerImpl/]: Registering C2S receiver with id fossil:sync_channel/2ae61e410df635b2b2c2d4eaa7b7afcb
[07Jan2026 20:58:46.145] [modloading-worker-0/INFO] [dev.architectury.networking.forge.NetworkManagerImpl/]: Registering C2S receiver with id fossil:sync_channel/600dc9ad56393757ae8315ba075af416
[07Jan2026 20:58:46.146] [modloading-worker-0/INFO] [dev.architectury.networking.forge.NetworkManagerImpl/]: Registering C2S receiver with id fossil:sync_channel/ec18fa987d5331379c9156102188220c
[07Jan2026 20:58:46.147] [modloading-worker-0/INFO] [dev.architectury.networking.forge.NetworkManagerImpl/]: Registering C2S receiver with id fossil:sync_channel/b0228010ee3d3689beb49186e8009925
[07Jan2026 20:58:46.148] [modloading-worker-0/INFO] [dev.architectury.networking.forge.NetworkManagerImpl/]: Registering C2S receiver with id fossil:sync_channel/ed688e568fc63151a34c0f912fce9d27
[07Jan2026 20:58:46.149] [modloading-worker-0/INFO] [dev.architectury.networking.forge.NetworkManagerImpl/]: Registering C2S receiver with id fossil:sync_channel/8aaf614d5e2d39dd9e136e8c430145a9
[07Jan2026 20:58:46.150] [modloading-worker-0/INFO] [dev.architectury.networking.forge.NetworkManagerImpl/]: Registering C2S receiver with id fossil:sync_channel/08e9f40b177134efbc5eb99e2ad6bcb5
[07Jan2026 20:58:46.151] [modloading-worker-0/INFO] [dev.architectury.networking.forge.NetworkManagerImpl/]: Registering C2S receiver with id fossil:sync_channel/531d15ea7fd13018964a31b3ccac540a
[07Jan2026 20:58:47.178] [main/WARN] [net.minecraftforge.registries.ForgeRegistry/REGISTRIES]: Registry minecraft:sound_event: The object net.minecraft.sounds.SoundEvent@7dfccbf2 has been registered twice for the same name treechop:chop_wood.
[07Jan2026 20:58:47.322] [main/WARN] [dev.architectury.registry.registries.forge.RegistrarManagerImpl/]: Registry entry listened Registry Entry [minecraft:block / fossil:stripped_mutant_tree_log] was not realized!
[07Jan2026 20:58:47.322] [main/WARN] [dev.architectury.registry.registries.forge.RegistrarManagerImpl/]: Registry entry listened Registry Entry [minecraft:block / fossil:stripped_sigillaria_wood] was not realized!
[07Jan2026 20:58:47.323] [main/WARN] [dev.architectury.registry.registries.forge.RegistrarManagerImpl/]: Registry entry listened Registry Entry [minecraft:block / fossil:stripped_cordaites_log] was not realized!
[07Jan2026 20:58:47.323] [main/WARN] [dev.architectury.registry.registries.forge.RegistrarManagerImpl/]: Registry entry listened Registry Entry [minecraft:block / fossil:stripped_calamites_wood] was not realized!
[07Jan2026 20:58:47.323] [main/WARN] [dev.architectury.registry.registries.forge.RegistrarManagerImpl/]: Registry entry listened Registry Entry [minecraft:block / fossil:stripped_tempskya_wood] was not realized!
[07Jan2026 20:58:47.323] [main/WARN] [dev.architectury.registry.registries.forge.RegistrarManagerImpl/]: Registry entry listened Registry Entry [minecraft:block / fossil:stripped_mutant_tree_wood] was not realized!
[07Jan2026 20:58:47.323] [main/WARN] [dev.architectury.registry.registries.forge.RegistrarManagerImpl/]: Registry entry listened Registry Entry [minecraft:block / fossil:stripped_calamites_log] was not realized!
[07Jan2026 20:58:47.323] [main/WARN] [dev.architectury.registry.registries.forge.RegistrarManagerImpl/]: Registry entry listened Registry Entry [minecraft:block / fossil:stripped_sigillaria_log] was not realized!
[07Jan2026 20:58:47.323] [main/WARN] [dev.architectury.registry.registries.forge.RegistrarManagerImpl/]: Registry entry listened Registry Entry [minecraft:block / fossil:stripped_palm_wood] was not realized!
[07Jan2026 20:58:47.324] [main/WARN] [dev.architectury.registry.registries.forge.RegistrarManagerImpl/]: Registry entry listened Registry Entry [minecraft:block / fossil:stripped_palm_log] was not realized!
[07Jan2026 20:58:47.324] [main/WARN] [dev.architectury.registry.registries.forge.RegistrarManagerImpl/]: Registry entry listened Registry Entry [minecraft:block / fossil:stripped_cordaites_wood] was not realized!
[07Jan2026 20:58:47.324] [main/WARN] [dev.architectury.registry.registries.forge.RegistrarManagerImpl/]: Registry entry listened Registry Entry [minecraft:block / fossil:stripped_tempskya_log] was not realized!
[07Jan2026 20:58:48.027] [main/WARN] [dev.architectury.registry.registries.forge.RegistrarManagerImpl/]: Registry entry listened Registry Entry [minecraft:item / fossil:cooked_compsognathus] was not realized!
[07Jan2026 20:58:48.028] [main/WARN] [dev.architectury.registry.registries.forge.RegistrarManagerImpl/]: Registry entry listened Registry Entry [minecraft:item / fossil:bone_foot_elasmotherium] was not realized!
[07Jan2026 20:58:48.028] [main/WARN] [dev.architectury.registry.registries.forge.RegistrarManagerImpl/]: Registry entry listened Registry Entry [minecraft:item / fossil:egg_item_tropical_fish] was not realized!
[07Jan2026 20:58:48.028] [main/WARN] [dev.architectury.registry.registries.forge.RegistrarManagerImpl/]: Registry entry listened Registry Entry [minecraft:item / fossil:bone_ribcage_pteranodon] was not realized!
[07Jan2026 20:58:48.028] [main/WARN] [dev.architectury.registry.registries.forge.RegistrarManagerImpl/]: Registry entry listened Registry Entry [minecraft:item / fossil:meat_citipati] was not realized!
[07Jan2026 20:58:48.028] [main/WARN] [dev.architectury.registry.registries.forge.RegistrarManagerImpl/]: Registry entry listened Registry Entry [minecraft:item / fossil:bone_skull_triceratops] was not realized!
[07Jan2026 20:58:48.029] [main/WARN] [dev.architectury.registry.registries.forge.RegistrarManagerImpl/]: Registry entry listened Registry Entry [minecraft:item / fossil:meat_therizinosaurus] was not realized!
[07Jan2026 20:58:48.029] [main/WARN] [dev.architectury.registry.registries.forge.RegistrarManagerImpl/]: Registry entry listened Registry Entry [minecraft:item / fossil:cow_dna] was not realized!
[07Jan2026 20:58:48.029] [main/WARN] [dev.architectury.registry.registries.forge.RegistrarManagerImpl/]: Registry entry listened Registry Entry [minecraft:item / fossil:egg_item_therizinosaurus] was not realized!
[07Jan2026 20:58:48.029] [main/WARN] [dev.architectury.registry.registries.forge.RegistrarManagerImpl/]: Registry entry listened Registry Entry [minecraft:item / fossil:velociraptor_dna] was not realized!
[07Jan2026 20:58:48.029] [main/WARN] [dev.architectury.registry.registries.forge.RegistrarManagerImpl/]: Registry entry listened Registry Entry [minecraft:item / fossil:aquilolamna_dna] was not realized!
[07Jan2026 20:58:48.029] [main/WARN] [dev.architectury.registry.registries.forge.RegistrarManagerImpl/]: Registry entry listened Registry Entry [minecraft:item / fossil:cooked_nautilus] was not realized!
[07Jan2026 20:58:48.029] [main/WARN] [dev.architectury.registry.registries.forge.RegistrarManagerImpl/]: Registry entry listened Registry Entry [minecraft:item / fossil:spawn_egg_henodus] was not realized!
[07Jan2026 20:58:48.029] [main/WARN] [dev.architectury.registry.registries.forge.RegistrarManagerImpl/]: Registry entry listened Registry Entry [minecraft:item / fossil:cooked_pteranodon] was not realized!
[07Jan2026 20:58:48.029] [main/WARN] [dev.architectury.registry.registries.forge.RegistrarManagerImpl/]: Registry entry listened Registry Entry [minecraft:item / fossil:bone_foot_velociraptor] was not realized!
[07Jan2026 20:58:48.030] [main/WARN] [dev.architectury.registry.registries.forge.RegistrarManagerImpl/]: Registry entry listened Registry Entry [minecraft:item / fossil:bone_vertebrae_tiktaalik] was not realized!
[07Jan2026 20:58:48.030] [main/WARN] [dev.architectury.registry.registries.forge.RegistrarManagerImpl/]: Registry entry listened Registry Entry [minecraft:item / fossil:bone_vertebrae_velociraptor] was not realized!
[07Jan2026 20:58:48.030] [main/WARN] [dev.architectury.registry.registries.forge.RegistrarManagerImpl/]: Registry entry listened Registry Entry [minecraft:item / fossil:gastornis_dna] was not realized!
[07Jan2026 20:58:48.030] [main/WARN] [dev.architectury.registry.registries.forge.RegistrarManagerImpl/]: Registry entry listened Registry Entry [minecraft:item / fossil:meat_nautilus] was not realized!
[07Jan2026 20:58:48.030] [main/WARN] [dev.architectury.registry.registries.forge.RegistrarManagerImpl/]: Registry entry listened Registry Entry [minecraft:item / fossil:meat_alligator_gar] was not realized!
[07Jan2026 20:58:48.030] [main/WARN] [dev.architectury.registry.registries.forge.RegistrarManagerImpl/]: Registry entry listened Registry Entry [minecraft:item / fossil:spawn_egg_dimorphodon] was not realized!
[07Jan2026 20:58:48.030] [main/WARN] [dev.architectury.registry.registries.forge.RegistrarManagerImpl/]: Registry entry listened Registry Entry [minecraft:item / fossil:bone_vertebrae_mammoth] was not realized!
[07Jan2026 20:58:48.030] [main/WARN] [dev.architectury.registry.registries.forge.RegistrarManagerImpl/]: Registry entry listened Registry Entry [minecraft:item / fossil:meat_brachiosaurus] was not realized!
[07Jan2026 20:58:48.031] [main/WARN] [dev.architectury.registry.registries.forge.RegistrarManagerImpl/]: Registry entry listened Registry Entry [minecraft:item / fossil:egg_item_liopleurodon] was not realized!
[07Jan2026 20:58:48.031] [main/WARN] [dev.architectury.registry.registries.forge.RegistrarManagerImpl/]: Registry entry listened Registry Entry [minecraft:item / fossil:egg_item_pteranodon] was not realized!
[07Jan2026 20:58:48.031] [main/WARN] [dev.architectury.registry.registries.forge.RegistrarManagerImpl/]: Registry entry listened Registry Entry [minecraft:item / fossil:bone_skull_sarcosuchus] was not realized!
[07Jan2026 20:58:48.031] [main/WARN] [dev.architectury.registry.registries.forge.RegistrarManagerImpl/]: Registry entry listened Registry Entry [minecraft:item / fossil:bone_skull_platybelodon] was not realized!
[07Jan2026 20:58:48.031] [main/WARN] [dev.architectury.registry.registries.forge.RegistrarManagerImpl/]: Registry entry listened Registry Entry [minecraft:item / fossil:bone_leg_allosaurus] was not realized!
[07Jan2026 20:58:48.031] [main/WARN] [dev.architectury.registry.registries.forge.RegistrarManagerImpl/]: Registry entry listened Registry Entry [minecraft:item / fossil:meat_megaloceros] was not realized!
[07Jan2026 20:58:48.031] [main/WARN] [dev.architectury.registry.registries.forge.RegistrarManagerImpl/]: Registry entry listened Registry Entry [minecraft:item / fossil:bone_leg_titanis] was not realized!
[07Jan2026 20:58:48.032] [main/WARN] [dev.architectury.registry.registries.forge.RegistrarManagerImpl/]: Registry entry listened Registry Entry [minecraft:item / fossil:syringe_quagga] was not realized!
[07Jan2026 20:58:48.032] [main/WARN] [dev.architectury.registry.registries.forge.RegistrarManagerImpl/]: Registry entry listened Registry Entry [minecraft:item / fossil:bone_skull_diplocaulus] was not realized!
[07Jan2026 20:58:48.032] [main/WARN] [dev.architectury.registry.registries.forge.RegistrarManagerImpl/]: Registry entry listened Registry Entry [minecraft:item / fossil:egg_item_henodus] was not realized!
[07Jan2026 20:58:48.032] [main/WARN] [dev.architectury.registry.registries.forge.RegistrarManagerImpl/]: Registry entry listened Registry Entry [minecraft:item / fossil:bone_ribcage_stegosaurus] was not realized!
[07Jan2026 20:58:48.032] [main/WARN] [dev.architectury.registry.registries.forge.RegistrarManagerImpl/]: Registry entry listened Registry Entry [minecraft:item / fossil:bone_unique_crassigyrinus] was not realized!
[07Jan2026 20:58:48.032] [main/WARN] [dev.architectury.registry.registries.forge.RegistrarManagerImpl/]: Registry entry listened Registry Entry [minecraft:item / fossil:cooked_ceratosaurus] was not realized!
[07Jan2026 20:58:48.032] [main/WARN] [dev.architectury.registry.registries.forge.RegistrarManagerImpl/]: Registry entry listened Registry Entry [minecraft:item / fossil:egg_item_diplocaulus] was not realized!
[07Jan2026 20:58:48.032] [main/WARN] [dev.architectury.registry.registries.forge.RegistrarManagerImpl/]: Registry entry listened Registry Entry [minecraft:item / fossil:bone_skull_confuciusornis] was not realized!
[07Jan2026 20:58:48.032] [main/WARN] [dev.architectury.registry.registries.forge.RegistrarManagerImpl/]: Registry entry listened Registry Entry [minecraft:item / fossil:bone_vertebrae_confuciusornis] was not realized!
[07Jan2026 20:58:48.033] [main/WARN] [dev.architectury.registry.registries.forge.RegistrarManagerImpl/]: Registry entry listened Registry Entry [minecraft:item / fossil:cooked_megaloceros] was not realized!
[07Jan2026 20:58:48.033] [main/WARN] [dev.architectury.registry.registries.forge.RegistrarManagerImpl/]: Registry entry listened Registry Entry [minecraft:item / fossil:bone_leg_stegosaurus] was not realized!
[07Jan2026 20:58:48.033] [main/WARN] [dev.architectury.registry.registries.forge.RegistrarManagerImpl/]: Registry entry listened Registry Entry [minecraft:item / fossil:spawn_egg_smilodon] was not realized!
[07Jan2026 20:58:48.033] [main/WARN] [dev.architectury.registry.registries.forge.RegistrarManagerImpl/]: Registry entry listened Registry Entry [minecraft:item / fossil:spawn_egg_dodo] was not realized!
[07Jan2026 20:58:48.033] [main/WARN] [dev.architectury.registry.registries.forge.RegistrarManagerImpl/]: Registry entry listened Registry Entry [minecraft:item / fossil:spawn_egg_edaphosaurus] was not realized!
[07Jan2026 20:58:48.033] [main/WARN] [dev.architectury.registry.registries.forge.RegistrarManagerImpl/]: Registry entry listened Registry Entry [minecraft:item / fossil:egg_item_sarcosuchus] was not realized!
[07Jan2026 20:58:48.033] [main/WARN] [dev.architectury.registry.registries.forge.RegistrarManagerImpl/]: Registry entry listened Registry Entry [minecraft:item / fossil:therizinosaurus_dna] was not realized!
[07Jan2026 20:58:48.034] [main/WARN] [dev.architectury.registry.registries.forge.RegistrarManagerImpl/]: Registry entry listened Registry Entry [minecraft:item / fossil:cooked_diplocaulus] was not realized!
[07Jan2026 20:58:48.034] [main/WARN] [dev.architectury.registry.registries.forge.RegistrarManagerImpl/]: Registry entry listened Registry Entry [minecraft:item / fossil:egg_item_triceratops] was not realized!
[07Jan2026 20:58:48.034] [main/WARN] [dev.architectury.registry.registries.forge.RegistrarManagerImpl/]: Registry entry listened Registry Entry [minecraft:item / fossil:bone_skull_diplodocus] was not realized!
[07Jan2026 20:58:48.034] [main/WARN] [dev.architectury.registry.registries.forge.RegistrarManagerImpl/]: Registry entry listened Registry Entry [minecraft:item / fossil:spawn_egg_ichthyosaurus] was not realized!
[07Jan2026 20:58:48.034] [main/WARN] [dev.architectury.registry.registries.forge.RegistrarManagerImpl/]: Registry entry listened Registry Entry [minecraft:item / fossil:bone_vertebrae_deinonychus] was not realized!
[07Jan2026 20:58:48.035] [main/WARN] [dev.architectury.registry.registries.forge.RegistrarManagerImpl/]: Registry entry listened Registry Entry [minecraft:item / fossil:bone_unique_tiktaalik] was not realized!
[07Jan2026 20:58:48.035] [main/WARN] [dev.architectury.registry.registries.forge.RegistrarManagerImpl/]: Registry entry listened Registry Entry [minecraft:item / fossil:bone_foot_platybelodon] was not realized!
[07Jan2026 20:58:48.036] [main/WARN] [dev.architectury.registry.registries.forge.RegistrarManagerImpl/]: Registry entry listened Registry Entry [minecraft:item / fossil:bone_skull_velociraptor] was not realized!
[07Jan2026 20:58:48.036] [main/WARN] [dev.architectury.registry.registries.forge.RegistrarManagerImpl/]: Registry entry listened Registry Entry [minecraft:item / fossil:cooked_mammoth] was not realized!
[07Jan2026 20:58:48.036] [main/WARN] [dev.architectury.registry.registries.forge.RegistrarManagerImpl/]: Registry entry listened Registry Entry [minecraft:item / fossil:meat_dilophosaurus] was not realized!
[07Jan2026 20:58:48.036] [main/WARN] [dev.architectury.registry.registries.forge.RegistrarManagerImpl/]: Registry entry listened Registry Entry [minecraft:item / fossil:meat_tiktaalik] was not realized!
[07Jan2026 20:58:48.036] [main/WARN] [dev.architectury.registry.registries.forge.RegistrarManagerImpl/]: Registry entry listened Registry Entry [minecraft:item / fossil:bone_arm_mosasaurus] was not realized!
[07Jan2026 20:58:48.036] [main/WARN] [dev.architectury.registry.registries.forge.RegistrarManagerImpl/]: Registry entry listened Registry Entry [minecraft:item / fossil:cooked_megalograptus] was not realized!
[07Jan2026 20:58:48.036] [main/WARN] [dev.architectury.registry.registries.forge.RegistrarManagerImpl/]: Registry entry listened Registry Entry [minecraft:item / fossil:bone_arm_mammoth] was not realized!
[07Jan2026 20:58:48.036] [main/WARN] [dev.architectury.registry.registries.forge.RegistrarManagerImpl/]: Registry entry listened Registry Entry [minecraft:item / fossil:spawn_egg_pachyrhinosaurus] was not realized!
[07Jan2026 20:58:48.037] [main/WARN] [dev.architectury.registry.registries.forge.RegistrarManagerImpl/]: Registry entry listened Registry Entry [minecraft:item / fossil:syringe_camel] was not realized!
[07Jan2026 20:58:48.037] [main/WARN] [dev.architectury.registry.registries.forge.RegistrarManagerImpl/]: Registry entry listened Registry Entry [minecraft:item / fossil:bone_unique_platybelodon] was not realized!
[07Jan2026 20:58:48.037] [main/WARN] [dev.architectury.registry.registries.forge.RegistrarManagerImpl/]: Registry entry listened Registry Entry [minecraft:item / fossil:ichthyosaurus_dna] was not realized!
[07Jan2026 20:58:48.037] [main/WARN] [dev.architectury.registry.registries.forge.RegistrarManagerImpl/]: Registry entry listened Registry Entry [minecraft:item / fossil:egg_confuciusornis] was not realized!
[07Jan2026 20:58:48.037] [main/WARN] [dev.architectury.registry.registries.forge.RegistrarManagerImpl/]: Registry entry listened Registry Entry [minecraft:item / fossil:meat_meganeura] was not realized!
[07Jan2026 20:58:48.037] [main/WARN] [dev.architectury.registry.registries.forge.RegistrarManagerImpl/]: Registry entry listened Registry Entry [minecraft:item / fossil:bone_arm_stegosaurus] was not realized!
[07Jan2026 20:58:48.037] [main/WARN] [dev.architectury.registry.registries.forge.RegistrarManagerImpl/]: Registry entry listened Registry Entry [minecraft:item / fossil:spawn_egg_ceratosaurus] was not realized!
[07Jan2026 20:58:48.037] [main/WARN] [dev.architectury.registry.registries.forge.RegistrarManagerImpl/]: Registry entry listened Registry Entry [minecraft:item / fossil:bone_foot_dimetrodon] was not realized!
[07Jan2026 20:58:48.037] [main/WARN] [dev.architectury.registry.registries.forge.RegistrarManagerImpl/]: Registry entry listened Registry Entry [minecraft:item / fossil:bone_leg_kelenken] was not realized!
[07Jan2026 20:58:48.037] [main/WARN] [dev.architectury.registry.registries.forge.RegistrarManagerImpl/]: Registry entry listened Registry Entry [minecraft:item / fossil:bone_leg_dryosaurus] was not realized!
[07Jan2026 20:58:48.038] [main/WARN] [dev.architectury.registry.registries.forge.RegistrarManagerImpl/]: Registry entry listened Registry Entry [minecraft:item / fossil:bone_skull_therizinosaurus] was not realized!
[07Jan2026 20:58:48.038] [main/WARN] [dev.architectury.registry.registries.forge.RegistrarManagerImpl/]: Registry entry listened Registry Entry [minecraft:item / fossil:dryosaurus_dna] was not realized!
[07Jan2026 20:58:48.038] [main/WARN] [dev.architectury.registry.registries.forge.RegistrarManagerImpl/]: Registry entry listened Registry Entry [minecraft:item / fossil:meat_walliserops] was not realized!
[07Jan2026 20:58:48.038] [main/WARN] [dev.architectury.registry.registries.forge.RegistrarManagerImpl/]: Registry entry listened Registry Entry [minecraft:item / fossil:egg_titanis] was not realized!
[07Jan2026 20:58:48.038] [main/WARN] [dev.architectury.registry.registries.forge.RegistrarManagerImpl/]: Registry entry listened Registry Entry [minecraft:item / fossil:cooked_citipati] was not realized!
[07Jan2026 20:58:48.038] [main/WARN] [dev.architectury.registry.registries.forge.RegistrarManagerImpl/]: Registry entry listened Registry Entry [minecraft:item / fossil:bone_ribcage_tiktaalik] was not realized!
[07Jan2026 20:58:48.038] [main/WARN] [dev.architectury.registry.registries.forge.RegistrarManagerImpl/]: Registry entry listened Registry Entry [minecraft:item / fossil:cooked_edaphosaurus] was not realized!
[07Jan2026 20:58:48.038] [main/WARN] [dev.architectury.registry.registries.forge.RegistrarManagerImpl/]: Registry entry listened Registry Entry [minecraft:item / fossil:egg_item_kelenken] was not realized!
[07Jan2026 20:58:48.038] [main/WARN] [dev.architectury.registry.registries.forge.RegistrarManagerImpl/]: Registry entry listened Registry Entry [minecraft:item / fossil:bone_leg_ceratosaurus] was not realized!
[07Jan2026 20:58:48.039] [main/WARN] [dev.architectury.registry.registries.forge.RegistrarManagerImpl/]: Registry entry listened Registry Entry [minecraft:item / fossil:bone_vertebrae_dimetrodon] was not realized!
[07Jan2026 20:58:48.039] [main/WARN] [dev.architectury.registry.registries.forge.RegistrarManagerImpl/]: Registry entry listened Registry Entry [minecraft:item / fossil:egg_item_pachycephalosaurus] was not realized!
[07Jan2026 20:58:48.039] [main/WARN] [dev.architectury.registry.registries.forge.RegistrarManagerImpl/]: Registry entry listened Registry Entry [minecraft:item / fossil:cooked_brachiosaurus] was not realized!
[07Jan2026 20:58:48.039] [main/WARN] [dev.architectury.registry.registries.forge.RegistrarManagerImpl/]: Registry entry listened Registry Entry [minecraft:item / fossil:dimetrodon_dna] was not realized!
[07Jan2026 20:58:48.040] [main/WARN] [dev.architectury.registry.registries.forge.RegistrarManagerImpl/]: Registry entry listened Registry Entry [minecraft:item / fossil:spawn_egg_gastornis] was not realized!
[07Jan2026 20:58:48.040] [main/WARN] [dev.architectury.registry.registries.forge.RegistrarManagerImpl/]: Registry entry listened Registry Entry [minecraft:item / fossil:bone_tail_phorusrhacos] was not realized!
[07Jan2026 20:58:48.040] [main/WARN] [dev.architectury.registry.registries.forge.RegistrarManagerImpl/]: Registry entry listened Registry Entry [minecraft:item / fossil:bone_skull_dryosaurus] was not realized!
[07Jan2026 20:58:48.040] [main/WARN] [dev.architectury.registry.registries.forge.RegistrarManagerImpl/]: Registry entry listened Registry Entry [minecraft:item / fossil:bone_tail_stegosaurus] was not realized!
[07Jan2026 20:58:48.041] [main/WARN] [dev.architectury.registry.registries.forge.RegistrarManagerImpl/]: Registry entry listened Registry Entry [minecraft:item / fossil:confuciusornis_dna] was not realized!
[07Jan2026 20:58:48.041] [main/WARN] [dev.architectury.registry.registries.forge.RegistrarManagerImpl/]: Registry entry listened Registry Entry [minecraft:item / fossil:bone_vertebrae_protoceratops] was not realized!
[07Jan2026 20:58:48.041] [main/WARN] [dev.architectury.registry.registries.forge.RegistrarManagerImpl/]: Registry entry listened Registry Entry [minecraft:item / fossil:bone_unique_therizinosaurus] was not realized!
[07Jan2026 20:58:48.041] [main/WARN] [dev.architectury.registry.registries.forge.RegistrarManagerImpl/]: Registry entry listened Registry Entry [minecraft:item / fossil:bone_tail_plesiosaurus] was not realized!
[07Jan2026 20:58:48.041] [main/WARN] [dev.architectury.registry.registries.forge.RegistrarManagerImpl/]: Registry entry listened Registry Entry [minecraft:item / fossil:bone_ribcage_edaphosaurus] was not realized!
[07Jan2026 20:58:48.041] [main/WARN] [dev.architectury.registry.registries.forge.RegistrarManagerImpl/]: Registry entry listened Registry Entry [minecraft:item / fossil:bone_unique_gastornis] was not realized!
[07Jan2026 20:58:48.041] [main/WARN] [dev.architectury.registry.registries.forge.RegistrarManagerImpl/]: Registry entry listened Registry Entry [minecraft:item / fossil:bone_leg_protoceratops] was not realized!
[07Jan2026 20:58:48.041] [main/WARN] [dev.architectury.registry.registries.forge.RegistrarManagerImpl/]: Registry entry listened Registry Entry [minecraft:item / fossil:bucket_item_dicranurus] was not realized!
[07Jan2026 20:58:48.041] [main/WARN] [dev.architectury.registry.registries.forge.RegistrarManagerImpl/]: Registry entry listened Registry Entry [minecraft:item / fossil:bone_vertebrae_citipati] was not realized!
[07Jan2026 20:58:48.041] [main/WARN] [dev.architectury.registry.registries.forge.RegistrarManagerImpl/]: Registry entry listened Registry Entry [minecraft:item / fossil:egg_item_salmon] was not realized!
[07Jan2026 20:58:48.041] [main/WARN] [dev.architectury.registry.registries.forge.RegistrarManagerImpl/]: Registry entry listened Registry Entry [minecraft:item / fossil:bone_skull_psittacosaurus] was not realized!
[07Jan2026 20:58:48.041] [main/WARN] [dev.architectury.registry.registries.forge.RegistrarManagerImpl/]: Registry entry listened Registry Entry [minecraft:item / fossil:bone_ribcage_kelenken] was not realized!
[07Jan2026 20:58:48.041] [main/WARN] [dev.architectury.registry.registries.forge.RegistrarManagerImpl/]: Registry entry listened Registry Entry [minecraft:item / fossil:pachyrhinosaurus_dna] was not realized!
[07Jan2026 20:58:48.041] [main/WARN] [dev.architectury.registry.registries.forge.RegistrarManagerImpl/]: Registry entry listened Registry Entry [minecraft:item / fossil:bucket_item_henodus] was not realized!
[07Jan2026 20:58:48.042] [main/WARN] [dev.architectury.registry.registries.forge.RegistrarManagerImpl/]: Registry entry listened Registry Entry [minecraft:item / fossil:spawn_egg_spinosaurus] was not realized!
[07Jan2026 20:58:48.042] [main/WARN] [dev.architectury.registry.registries.forge.RegistrarManagerImpl/]: Registry entry listened Registry Entry [minecraft:item / fossil:cooked_sturgeon] was not realized!
[07Jan2026 20:58:48.042] [main/WARN] [dev.architectury.registry.registries.forge.RegistrarManagerImpl/]: Registry entry listened Registry Entry [minecraft:item / fossil:bone_unique_megaloceros] was not realized!
[07Jan2026 20:58:48.042] [main/WARN] [dev.architectury.registry.registries.forge.RegistrarManagerImpl/]: Registry entry listened Registry Entry [minecraft:item / fossil:egg_item_protoceratops] was not realized!
[07Jan2026 20:58:48.042] [main/WARN] [dev.architectury.registry.registries.forge.RegistrarManagerImpl/]: Registry entry listened Registry Entry [minecraft:item / fossil:syringe_elasmotherium] was not realized!
[07Jan2026 20:58:48.042] [main/WARN] [dev.architectury.registry.registries.forge.RegistrarManagerImpl/]: Registry entry listened Registry Entry [minecraft:item / fossil:bone_vertebrae_parasaurolophus] was not realized!
[07Jan2026 20:58:48.042] [main/WARN] [dev.architectury.registry.registries.forge.RegistrarManagerImpl/]: Registry entry listened Registry Entry [minecraft:item / fossil:bone_tail_quagga] was not realized!
[07Jan2026 20:58:48.042] [main/WARN] [dev.architectury.registry.registries.forge.RegistrarManagerImpl/]: Registry entry listened Registry Entry [minecraft:item / fossil:syringe_fox] was not realized!
[07Jan2026 20:58:48.042] [main/WARN] [dev.architectury.registry.registries.forge.RegistrarManagerImpl/]: Registry entry listened Registry Entry [minecraft:item / fossil:egg_item_pachyrhinosaurus] was not realized!
[07Jan2026 20:58:48.042] [main/WARN] [dev.architectury.registry.registries.forge.RegistrarManagerImpl/]: Registry entry listened Registry Entry [minecraft:item / fossil:syringe_sheep] was not realized!
[07Jan2026 20:58:48.042] [main/WARN] [dev.architectury.registry.registries.forge.RegistrarManagerImpl/]: Registry entry listened Registry Entry [minecraft:item / fossil:syringe_wolf] was not realized!
[07Jan2026 20:58:48.043] [main/WARN] [dev.architectury.registry.registries.forge.RegistrarManagerImpl/]: Registry entry listened Registry Entry [minecraft:item / fossil:meat_sarcosuchus] was not realized!
[07Jan2026 20:58:48.043] [main/WARN] [dev.architectury.registry.registries.forge.RegistrarManagerImpl/]: Registry entry listened Registry Entry [minecraft:item / fossil:bone_arm_velociraptor] was not realized!
[07Jan2026 20:58:48.043] [main/WARN] [dev.architectury.registry.registries.forge.RegistrarManagerImpl/]: Registry entry listened Registry Entry [minecraft:item / fossil:bone_vertebrae_tyrannosaurus] was not realized!
[07Jan2026 20:58:48.043] [main/WARN] [dev.architectury.registry.registries.forge.RegistrarManagerImpl/]: Registry entry listened Registry Entry [minecraft:item / fossil:goat_dna] was not realized!
[07Jan2026 20:58:48.043] [main/WARN] [dev.architectury.registry.registries.forge.RegistrarManagerImpl/]: Registry entry listened Registry Entry [minecraft:item / fossil:bucket_item_megalograptus] was not realized!
[07Jan2026 20:58:48.044] [main/WARN] [dev.architectury.registry.registries.forge.RegistrarManagerImpl/]: Registry entry listened Registry Entry [minecraft:item / fossil:bone_unique_smilodon] was not realized!
[07Jan2026 20:58:48.044] [main/WARN] [dev.architectury.registry.registries.forge.RegistrarManagerImpl/]: Registry entry listened Registry Entry [minecraft:item / fossil:cooked_postosuchus] was not realized!
[07Jan2026 20:58:48.044] [main/WARN] [dev.architectury.registry.registries.forge.RegistrarManagerImpl/]: Registry entry listened Registry Entry [minecraft:item / fossil:bone_ribcage_crassigyrinus] was not realized!
[07Jan2026 20:58:48.044] [main/WARN] [dev.architectury.registry.registries.forge.RegistrarManagerImpl/]: Registry entry listened Registry Entry [minecraft:item / fossil:bone_skull_megaloceros] was not realized!
[07Jan2026 20:58:48.044] [main/WARN] [dev.architectury.registry.registries.forge.RegistrarManagerImpl/]: Registry entry listened Registry Entry [minecraft:item / fossil:bone_unique_pachyrhinosaurus] was not realized!
[07Jan2026 20:58:48.045] [main/WARN] [dev.architectury.registry.registries.forge.RegistrarManagerImpl/]: Registry entry listened Registry Entry [minecraft:item / fossil:bone_skull_smilodon] was not realized!
[07Jan2026 20:58:48.045] [main/WARN] [dev.architectury.registry.registries.forge.RegistrarManagerImpl/]: Registry entry listened Registry Entry [minecraft:item / fossil:egg_item_postosuchus] was not realized!
[07Jan2026 20:58:48.045] [main/WARN] [dev.architectury.registry.registries.forge.RegistrarManagerImpl/]: Registry entry listened Registry Entry [minecraft:item / fossil:bone_arm_platybelodon] was not realized!
[07Jan2026 20:58:48.045] [main/WARN] [dev.architectury.registry.registries.forge.RegistrarManagerImpl/]: Registry entry listened Registry Entry [minecraft:item / fossil:bone_leg_edaphosaurus] was not realized!
[07Jan2026 20:58:48.046] [main/WARN] [dev.architectury.registry.registries.forge.RegistrarManagerImpl/]: Registry entry listened Registry Entry [minecraft:item / fossil:bone_leg_psittacosaurus] was not realized!
[07Jan2026 20:58:48.046] [main/WARN] [dev.architectury.registry.registries.forge.RegistrarManagerImpl/]: Registry entry listened Registry Entry [minecraft:item / fossil:bone_skull_tyrannosaurus] was not realized!
[07Jan2026 20:58:48.046] [main/WARN] [dev.architectury.registry.registries.forge.RegistrarManagerImpl/]: Registry entry listened Registry Entry [minecraft:item / fossil:spawn_egg_diplocaulus] was not realized!
[07Jan2026 20:58:48.046] [main/WARN] [dev.architectury.registry.registries.forge.RegistrarManagerImpl/]: Registry entry listened Registry Entry [minecraft:item / fossil:parrot_dna] was not realized!
[07Jan2026 20:58:48.046] [main/WARN] [dev.architectury.registry.registries.forge.RegistrarManagerImpl/]: Registry entry listened Registry Entry [minecraft:item / fossil:egg_item_dimorphodon] was not realized!
[07Jan2026 20:58:48.047] [main/WARN] [dev.architectury.registry.registries.forge.RegistrarManagerImpl/]: Registry entry listened Registry Entry [minecraft:item / fossil:bone_vertebrae_dryosaurus] was not realized!
[07Jan2026 20:58:48.047] [main/WARN] [dev.architectury.registry.registries.forge.RegistrarManagerImpl/]: Registry entry listened Registry Entry [minecraft:item / fossil:allosaurus_dna] was not realized!
[07Jan2026 20:58:48.047] [main/WARN] [dev.architectury.registry.registries.forge.RegistrarManagerImpl/]: Registry entry listened Registry Entry [minecraft:item / fossil:egg_item_pufferfish] was not realized!
[07Jan2026 20:58:48.047] [main/WARN] [dev.architectury.registry.registries.forge.RegistrarManagerImpl/]: Registry entry listened Registry Entry [minecraft:item / fossil:bone_skull_dimorphodon] was not realized!
[07Jan2026 20:58:48.047] [main/WARN] [dev.architectury.registry.registries.forge.RegistrarManagerImpl/]: Registry entry listened Registry Entry [minecraft:item / fossil:bone_tail_allosaurus] was not realized!
[07Jan2026 20:58:48.047] [main/WARN] [dev.architectury.registry.registries.forge.RegistrarManagerImpl/]: Registry entry listened Registry Entry [minecraft:item / fossil:bone_arm_therizinosaurus] was not realized!
[07Jan2026 20:58:48.048] [main/WARN] [dev.architectury.registry.registries.forge.RegistrarManagerImpl/]: Registry entry listened Registry Entry [minecraft:item / fossil:bone_leg_phorusrhacos] was not realized!
[07Jan2026 20:58:48.048] [main/WARN] [dev.architectury.registry.registries.forge.RegistrarManagerImpl/]: Registry entry listened Registry Entry [minecraft:item / fossil:bone_foot_compsognathus] was not realized!
[07Jan2026 20:58:48.048] [main/WARN] [dev.architectury.registry.registries.forge.RegistrarManagerImpl/]: Registry entry listened Registry Entry [minecraft:item / fossil:bone_vertebrae_smilodon] was not realized!
[07Jan2026 20:58:48.048] [main/WARN] [dev.architectury.registry.registries.forge.RegistrarManagerImpl/]: Registry entry listened Registry Entry [minecraft:item / fossil:bone_vertebrae_spinosaurus] was not realized!
[07Jan2026 20:58:48.048] [main/WARN] [dev.architectury.registry.registries.forge.RegistrarManagerImpl/]: Registry entry listened Registry Entry [minecraft:item / fossil:cooked_sarcosuchus] was not realized!
[07Jan2026 20:58:48.049] [main/WARN] [dev.architectury.registry.registries.forge.RegistrarManagerImpl/]: Registry entry listened Registry Entry [minecraft:item / fossil:spawn_egg_mosasaurus] was not realized!
[07Jan2026 20:58:48.049] [main/WARN] [dev.architectury.registry.registries.forge.RegistrarManagerImpl/]: Registry entry listened Registry Entry [minecraft:item / fossil:syringe_donkey] was not realized!
[07Jan2026 20:58:48.049] [main/WARN] [dev.architectury.registry.registries.forge.RegistrarManagerImpl/]: Registry entry listened Registry Entry [minecraft:item / fossil:bone_foot_henodus] was not realized!
[07Jan2026 20:58:48.049] [main/WARN] [dev.architectury.registry.registries.forge.RegistrarManagerImpl/]: Registry entry listened Registry Entry [minecraft:item / fossil:bone_tail_kelenken] was not realized!
[07Jan2026 20:58:48.049] [main/WARN] [dev.architectury.registry.registries.forge.RegistrarManagerImpl/]: Registry entry listened Registry Entry [minecraft:item / fossil:bone_foot_stegosaurus] was not realized!
[07Jan2026 20:58:48.049] [main/WARN] [dev.architectury.registry.registries.forge.RegistrarManagerImpl/]: Registry entry listened Registry Entry [minecraft:item / fossil:bone_ribcage_ichthyosaurus] was not realized!
[07Jan2026 20:58:48.049] [main/WARN] [dev.architectury.registry.registries.forge.RegistrarManagerImpl/]: Registry entry listened Registry Entry [minecraft:item / fossil:bone_arm_liopleurodon] was not realized!
[07Jan2026 20:58:48.050] [main/WARN] [dev.architectury.registry.registries.forge.RegistrarManagerImpl/]: Registry entry listened Registry Entry [minecraft:item / fossil:bone_leg_tyrannosaurus] was not realized!
[07Jan2026 20:58:48.050] [main/WARN] [dev.architectury.registry.registries.forge.RegistrarManagerImpl/]: Registry entry listened Registry Entry [minecraft:item / fossil:egg_item_ankylosaurus] was not realized!
[07Jan2026 20:58:48.051] [main/WARN] [dev.architectury.registry.registries.forge.RegistrarManagerImpl/]: Registry entry listened Registry Entry [minecraft:item / fossil:bone_leg_plesiosaurus] was not realized!
[07Jan2026 20:58:48.051] [main/WARN] [dev.architectury.registry.registries.forge.RegistrarManagerImpl/]: Registry entry listened Registry Entry [minecraft:item / fossil:meat_postosuchus] was not realized!
[07Jan2026 20:58:48.051] [main/WARN] [dev.architectury.registry.registries.forge.RegistrarManagerImpl/]: Registry entry listened Registry Entry [minecraft:item / fossil:bone_unique_mammoth] was not realized!
[07Jan2026 20:58:48.051] [main/WARN] [dev.architectury.registry.registries.forge.RegistrarManagerImpl/]: Registry entry listened Registry Entry [minecraft:item / fossil:bone_foot_deinonychus] was not realized!
[07Jan2026 20:58:48.051] [main/WARN] [dev.architectury.registry.registries.forge.RegistrarManagerImpl/]: Registry entry listened Registry Entry [minecraft:item / fossil:bone_arm_tyrannosaurus] was not realized!
[07Jan2026 20:58:48.051] [main/WARN] [dev.architectury.registry.registries.forge.RegistrarManagerImpl/]: Registry entry listened Registry Entry [minecraft:item / fossil:bone_skull_protoceratops] was not realized!
[07Jan2026 20:58:48.052] [main/WARN] [dev.architectury.registry.registries.forge.RegistrarManagerImpl/]: Registry entry listened Registry Entry [minecraft:item / fossil:bone_ribcage_ceratosaurus] was not realized!
[07Jan2026 20:58:48.052] [main/WARN] [dev.architectury.registry.registries.forge.RegistrarManagerImpl/]: Registry entry listened Registry Entry [minecraft:item / fossil:bone_vertebrae_platybelodon] was not realized!
[07Jan2026 20:58:48.052] [main/WARN] [dev.architectury.registry.registries.forge.RegistrarManagerImpl/]: Registry entry listened Registry Entry [minecraft:item / fossil:lonchodomas_dna] was not realized!
[07Jan2026 20:58:48.052] [main/WARN] [dev.architectury.registry.registries.forge.RegistrarManagerImpl/]: Registry entry listened Registry Entry [minecraft:item / fossil:bone_ribcage_titanis] was not realized!
[07Jan2026 20:58:48.052] [main/WARN] [dev.architectury.registry.registries.forge.RegistrarManagerImpl/]: Registry entry listened Registry Entry [minecraft:item / fossil:meat_psittacosaurus] was not realized!
[07Jan2026 20:58:48.052] [main/WARN] [dev.architectury.registry.registries.forge.RegistrarManagerImpl/]: Registry entry listened Registry Entry [minecraft:item / fossil:meat_megalograptus] was not realized!
[07Jan2026 20:58:48.052] [main/WARN] [dev.architectury.registry.registries.forge.RegistrarManagerImpl/]: Registry entry listened Registry Entry [minecraft:item / fossil:bone_tail_diplodocus] was not realized!
[07Jan2026 20:58:48.052] [main/WARN] [dev.architectury.registry.registries.forge.RegistrarManagerImpl/]: Registry entry listened Registry Entry [minecraft:item / fossil:spawn_egg_brachiosaurus] was not realized!
[07Jan2026 20:58:48.053] [main/WARN] [dev.architectury.registry.registries.forge.RegistrarManagerImpl/]: Registry entry listened Registry Entry [minecraft:item / fossil:bone_foot_gastornis] was not realized!
[07Jan2026 20:58:48.053] [main/WARN] [dev.architectury.registry.registries.forge.RegistrarManagerImpl/]: Registry entry listened Registry Entry [minecraft:item / fossil:bone_arm_protoceratops] was not realized!
[07Jan2026 20:58:48.053] [main/WARN] [dev.architectury.registry.registries.forge.RegistrarManagerImpl/]: Registry entry listened Registry Entry [minecraft:item / fossil:bone_ribcage_quagga] was not realized!
[07Jan2026 20:58:48.053] [main/WARN] [dev.architectury.registry.registries.forge.RegistrarManagerImpl/]: Registry entry listened Registry Entry [minecraft:item / fossil:egg_item_mosasaurus] was not realized!
[07Jan2026 20:58:48.053] [main/WARN] [dev.architectury.registry.registries.forge.RegistrarManagerImpl/]: Registry entry listened Registry Entry [minecraft:item / fossil:bone_arm_smilodon] was not realized!
[07Jan2026 20:58:48.053] [main/WARN] [dev.architectury.registry.registries.forge.RegistrarManagerImpl/]: Registry entry listened Registry Entry [minecraft:item / fossil:cat_dna] was not realized!
[07Jan2026 20:58:48.053] [main/WARN] [dev.architectury.registry.registries.forge.RegistrarManagerImpl/]: Registry entry listened Registry Entry [minecraft:item / fossil:bone_skull_kelenken] was not realized!
[07Jan2026 20:58:48.053] [main/WARN] [dev.architectury.registry.registries.forge.RegistrarManagerImpl/]: Registry entry listened Registry Entry [minecraft:item / fossil:bone_foot_confuciusornis] was not realized!
[07Jan2026 20:58:48.053] [main/WARN] [dev.architectury.registry.registries.forge.RegistrarManagerImpl/]: Registry entry listened Registry Entry [minecraft:item / fossil:spawn_egg_alligator_gar] was not realized!
[07Jan2026 20:58:48.053] [main/WARN] [dev.architectury.registry.registries.forge.RegistrarManagerImpl/]: Registry entry listened Registry Entry [minecraft:item / fossil:bone_vertebrae_psittacosaurus] was not realized!
[07Jan2026 20:58:48.053] [main/WARN] [dev.architectury.registry.registries.forge.RegistrarManagerImpl/]: Registry entry listened Registry Entry [minecraft:item / fossil:bone_ribcage_plesiosaurus] was not realized!
[07Jan2026 20:58:48.053] [main/WARN] [dev.architectury.registry.registries.forge.RegistrarManagerImpl/]: Registry entry listened Registry Entry [minecraft:item / fossil:egg_item_glow_squid] was not realized!
[07Jan2026 20:58:48.053] [main/WARN] [dev.architectury.registry.registries.forge.RegistrarManagerImpl/]: Registry entry listened Registry Entry [minecraft:item / fossil:bone_unique_plesiosaurus] was not realized!
[07Jan2026 20:58:48.053] [main/WARN] [dev.architectury.registry.registries.forge.RegistrarManagerImpl/]: Registry entry listened Registry Entry [minecraft:item / fossil:cooked_ankylosaurus] was not realized!
[07Jan2026 20:58:48.054] [main/WARN] [dev.architectury.registry.registries.forge.RegistrarManagerImpl/]: Registry entry listened Registry Entry [minecraft:item / fossil:bone_tail_dodo] was not realized!
[07Jan2026 20:58:48.054] [main/WARN] [dev.architectury.registry.registries.forge.RegistrarManagerImpl/]: Registry entry listened Registry Entry [minecraft:item / fossil:bone_tail_pachyrhinosaurus] was not realized!
[07Jan2026 20:58:48.054] [main/WARN] [dev.architectury.registry.registries.forge.RegistrarManagerImpl/]: Registry entry listened Registry Entry [minecraft:item / fossil:bone_ribcage_phorusrhacos] was not realized!
[07Jan2026 20:58:48.054] [main/WARN] [dev.architectury.registry.registries.forge.RegistrarManagerImpl/]: Registry entry listened Registry Entry [minecraft:item / fossil:bone_arm_citipati] was not realized!
[07Jan2026 20:58:48.054] [main/WARN] [dev.architectury.registry.registries.forge.RegistrarManagerImpl/]: Registry entry listened Registry Entry [minecraft:item / fossil:bee_dna] was not realized!
[07Jan2026 20:58:48.054] [main/WARN] [dev.architectury.registry.registries.forge.RegistrarManagerImpl/]: Registry entry listened Registry Entry [minecraft:item / fossil:bone_foot_mosasaurus] was not realized!
[07Jan2026 20:58:48.054] [main/WARN] [dev.architectury.registry.registries.forge.RegistrarManagerImpl/]: Registry entry listened Registry Entry [minecraft:item / fossil:syringe_ocelot] was not realized!
[07Jan2026 20:58:48.054] [main/WARN] [dev.architectury.registry.registries.forge.RegistrarManagerImpl/]: Registry entry listened Registry Entry [minecraft:item / fossil:bone_tail_smilodon] was not realized!
[07Jan2026 20:58:48.054] [main/WARN] [dev.architectury.registry.registries.forge.RegistrarManagerImpl/]: Registry entry listened Registry Entry [minecraft:item / fossil:diplocaulus_dna] was not realized!
[07Jan2026 20:58:48.054] [main/WARN] [dev.architectury.registry.registries.forge.RegistrarManagerImpl/]: Registry entry listened Registry Entry [minecraft:item / fossil:bone_unique_phorusrhacos] was not realized!
[07Jan2026 20:58:48.054] [main/WARN] [dev.architectury.registry.registries.forge.RegistrarManagerImpl/]: Registry entry listened Registry Entry [minecraft:item / fossil:egg_item_dilophosaurus] was not realized!
[07Jan2026 20:58:48.054] [main/WARN] [dev.architectury.registry.registries.forge.RegistrarManagerImpl/]: Registry entry listened Registry Entry [minecraft:item / fossil:sarcosuchus_dna] was not realized!
[07Jan2026 20:58:48.054] [main/WARN] [dev.architectury.registry.registries.forge.RegistrarManagerImpl/]: Registry entry listened Registry Entry [minecraft:item / fossil:bone_ribcage_postosuchus] was not realized!
[07Jan2026 20:58:48.054] [main/WARN] [dev.architectury.registry.registries.forge.RegistrarManagerImpl/]: Registry entry listened Registry Entry [minecraft:item / fossil:bone_foot_kelenken] was not realized!
[07Jan2026 20:58:48.054] [main/WARN] [dev.architectury.registry.registries.forge.RegistrarManagerImpl/]: Registry entry listened Registry Entry [minecraft:item / fossil:bone_skull_gallimimus] was not realized!
[07Jan2026 20:58:48.054] [main/WARN] [dev.architectury.registry.registries.forge.RegistrarManagerImpl/]: Registry entry listened Registry Entry [minecraft:item / fossil:meat_dimorphodon] was not realized!
[07Jan2026 20:58:48.055] [main/WARN] [dev.architectury.registry.registries.forge.RegistrarManagerImpl/]: Registry entry listened Registry Entry [minecraft:item / fossil:egg_item_alligator_gar] was not realized!
[07Jan2026 20:58:48.055] [main/WARN] [dev.architectury.registry.registries.forge.RegistrarManagerImpl/]: Registry entry listened Registry Entry [minecraft:item / fossil:spawn_egg_phorusrhacos] was not realized!
[07Jan2026 20:58:48.055] [main/WARN] [dev.architectury.registry.registries.forge.RegistrarManagerImpl/]: Registry entry listened Registry Entry [minecraft:item / fossil:megalodon_dna] was not realized!
[07Jan2026 20:58:48.055] [main/WARN] [dev.architectury.registry.registries.forge.RegistrarManagerImpl/]: Registry entry listened Registry Entry [minecraft:item / fossil:syringe_mooshroom] was not realized!
[07Jan2026 20:58:48.055] [main/WARN] [dev.architectury.registry.registries.forge.RegistrarManagerImpl/]: Registry entry listened Registry Entry [minecraft:item / fossil:spawn_egg_liopleurodon] was not realized!
[07Jan2026 20:58:48.055] [main/WARN] [dev.architectury.registry.registries.forge.RegistrarManagerImpl/]: Registry entry listened Registry Entry [minecraft:item / fossil:mosasaurus_dna] was not realized!
[07Jan2026 20:58:48.055] [main/WARN] [dev.architectury.registry.registries.forge.RegistrarManagerImpl/]: Registry entry listened Registry Entry [minecraft:item / fossil:bone_unique_ornitholestes] was not realized!
[07Jan2026 20:58:48.055] [main/WARN] [dev.architectury.registry.registries.forge.RegistrarManagerImpl/]: Registry entry listened Registry Entry [minecraft:item / fossil:bone_skull_parasaurolophus] was not realized!
[07Jan2026 20:58:48.055] [main/WARN] [dev.architectury.registry.registries.forge.RegistrarManagerImpl/]: Registry entry listened Registry Entry [minecraft:item / fossil:meat_ichthyosaurus] was not realized!
[07Jan2026 20:58:48.055] [main/WARN] [dev.architectury.registry.registries.forge.RegistrarManagerImpl/]: Registry entry listened Registry Entry [minecraft:item / fossil:spawn_egg_pteranodon] was not realized!
[07Jan2026 20:58:48.055] [main/WARN] [dev.architectury.registry.registries.forge.RegistrarManagerImpl/]: Registry entry listened Registry Entry [minecraft:item / fossil:squid_dna] was not realized!
[07Jan2026 20:58:48.055] [main/WARN] [dev.architectury.registry.registries.forge.RegistrarManagerImpl/]: Registry entry listened Registry Entry [minecraft:item / fossil:bone_leg_elasmotherium] was not realized!
[07Jan2026 20:58:48.055] [main/WARN] [dev.architectury.registry.registries.forge.RegistrarManagerImpl/]: Registry entry listened Registry Entry [minecraft:item / fossil:syringe_cat] was not realized!
[07Jan2026 20:58:48.055] [main/WARN] [dev.architectury.registry.registries.forge.RegistrarManagerImpl/]: Registry entry listened Registry Entry [minecraft:item / fossil:bone_vertebrae_quetzalcoatlus] was not realized!
[07Jan2026 20:58:48.055] [main/WARN] [dev.architectury.registry.registries.forge.RegistrarManagerImpl/]: Registry entry listened Registry Entry [minecraft:item / fossil:bone_leg_dodo] was not realized!
[07Jan2026 20:58:48.055] [main/WARN] [dev.architectury.registry.registries.forge.RegistrarManagerImpl/]: Registry entry listened Registry Entry [minecraft:item / fossil:spawn_egg_megalograptus] was not realized!
[07Jan2026 20:58:48.056] [main/WARN] [dev.architectury.registry.registries.forge.RegistrarManagerImpl/]: Registry entry listened Registry Entry [minecraft:item / fossil:syringe_strider] was not realized!
[07Jan2026 20:58:48.056] [main/WARN] [dev.architectury.registry.registries.forge.RegistrarManagerImpl/]: Registry entry listened Registry Entry [minecraft:item / fossil:megalograptus_dna] was not realized!
[07Jan2026 20:58:48.056] [main/WARN] [dev.architectury.registry.registries.forge.RegistrarManagerImpl/]: Registry entry listened Registry Entry [minecraft:item / fossil:cooked_plesiosaurus] was not realized!
[07Jan2026 20:58:48.056] [main/WARN] [dev.architectury.registry.registries.forge.RegistrarManagerImpl/]: Registry entry listened Registry Entry [minecraft:item / fossil:bucket_item_tiktaalik] was not realized!
[07Jan2026 20:58:48.056] [main/WARN] [dev.architectury.registry.registries.forge.RegistrarManagerImpl/]: Registry entry listened Registry Entry [minecraft:item / fossil:cooked_protoceratops] was not realized!
[07Jan2026 20:58:48.056] [main/WARN] [dev.architectury.registry.registries.forge.RegistrarManagerImpl/]: Registry entry listened Registry Entry [minecraft:item / fossil:cooked_tiktaalik] was not realized!
[07Jan2026 20:58:48.056] [main/WARN] [dev.architectury.registry.registries.forge.RegistrarManagerImpl/]: Registry entry listened Registry Entry [minecraft:item / fossil:bone_vertebrae_pteranodon] was not realized!
[07Jan2026 20:58:48.056] [main/WARN] [dev.architectury.registry.registries.forge.RegistrarManagerImpl/]: Registry entry listened Registry Entry [minecraft:item / fossil:spawn_egg_megaloceros] was not realized!
[07Jan2026 20:58:48.056] [main/WARN] [dev.architectury.registry.registries.forge.RegistrarManagerImpl/]: Registry entry listened Registry Entry [minecraft:item / fossil:cooked_pachycephalosaurus] was not realized!
[07Jan2026 20:58:48.056] [main/WARN] [dev.architectury.registry.registries.forge.RegistrarManagerImpl/]: Registry entry listened Registry Entry [minecraft:item / fossil:meat_scotoharpes] was not realized!
[07Jan2026 20:58:48.056] [main/WARN] [dev.architectury.registry.registries.forge.RegistrarManagerImpl/]: Registry entry listened Registry Entry [minecraft:item / fossil:bone_arm_pachyrhinosaurus] was not realized!
[07Jan2026 20:58:48.056] [main/WARN] [dev.architectury.registry.registries.forge.RegistrarManagerImpl/]: Registry entry listened Registry Entry [minecraft:item / fossil:ankylosaurus_dna] was not realized!
[07Jan2026 20:58:48.056] [main/WARN] [dev.architectury.registry.registries.forge.RegistrarManagerImpl/]: Registry entry listened Registry Entry [minecraft:item / fossil:bone_unique_tyrannosaurus] was not realized!
[07Jan2026 20:58:48.056] [main/WARN] [dev.architectury.registry.registries.forge.RegistrarManagerImpl/]: Registry entry listened Registry Entry [minecraft:item / fossil:cooked_ornitholestes] was not realized!
[07Jan2026 20:58:48.056] [main/WARN] [dev.architectury.registry.registries.forge.RegistrarManagerImpl/]: Registry entry listened Registry Entry [minecraft:item / fossil:egg_item_velociraptor] was not realized!
[07Jan2026 20:58:48.056] [main/WARN] [dev.architectury.registry.registries.forge.RegistrarManagerImpl/]: Registry entry listened Registry Entry [minecraft:item / fossil:syringe_smilodon] was not realized!
[07Jan2026 20:58:48.057] [main/WARN] [dev.architectury.registry.registries.forge.RegistrarManagerImpl/]: Registry entry listened Registry Entry [minecraft:item / fossil:bone_skull_liopleurodon] was not realized!
[07Jan2026 20:58:48.057] [main/WARN] [dev.architectury.registry.registries.forge.RegistrarManagerImpl/]: Registry entry listened Registry Entry [minecraft:item / fossil:bone_leg_crassigyrinus] was not realized!
[07Jan2026 20:58:48.057] [main/WARN] [dev.architectury.registry.registries.forge.RegistrarManagerImpl/]: Registry entry listened Registry Entry [minecraft:item / fossil:bone_unique_stegosaurus] was not realized!
[07Jan2026 20:58:48.057] [main/WARN] [dev.architectury.registry.registries.forge.RegistrarManagerImpl/]: Registry entry listened Registry Entry [minecraft:item / fossil:cooked_quetzalcoatlus] was not realized!
[07Jan2026 20:58:48.057] [main/WARN] [dev.architectury.registry.registries.forge.RegistrarManagerImpl/]: Registry entry listened Registry Entry [minecraft:item / fossil:spawn_egg_diplodocus] was not realized!
[07Jan2026 20:58:48.057] [main/WARN] [dev.architectury.registry.registries.forge.RegistrarManagerImpl/]: Registry entry listened Registry Entry [minecraft:item / fossil:bone_tail_postosuchus] was not realized!
[07Jan2026 20:58:48.057] [main/WARN] [dev.architectury.registry.registries.forge.RegistrarManagerImpl/]: Registry entry listened Registry Entry [minecraft:item / fossil:syringe_goat] was not realized!
[07Jan2026 20:58:48.057] [main/WARN] [dev.architectury.registry.registries.forge.RegistrarManagerImpl/]: Registry entry listened Registry Entry [minecraft:item / fossil:egg_item_spinosaurus] was not realized!
[07Jan2026 20:58:48.057] [main/WARN] [dev.architectury.registry.registries.forge.RegistrarManagerImpl/]: Registry entry listened Registry Entry [minecraft:item / fossil:bone_arm_confuciusornis] was not realized!
[07Jan2026 20:58:48.057] [main/WARN] [dev.architectury.registry.registries.forge.RegistrarManagerImpl/]: Registry entry listened Registry Entry [minecraft:item / fossil:spawn_egg_plesiosaurus] was not realized!
[07Jan2026 20:58:48.057] [main/WARN] [dev.architectury.registry.registries.forge.RegistrarManagerImpl/]: Registry entry listened Registry Entry [minecraft:item / fossil:brachiosaurus_dna] was not realized!
[07Jan2026 20:58:48.057] [main/WARN] [dev.architectury.registry.registries.forge.RegistrarManagerImpl/]: Registry entry listened Registry Entry [minecraft:item / fossil:kelenken_dna] was not realized!
[07Jan2026 20:58:48.057] [main/WARN] [dev.architectury.registry.registries.forge.RegistrarManagerImpl/]: Registry entry listened Registry Entry [minecraft:item / fossil:meat_pteranodon] was not realized!
[07Jan2026 20:58:48.057] [main/WARN] [dev.architectury.registry.registries.forge.RegistrarManagerImpl/]: Registry entry listened Registry Entry [minecraft:item / fossil:cooked_dimorphodon] was not realized!
[07Jan2026 20:58:48.057] [main/WARN] [dev.architectury.registry.registries.forge.RegistrarManagerImpl/]: Registry entry listened Registry Entry [minecraft:item / fossil:deinonychus_dna] was not realized!
[07Jan2026 20:58:48.057] [main/WARN] [dev.architectury.registry.registries.forge.RegistrarManagerImpl/]: Registry entry listened Registry Entry [minecraft:item / fossil:bone_vertebrae_liopleurodon] was not realized!
[07Jan2026 20:58:48.058] [main/WARN] [dev.architectury.registry.registries.forge.RegistrarManagerImpl/]: Registry entry listened Registry Entry [minecraft:item / fossil:bone_unique_diplodocus] was not realized!
[07Jan2026 20:58:48.058] [main/WARN] [dev.architectury.registry.registries.forge.RegistrarManagerImpl/]: Registry entry listened Registry Entry [minecraft:item / fossil:fox_dna] was not realized!
[07Jan2026 20:58:48.058] [main/WARN] [dev.architectury.registry.registries.forge.RegistrarManagerImpl/]: Registry entry listened Registry Entry [minecraft:item / fossil:egg_item_quetzalcoatlus] was not realized!
[07Jan2026 20:58:48.058] [main/WARN] [dev.architectury.registry.registries.forge.RegistrarManagerImpl/]: Registry entry listened Registry Entry [minecraft:item / fossil:bone_vertebrae_gastornis] was not realized!
[07Jan2026 20:58:48.058] [main/WARN] [dev.architectury.registry.registries.forge.RegistrarManagerImpl/]: Registry entry listened Registry Entry [minecraft:item / fossil:egg_item_walliserops] was not realized!
[07Jan2026 20:58:48.058] [main/WARN] [dev.architectury.registry.registries.forge.RegistrarManagerImpl/]: Registry entry listened Registry Entry [minecraft:item / fossil:spawn_egg_postosuchus] was not realized!
[07Jan2026 20:58:48.058] [main/WARN] [dev.architectury.registry.registries.forge.RegistrarManagerImpl/]: Registry entry listened Registry Entry [minecraft:item / fossil:cooked_dimetrodon] was not realized!
[07Jan2026 20:58:48.058] [main/WARN] [dev.architectury.registry.registries.forge.RegistrarManagerImpl/]: Registry entry listened Registry Entry [minecraft:item / fossil:bone_leg_postosuchus] was not realized!
[07Jan2026 20:58:48.058] [main/WARN] [dev.architectury.registry.registries.forge.RegistrarManagerImpl/]: Registry entry listened Registry Entry [minecraft:item / fossil:meat_edaphosaurus] was not realized!
[07Jan2026 20:58:48.058] [main/WARN] [dev.architectury.registry.registries.forge.RegistrarManagerImpl/]: Registry entry listened Registry Entry [minecraft:item / fossil:egg_kelenken] was not realized!
[07Jan2026 20:58:48.058] [main/WARN] [dev.architectury.registry.registries.forge.RegistrarManagerImpl/]: Registry entry listened Registry Entry [minecraft:item / fossil:bone_arm_elasmotherium] was not realized!
[07Jan2026 20:58:48.058] [main/WARN] [dev.architectury.registry.registries.forge.RegistrarManagerImpl/]: Registry entry listened Registry Entry [minecraft:item / fossil:bone_tail_compsognathus] was not realized!
[07Jan2026 20:58:48.058] [main/WARN] [dev.architectury.registry.registries.forge.RegistrarManagerImpl/]: Registry entry listened Registry Entry [minecraft:item / fossil:bone_ribcage_tyrannosaurus] was not realized!
[07Jan2026 20:58:48.058] [main/WARN] [dev.architectury.registry.registries.forge.RegistrarManagerImpl/]: Registry entry listened Registry Entry [minecraft:item / fossil:bone_unique_diplocaulus] was not realized!
[07Jan2026 20:58:48.058] [main/WARN] [dev.architectury.registry.registries.forge.RegistrarManagerImpl/]: Registry entry listened Registry Entry [minecraft:item / fossil:edaphosaurus_dna] was not realized!
[07Jan2026 20:58:48.058] [main/WARN] [dev.architectury.registry.registries.forge.RegistrarManagerImpl/]: Registry entry listened Registry Entry [minecraft:item / fossil:bone_foot_ornitholestes] was not realized!
[07Jan2026 20:58:48.058] [main/WARN] [dev.architectury.registry.registries.forge.RegistrarManagerImpl/]: Registry entry listened Registry Entry [minecraft:item / fossil:bone_arm_pachycephalosaurus] was not realized!
[07Jan2026 20:58:48.059] [main/WARN] [dev.architectury.registry.registries.forge.RegistrarManagerImpl/]: Registry entry listened Registry Entry [minecraft:item / fossil:bone_arm_gallimimus] was not realized!
[07Jan2026 20:58:48.059] [main/WARN] [dev.architectury.registry.registries.forge.RegistrarManagerImpl/]: Registry entry listened Registry Entry [minecraft:item / fossil:cooked_alligator_gar] was not realized!
[07Jan2026 20:58:48.059] [main/WARN] [dev.architectury.registry.registries.forge.RegistrarManagerImpl/]: Registry entry listened Registry Entry [minecraft:item / fossil:bone_vertebrae_ankylosaurus] was not realized!
[07Jan2026 20:58:48.059] [main/WARN] [dev.architectury.registry.registries.forge.RegistrarManagerImpl/]: Registry entry listened Registry Entry [minecraft:item / fossil:spawn_egg_aquilolamna] was not realized!
[07Jan2026 20:58:48.059] [main/WARN] [dev.architectury.registry.registries.forge.RegistrarManagerImpl/]: Registry entry listened Registry Entry [minecraft:item / fossil:bone_vertebrae_compsognathus] was not realized!
[07Jan2026 20:58:48.059] [main/WARN] [dev.architectury.registry.registries.forge.RegistrarManagerImpl/]: Registry entry listened Registry Entry [minecraft:item / fossil:bone_skull_mosasaurus] was not realized!
[07Jan2026 20:58:48.059] [main/WARN] [dev.architectury.registry.registries.forge.RegistrarManagerImpl/]: Registry entry listened Registry Entry [minecraft:item / fossil:wolf_dna] was not realized!
[07Jan2026 20:58:48.059] [main/WARN] [dev.architectury.registry.registries.forge.RegistrarManagerImpl/]: Registry entry listened Registry Entry [minecraft:item / fossil:bone_skull_ichthyosaurus] was not realized!
[07Jan2026 20:58:48.059] [main/WARN] [dev.architectury.registry.registries.forge.RegistrarManagerImpl/]: Registry entry listened Registry Entry [minecraft:item / fossil:bone_arm_psittacosaurus] was not realized!
[07Jan2026 20:58:48.059] [main/WARN] [dev.architectury.registry.registries.forge.RegistrarManagerImpl/]: Registry entry listened Registry Entry [minecraft:item / fossil:cooked_smilodon] was not realized!
[07Jan2026 20:58:48.059] [main/WARN] [dev.architectury.registry.registries.forge.RegistrarManagerImpl/]: Registry entry listened Registry Entry [minecraft:item / fossil:bone_leg_quagga] was not realized!
[07Jan2026 20:58:48.059] [main/WARN] [dev.architectury.registry.registries.forge.RegistrarManagerImpl/]: Registry entry listened Registry Entry [minecraft:item / fossil:bone_skull_mammoth] was not realized!
[07Jan2026 20:58:48.059] [main/WARN] [dev.architectury.registry.registries.forge.RegistrarManagerImpl/]: Registry entry listened Registry Entry [minecraft:item / fossil:bone_skull_postosuchus] was not realized!
[07Jan2026 20:58:48.059] [main/WARN] [dev.architectury.registry.registries.forge.RegistrarManagerImpl/]: Registry entry listened Registry Entry [minecraft:item / fossil:meganeura_dna] was not realized!
[07Jan2026 20:58:48.063] [main/WARN] [dev.architectury.registry.registries.forge.RegistrarManagerImpl/]: Registry entry listened Registry Entry [minecraft:item / fossil:bone_arm_plesiosaurus] was not realized!
[07Jan2026 20:58:48.063] [main/WARN] [dev.architectury.registry.registries.forge.RegistrarManagerImpl/]: Registry entry listened Registry Entry [minecraft:item / fossil:bone_tail_crassigyrinus] was not realized!
[07Jan2026 20:58:48.064] [main/WARN] [dev.architectury.registry.registries.forge.RegistrarManagerImpl/]: Registry entry listened Registry Entry [minecraft:item / fossil:strider_dna] was not realized!
[07Jan2026 20:58:48.064] [main/WARN] [dev.architectury.registry.registries.forge.RegistrarManagerImpl/]: Registry entry listened Registry Entry [minecraft:item / fossil:bone_unique_velociraptor] was not realized!
[07Jan2026 20:58:48.064] [main/WARN] [dev.architectury.registry.registries.forge.RegistrarManagerImpl/]: Registry entry listened Registry Entry [minecraft:item / fossil:bone_tail_dimetrodon] was not realized!
[07Jan2026 20:58:48.064] [main/WARN] [dev.architectury.registry.registries.forge.RegistrarManagerImpl/]: Registry entry listened Registry Entry [minecraft:item / fossil:cooked_meganeura] was not realized!
[07Jan2026 20:58:48.064] [main/WARN] [dev.architectury.registry.registries.forge.RegistrarManagerImpl/]: Registry entry listened Registry Entry [minecraft:item / fossil:meat_confuciusornis] was not realized!
[07Jan2026 20:58:48.064] [main/WARN] [dev.architectury.registry.registries.forge.RegistrarManagerImpl/]: Registry entry listened Registry Entry [minecraft:item / fossil:spawn_egg_elasmotherium] was not realized!
[07Jan2026 20:58:48.064] [main/WARN] [dev.architectury.registry.registries.forge.RegistrarManagerImpl/]: Registry entry listened Registry Entry [minecraft:item / fossil:bone_skull_henodus] was not realized!
[07Jan2026 20:58:48.064] [main/WARN] [dev.architectury.registry.registries.forge.RegistrarManagerImpl/]: Registry entry listened Registry Entry [minecraft:item / fossil:bone_skull_allosaurus] was not realized!
[07Jan2026 20:58:48.064] [main/WARN] [dev.architectury.registry.registries.forge.RegistrarManagerImpl/]: Registry entry listened Registry Entry [minecraft:item / fossil:bone_vertebrae_ornitholestes] was not realized!
[07Jan2026 20:58:48.065] [main/WARN] [dev.architectury.registry.registries.forge.RegistrarManagerImpl/]: Registry entry listened Registry Entry [minecraft:item / fossil:bone_unique_brachiosaurus] was not realized!
[07Jan2026 20:58:48.065] [main/WARN] [dev.architectury.registry.registries.forge.RegistrarManagerImpl/]: Registry entry listened Registry Entry [minecraft:item / fossil:bone_arm_postosuchus] was not realized!
[07Jan2026 20:58:48.065] [main/WARN] [dev.architectury.registry.registries.forge.RegistrarManagerImpl/]: Registry entry listened Registry Entry [minecraft:item / fossil:bone_leg_sarcosuchus] was not realized!
[07Jan2026 20:58:48.065] [main/WARN] [dev.architectury.registry.registries.forge.RegistrarManagerImpl/]: Registry entry listened Registry Entry [minecraft:item / fossil:spawn_egg_triceratops] was not realized!
[07Jan2026 20:58:48.065] [main/WARN] [dev.architectury.registry.registries.forge.RegistrarManagerImpl/]: Registry entry listened Registry Entry [minecraft:item / fossil:meat_dicranurus] was not realized!
[07Jan2026 20:58:48.065] [main/WARN] [dev.architectury.registry.registries.forge.RegistrarManagerImpl/]: Registry entry listened Registry Entry [minecraft:item / fossil:bone_arm_titanis] was not realized!
[07Jan2026 20:58:48.065] [main/WARN] [dev.architectury.registry.registries.forge.RegistrarManagerImpl/]: Registry entry listened Registry Entry [minecraft:item / fossil:meat_triceratops] was not realized!
[07Jan2026 20:58:48.065] [main/WARN] [dev.architectury.registry.registries.forge.RegistrarManagerImpl/]: Registry entry listened Registry Entry [minecraft:item / fossil:bone_ribcage_platybelodon] was not realized!
[07Jan2026 20:58:48.066] [main/WARN] [dev.architectury.registry.registries.forge.RegistrarManagerImpl/]: Registry entry listened Registry Entry [minecraft:item / fossil:meat_ceratosaurus] was not realized!
[07Jan2026 20:58:48.066] [main/WARN] [dev.architectury.registry.registries.forge.RegistrarManagerImpl/]: Registry entry listened Registry Entry [minecraft:item / fossil:quagga_dna] was not realized!
[07Jan2026 20:58:48.066] [main/WARN] [dev.architectury.registry.registries.forge.RegistrarManagerImpl/]: Registry entry listened Registry Entry [minecraft:item / fossil:meat_diplocaulus] was not realized!
[07Jan2026 20:58:48.066] [main/WARN] [dev.architectury.registry.registries.forge.RegistrarManagerImpl/]: Registry entry listened Registry Entry [minecraft:item / fossil:egg_item_gastornis] was not realized!
[07Jan2026 20:58:48.066] [main/WARN] [dev.architectury.registry.registries.forge.RegistrarManagerImpl/]: Registry entry listened Registry Entry [minecraft:item / fossil:bone_leg_triceratops] was not realized!
[07Jan2026 20:58:48.066] [main/WARN] [dev.architectury.registry.registries.forge.RegistrarManagerImpl/]: Registry entry listened Registry Entry [minecraft:item / fossil:bone_leg_compsognathus] was not realized!
[07Jan2026 20:58:48.066] [main/WARN] [dev.architectury.registry.registries.forge.RegistrarManagerImpl/]: Registry entry listened Registry Entry [minecraft:item / fossil:egg_item_parrot] was not realized!
[07Jan2026 20:58:48.066] [main/WARN] [dev.architectury.registry.registries.forge.RegistrarManagerImpl/]: Registry entry listened Registry Entry [minecraft:item / fossil:cooked_walliserops] was not realized!
[07Jan2026 20:58:48.066] [main/WARN] [dev.architectury.registry.registries.forge.RegistrarManagerImpl/]: Registry entry listened Registry Entry [minecraft:item / fossil:bone_unique_titanis] was not realized!
[07Jan2026 20:58:48.067] [main/WARN] [dev.architectury.registry.registries.forge.RegistrarManagerImpl/]: Registry entry listened Registry Entry [minecraft:item / fossil:hoglin_dna] was not realized!
[07Jan2026 20:58:48.067] [main/WARN] [dev.architectury.registry.registries.forge.RegistrarManagerImpl/]: Registry entry listened Registry Entry [minecraft:item / fossil:megalania_dna] was not realized!
[07Jan2026 20:58:48.067] [main/WARN] [dev.architectury.registry.registries.forge.RegistrarManagerImpl/]: Registry entry listened Registry Entry [minecraft:item / fossil:cooked_therizinosaurus] was not realized!
[07Jan2026 20:58:48.067] [main/WARN] [dev.architectury.registry.registries.forge.RegistrarManagerImpl/]: Registry entry listened Registry Entry [minecraft:item / fossil:spawn_egg_walliserops] was not realized!
[07Jan2026 20:58:48.067] [main/WARN] [dev.architectury.registry.registries.forge.RegistrarManagerImpl/]: Registry entry listened Registry Entry [minecraft:item / fossil:meat_plesiosaurus] was not realized!
[07Jan2026 20:58:48.067] [main/WARN] [dev.architectury.registry.registries.forge.RegistrarManagerImpl/]: Registry entry listened Registry Entry [minecraft:item / fossil:bone_ribcage_gastornis] was not realized!
[07Jan2026 20:58:48.067] [main/WARN] [dev.architectury.registry.registries.forge.RegistrarManagerImpl/]: Registry entry listened Registry Entry [minecraft:item / fossil:egg_item_citipati] was not realized!
[07Jan2026 20:58:48.068] [main/WARN] [dev.architectury.registry.registries.forge.RegistrarManagerImpl/]: Registry entry listened Registry Entry [minecraft:item / fossil:bone_tail_tiktaalik] was not realized!
[07Jan2026 20:58:48.068] [main/WARN] [dev.architectury.registry.registries.forge.RegistrarManagerImpl/]: Registry entry listened Registry Entry [minecraft:item / fossil:frog_dna] was not realized!
[07Jan2026 20:58:48.068] [main/WARN] [dev.architectury.registry.registries.forge.RegistrarManagerImpl/]: Registry entry listened Registry Entry [minecraft:item / fossil:egg_item_gallimimus] was not realized!
[07Jan2026 20:58:48.068] [main/WARN] [dev.architectury.registry.registries.forge.RegistrarManagerImpl/]: Registry entry listened Registry Entry [minecraft:item / fossil:bone_unique_deinonychus] was not realized!
[07Jan2026 20:58:48.068] [main/WARN] [dev.architectury.registry.registries.forge.RegistrarManagerImpl/]: Registry entry listened Registry Entry [minecraft:item / fossil:cooked_elasmotherium] was not realized!
[07Jan2026 20:58:48.068] [main/WARN] [dev.architectury.registry.registries.forge.RegistrarManagerImpl/]: Registry entry listened Registry Entry [minecraft:item / fossil:bone_tail_liopleurodon] was not realized!
[07Jan2026 20:58:48.068] [main/WARN] [dev.architectury.registry.registries.forge.RegistrarManagerImpl/]: Registry entry listened Registry Entry [minecraft:item / fossil:bucket_item_lonchodomas] was not realized!
[07Jan2026 20:58:48.069] [main/WARN] [dev.architectury.registry.registries.forge.RegistrarManagerImpl/]: Registry entry listened Registry Entry [minecraft:item / fossil:bone_vertebrae_sarcosuchus] was not realized!
[07Jan2026 20:58:48.069] [main/WARN] [dev.architectury.registry.registries.forge.RegistrarManagerImpl/]: Registry entry listened Registry Entry [minecraft:item / fossil:bone_tail_confuciusornis] was not realized!
[07Jan2026 20:58:48.069] [main/WARN] [dev.architectury.registry.registries.forge.RegistrarManagerImpl/]: Registry entry listened Registry Entry [minecraft:item / fossil:meat_sturgeon] was not realized!
[07Jan2026 20:58:48.069] [main/WARN] [dev.architectury.registry.registries.forge.RegistrarManagerImpl/]: Registry entry listened Registry Entry [minecraft:item / fossil:bone_foot_protoceratops] was not realized!
[07Jan2026 20:58:48.069] [main/WARN] [dev.architectury.registry.registries.forge.RegistrarManagerImpl/]: Registry entry listened Registry Entry [minecraft:item / fossil:bone_foot_psittacosaurus] was not realized!
[07Jan2026 20:58:48.069] [main/WARN] [dev.architectury.registry.registries.forge.RegistrarManagerImpl/]: Registry entry listened Registry Entry [minecraft:item / fossil:phorusrhacos_dna] was not realized!
[07Jan2026 20:58:48.069] [main/WARN] [dev.architectury.registry.registries.forge.RegistrarManagerImpl/]: Registry entry listened Registry Entry [minecraft:item / fossil:spawn_egg_sarcosuchus] was not realized!
[07Jan2026 20:58:48.069] [main/WARN] [dev.architectury.registry.registries.forge.RegistrarManagerImpl/]: Registry entry listened Registry Entry [minecraft:item / fossil:spawn_egg_ornitholestes] was not realized!
[07Jan2026 20:58:48.069] [main/WARN] [dev.architectury.registry.registries.forge.RegistrarManagerImpl/]: Registry entry listened Registry Entry [minecraft:item / fossil:cooked_triceratops] was not realized!
[07Jan2026 20:58:48.069] [main/WARN] [dev.architectury.registry.registries.forge.RegistrarManagerImpl/]: Registry entry listened Registry Entry [minecraft:item / fossil:ornitholestes_dna] was not realized!
[07Jan2026 20:58:48.070] [main/WARN] [dev.architectury.registry.registries.forge.RegistrarManagerImpl/]: Registry entry listened Registry Entry [minecraft:item / fossil:bone_arm_crassigyrinus] was not realized!
[07Jan2026 20:58:48.070] [main/WARN] [dev.architectury.registry.registries.forge.RegistrarManagerImpl/]: Registry entry listened Registry Entry [minecraft:item / fossil:bone_arm_ornitholestes] was not realized!
[07Jan2026 20:58:48.070] [main/WARN] [dev.architectury.registry.registries.forge.RegistrarManagerImpl/]: Registry entry listened Registry Entry [minecraft:item / fossil:syringe_megaloceros] was not realized!
[07Jan2026 20:58:48.070] [main/WARN] [dev.architectury.registry.registries.forge.RegistrarManagerImpl/]: Registry entry listened Registry Entry [minecraft:item / fossil:horse_dna] was not realized!
[07Jan2026 20:58:48.070] [main/WARN] [dev.architectury.registry.registries.forge.RegistrarManagerImpl/]: Registry entry listened Registry Entry [minecraft:item / fossil:bone_skull_gastornis] was not realized!
[07Jan2026 20:58:48.070] [main/WARN] [dev.architectury.registry.registries.forge.RegistrarManagerImpl/]: Registry entry listened Registry Entry [minecraft:item / fossil:spawn_egg_crassigyrinus] was not realized!
[07Jan2026 20:58:48.070] [main/WARN] [dev.architectury.registry.registries.forge.RegistrarManagerImpl/]: Registry entry listened Registry Entry [minecraft:item / fossil:bucket_item_nautilus] was not realized!
[07Jan2026 20:58:48.070] [main/WARN] [dev.architectury.registry.registries.forge.RegistrarManagerImpl/]: Registry entry listened Registry Entry [minecraft:item / fossil:meat_diplodocus] was not realized!
[07Jan2026 20:58:48.071] [main/WARN] [dev.architectury.registry.registries.forge.RegistrarManagerImpl/]: Registry entry listened Registry Entry [minecraft:item / fossil:bone_tail_brachiosaurus] was not realized!
[07Jan2026 20:58:48.071] [main/WARN] [dev.architectury.registry.registries.forge.RegistrarManagerImpl/]: Registry entry listened Registry Entry [minecraft:item / fossil:bone_foot_gallimimus] was not realized!
[07Jan2026 20:58:48.071] [main/WARN] [dev.architectury.registry.registries.forge.RegistrarManagerImpl/]: Registry entry listened Registry Entry [minecraft:item / fossil:egg_item_allosaurus] was not realized!
[07Jan2026 20:58:48.071] [main/WARN] [dev.architectury.registry.registries.forge.RegistrarManagerImpl/]: Registry entry listened Registry Entry [minecraft:item / fossil:spawn_egg_compsognathus] was not realized!
[07Jan2026 20:58:48.071] [main/WARN] [dev.architectury.registry.registries.forge.RegistrarManagerImpl/]: Registry entry listened Registry Entry [minecraft:item / fossil:bone_foot_liopleurodon] was not realized!
[07Jan2026 20:58:48.071] [main/WARN] [dev.architectury.registry.registries.forge.RegistrarManagerImpl/]: Registry entry listened Registry Entry [minecraft:item / fossil:egg_item_scotoharpes] was not realized!
[07Jan2026 20:58:48.071] [main/WARN] [dev.architectury.registry.registries.forge.RegistrarManagerImpl/]: Registry entry listened Registry Entry [minecraft:item / fossil:bone_ribcage_dryosaurus] was not realized!
[07Jan2026 20:58:48.071] [main/WARN] [dev.architectury.registry.registries.forge.RegistrarManagerImpl/]: Registry entry listened Registry Entry [minecraft:item / fossil:ocelot_dna] was not realized!
[07Jan2026 20:58:48.071] [main/WARN] [dev.architectury.registry.registries.forge.RegistrarManagerImpl/]: Registry entry listened Registry Entry [minecraft:item / fossil:egg_item_psittacosaurus] was not realized!
[07Jan2026 20:58:48.071] [main/WARN] [dev.architectury.registry.registries.forge.RegistrarManagerImpl/]: Registry entry listened Registry Entry [minecraft:item / fossil:bucket_item_sturgeon] was not realized!
[07Jan2026 20:58:48.072] [main/WARN] [dev.architectury.registry.registries.forge.RegistrarManagerImpl/]: Registry entry listened Registry Entry [minecraft:item / fossil:bone_vertebrae_triceratops] was not realized!
[07Jan2026 20:58:48.072] [main/WARN] [dev.architectury.registry.registries.forge.RegistrarManagerImpl/]: Registry entry listened Registry Entry [minecraft:item / fossil:meat_phorusrhacos] was not realized!
[07Jan2026 20:58:48.072] [main/WARN] [dev.architectury.registry.registries.forge.RegistrarManagerImpl/]: Registry entry listened Registry Entry [minecraft:item / fossil:bone_foot_citipati] was not realized!
[07Jan2026 20:58:48.072] [main/WARN] [dev.architectury.registry.registries.forge.RegistrarManagerImpl/]: Registry entry listened Registry Entry [minecraft:item / fossil:bone_foot_smilodon] was not realized!
[07Jan2026 20:58:48.072] [main/WARN] [dev.architectury.registry.registries.forge.RegistrarManagerImpl/]: Registry entry listened Registry Entry [minecraft:item / fossil:egg_dodo] was not realized!
[07Jan2026 20:58:48.072] [main/WARN] [dev.architectury.registry.registries.forge.RegistrarManagerImpl/]: Registry entry listened Registry Entry [minecraft:item / fossil:bone_leg_gallimimus] was not realized!
[07Jan2026 20:58:48.072] [main/WARN] [dev.architectury.registry.registries.forge.RegistrarManagerImpl/]: Registry entry listened Registry Entry [minecraft:item / fossil:bone_foot_allosaurus] was not realized!
[07Jan2026 20:58:48.073] [main/WARN] [dev.architectury.registry.registries.forge.RegistrarManagerImpl/]: Registry entry listened Registry Entry [minecraft:item / fossil:alligator_gar_dna] was not realized!
[07Jan2026 20:58:48.073] [main/WARN] [dev.architectury.registry.registries.forge.RegistrarManagerImpl/]: Registry entry listened Registry Entry [minecraft:item / fossil:bone_leg_confuciusornis] was not realized!
[07Jan2026 20:58:48.073] [main/WARN] [dev.architectury.registry.registries.forge.RegistrarManagerImpl/]: Registry entry listened Registry Entry [minecraft:item / fossil:bone_tail_platybelodon] was not realized!
[07Jan2026 20:58:48.073] [main/WARN] [dev.architectury.registry.registries.forge.RegistrarManagerImpl/]: Registry entry listened Registry Entry [minecraft:item / fossil:bone_unique_dimorphodon] was not realized!
[07Jan2026 20:58:48.073] [main/WARN] [dev.architectury.registry.registries.forge.RegistrarManagerImpl/]: Registry entry listened Registry Entry [minecraft:item / fossil:cooked_phorusrhacos] was not realized!
[07Jan2026 20:58:48.073] [main/WARN] [dev.architectury.registry.registries.forge.RegistrarManagerImpl/]: Registry entry listened Registry Entry [minecraft:item / fossil:spawn_egg_sturgeon] was not realized!
[07Jan2026 20:58:48.073] [main/WARN] [dev.architectury.registry.registries.forge.RegistrarManagerImpl/]: Registry entry listened Registry Entry [minecraft:item / fossil:dodo_dna] was not realized!
[07Jan2026 20:58:48.073] [main/WARN] [dev.architectury.registry.registries.forge.RegistrarManagerImpl/]: Registry entry listened Registry Entry [minecraft:item / fossil:bone_vertebrae_diplodocus] was not realized!
[07Jan2026 20:58:48.073] [main/WARN] [dev.architectury.registry.registries.forge.RegistrarManagerImpl/]: Registry entry listened Registry Entry [minecraft:item / fossil:bone_ribcage_dilophosaurus] was not realized!
[07Jan2026 20:58:48.073] [main/WARN] [dev.architectury.registry.registries.forge.RegistrarManagerImpl/]: Registry entry listened Registry Entry [minecraft:item / fossil:spawn_egg_psittacosaurus] was not realized!
[07Jan2026 20:58:48.074] [main/WARN] [dev.architectury.registry.registries.forge.RegistrarManagerImpl/]: Registry entry listened Registry Entry [minecraft:item / fossil:cooked_aquilolamna] was not realized!
[07Jan2026 20:58:48.074] [main/WARN] [dev.architectury.registry.registries.forge.RegistrarManagerImpl/]: Registry entry listened Registry Entry [minecraft:item / fossil:bone_unique_quetzalcoatlus] was not realized!
[07Jan2026 20:58:48.074] [main/WARN] [dev.architectury.registry.registries.forge.RegistrarManagerImpl/]: Registry entry listened Registry Entry [minecraft:item / fossil:bone_tail_velociraptor] was not realized!
[07Jan2026 20:58:48.074] [main/WARN] [dev.architectury.registry.registries.forge.RegistrarManagerImpl/]: Registry entry listened Registry Entry [minecraft:item / fossil:pufferfish_dna] was not realized!
[07Jan2026 20:58:48.074] [main/WARN] [dev.architectury.registry.registries.forge.RegistrarManagerImpl/]: Registry entry listened Registry Entry [minecraft:item / fossil:meat_aquilolamna] was not realized!
[07Jan2026 20:58:48.074] [main/WARN] [dev.architectury.registry.registries.forge.RegistrarManagerImpl/]: Registry entry listened Registry Entry [minecraft:item / fossil:bone_arm_compsognathus] was not realized!
[07Jan2026 20:58:48.074] [main/WARN] [dev.architectury.registry.registries.forge.RegistrarManagerImpl/]: Registry entry listened Registry Entry [minecraft:item / fossil:cooked_scotoharpes] was not realized!
[07Jan2026 20:58:48.074] [main/WARN] [dev.architectury.registry.registries.forge.RegistrarManagerImpl/]: Registry entry listened Registry Entry [minecraft:item / fossil:bone_skull_dodo] was not realized!
[07Jan2026 20:58:48.074] [main/WARN] [dev.architectury.registry.registries.forge.RegistrarManagerImpl/]: Registry entry listened Registry Entry [minecraft:item / fossil:bone_unique_spinosaurus] was not realized!
[07Jan2026 20:58:48.074] [main/WARN] [dev.architectury.registry.registries.forge.RegistrarManagerImpl/]: Registry entry listened Registry Entry [minecraft:item / fossil:bone_ribcage_mosasaurus] was not realized!
[07Jan2026 20:58:48.074] [main/WARN] [dev.architectury.registry.registries.forge.RegistrarManagerImpl/]: Registry entry listened Registry Entry [minecraft:item / fossil:bone_skull_titanis] was not realized!
[07Jan2026 20:58:48.074] [main/WARN] [dev.architectury.registry.registries.forge.RegistrarManagerImpl/]: Registry entry listened Registry Entry [minecraft:item / fossil:platybelodon_dna] was not realized!
[07Jan2026 20:58:48.075] [main/WARN] [dev.architectury.registry.registries.forge.RegistrarManagerImpl/]: Registry entry listened Registry Entry [minecraft:item / fossil:bone_leg_tiktaalik] was not realized!
[07Jan2026 20:58:48.075] [main/WARN] [dev.architectury.registry.registries.forge.RegistrarManagerImpl/]: Registry entry listened Registry Entry [minecraft:item / fossil:bone_skull_pachyrhinosaurus] was not realized!
[07Jan2026 20:58:48.075] [main/WARN] [dev.architectury.registry.registries.forge.RegistrarManagerImpl/]: Registry entry listened Registry Entry [minecraft:item / fossil:egg_item_aquilolamna] was not realized!
[07Jan2026 20:58:48.075] [main/WARN] [dev.architectury.registry.registries.forge.RegistrarManagerImpl/]: Registry entry listened Registry Entry [minecraft:item / fossil:bone_vertebrae_elasmotherium] was not realized!
[07Jan2026 20:58:48.075] [main/WARN] [dev.architectury.registry.registries.forge.RegistrarManagerImpl/]: Registry entry listened Registry Entry [minecraft:item / fossil:elasmotherium_dna] was not realized!
[07Jan2026 20:58:48.075] [main/WARN] [dev.architectury.registry.registries.forge.RegistrarManagerImpl/]: Registry entry listened Registry Entry [minecraft:item / fossil:bone_tail_tyrannosaurus] was not realized!
[07Jan2026 20:58:48.075] [main/WARN] [dev.architectury.registry.registries.forge.RegistrarManagerImpl/]: Registry entry listened Registry Entry [minecraft:item / fossil:bucket_item_coelacanth] was not realized!
[07Jan2026 20:58:48.075] [main/WARN] [dev.architectury.registry.registries.forge.RegistrarManagerImpl/]: Registry entry listened Registry Entry [minecraft:item / fossil:spawn_egg_nautilus] was not realized!
[07Jan2026 20:58:48.075] [main/WARN] [dev.architectury.registry.registries.forge.RegistrarManagerImpl/]: Registry entry listened Registry Entry [minecraft:item / fossil:bone_skull_megalania] was not realized!
[07Jan2026 20:58:48.075] [main/WARN] [dev.architectury.registry.registries.forge.RegistrarManagerImpl/]: Registry entry listened Registry Entry [minecraft:item / fossil:spawn_egg_platybelodon] was not realized!
[07Jan2026 20:58:48.075] [main/WARN] [dev.architectury.registry.registries.forge.RegistrarManagerImpl/]: Registry entry listened Registry Entry [minecraft:item / fossil:bone_ribcage_diplodocus] was not realized!
[07Jan2026 20:58:48.076] [main/WARN] [dev.architectury.registry.registries.forge.RegistrarManagerImpl/]: Registry entry listened Registry Entry [minecraft:item / fossil:bone_tail_triceratops] was not realized!
[07Jan2026 20:58:48.076] [main/WARN] [dev.architectury.registry.registries.forge.RegistrarManagerImpl/]: Registry entry listened Registry Entry [minecraft:item / fossil:cooked_velociraptor] was not realized!
[07Jan2026 20:58:48.076] [main/WARN] [dev.architectury.registry.registries.forge.RegistrarManagerImpl/]: Registry entry listened Registry Entry [minecraft:item / fossil:bucket_item_crassigyrinus] was not realized!
[07Jan2026 20:58:48.076] [main/WARN] [dev.architectury.registry.registries.forge.RegistrarManagerImpl/]: Registry entry listened Registry Entry [minecraft:item / fossil:bone_leg_dimorphodon] was not realized!
[07Jan2026 20:58:48.076] [main/WARN] [dev.architectury.registry.registries.forge.RegistrarManagerImpl/]: Registry entry listened Registry Entry [minecraft:item / fossil:stegosaurus_dna] was not realized!
[07Jan2026 20:58:48.076] [main/WARN] [dev.architectury.registry.registries.forge.RegistrarManagerImpl/]: Registry entry listened Registry Entry [minecraft:item / fossil:bone_leg_mosasaurus] was not realized!
[07Jan2026 20:58:48.076] [main/WARN] [dev.architectury.registry.registries.forge.RegistrarManagerImpl/]: Registry entry listened Registry Entry [minecraft:item / fossil:egg_item_confuciusornis] was not realized!
[07Jan2026 20:58:48.076] [main/WARN] [dev.architectury.registry.registries.forge.RegistrarManagerImpl/]: Registry entry listened Registry Entry [minecraft:item / fossil:triceratops_dna] was not realized!
[07Jan2026 20:58:48.076] [main/WARN] [dev.architectury.registry.registries.forge.RegistrarManagerImpl/]: Registry entry listened Registry Entry [minecraft:item / fossil:bone_foot_sarcosuchus] was not realized!
[07Jan2026 20:58:48.076] [main/WARN] [dev.architectury.registry.registries.forge.RegistrarManagerImpl/]: Registry entry listened Registry Entry [minecraft:item / fossil:spawn_egg_megalodon] was not realized!
[07Jan2026 20:58:48.076] [main/WARN] [dev.architectury.registry.registries.forge.RegistrarManagerImpl/]: Registry entry listened Registry Entry [minecraft:item / fossil:bone_unique_dimetrodon] was not realized!
[07Jan2026 20:58:48.076] [main/WARN] [dev.architectury.registry.registries.forge.RegistrarManagerImpl/]: Registry entry listened Registry Entry [minecraft:item / fossil:bone_skull_brachiosaurus] was not realized!
[07Jan2026 20:58:48.076] [main/WARN] [dev.architectury.registry.registries.forge.RegistrarManagerImpl/]: Registry entry listened Registry Entry [minecraft:item / fossil:bone_skull_dilophosaurus] was not realized!
[07Jan2026 20:58:48.076] [main/WARN] [dev.architectury.registry.registries.forge.RegistrarManagerImpl/]: Registry entry listened Registry Entry [minecraft:item / fossil:meat_quagga] was not realized!
[07Jan2026 20:58:48.077] [main/WARN] [dev.architectury.registry.registries.forge.RegistrarManagerImpl/]: Registry entry listened Registry Entry [minecraft:item / fossil:bone_tail_sarcosuchus] was not realized!
[07Jan2026 20:58:48.077] [main/WARN] [dev.architectury.registry.registries.forge.RegistrarManagerImpl/]: Registry entry listened Registry Entry [minecraft:item / fossil:egg_item_chicken] was not realized!
[07Jan2026 20:58:48.077] [main/WARN] [dev.architectury.registry.registries.forge.RegistrarManagerImpl/]: Registry entry listened Registry Entry [minecraft:item / fossil:bone_unique_ankylosaurus] was not realized!
[07Jan2026 20:58:48.077] [main/WARN] [dev.architectury.registry.registries.forge.RegistrarManagerImpl/]: Registry entry listened Registry Entry [minecraft:item / fossil:polar_bear_dna] was not realized!
[07Jan2026 20:58:48.077] [main/WARN] [dev.architectury.registry.registries.forge.RegistrarManagerImpl/]: Registry entry listened Registry Entry [minecraft:item / fossil:bone_vertebrae_ceratosaurus] was not realized!
[07Jan2026 20:58:48.077] [main/WARN] [dev.architectury.registry.registries.forge.RegistrarManagerImpl/]: Registry entry listened Registry Entry [minecraft:item / fossil:bone_arm_brachiosaurus] was not realized!
[07Jan2026 20:58:48.077] [main/WARN] [dev.architectury.registry.registries.forge.RegistrarManagerImpl/]: Registry entry listened Registry Entry [minecraft:item / fossil:meat_dimetrodon] was not realized!
[07Jan2026 20:58:48.077] [main/WARN] [dev.architectury.registry.registries.forge.RegistrarManagerImpl/]: Registry entry listened Registry Entry [minecraft:item / fossil:egg_item_diplodocus] was not realized!
[07Jan2026 20:58:48.077] [main/WARN] [dev.architectury.registry.registries.forge.RegistrarManagerImpl/]: Registry entry listened Registry Entry [minecraft:item / fossil:egg_item_titanis] was not realized!
[07Jan2026 20:58:48.077] [main/WARN] [dev.architectury.registry.registries.forge.RegistrarManagerImpl/]: Registry entry listened Registry Entry [minecraft:item / fossil:bone_foot_ceratosaurus] was not realized!
[07Jan2026 20:58:48.077] [main/WARN] [dev.architectury.registry.registries.forge.RegistrarManagerImpl/]: Registry entry listened Registry Entry [minecraft:item / fossil:bone_ribcage_confuciusornis] was not realized!
[07Jan2026 20:58:48.077] [main/WARN] [dev.architectury.registry.registries.forge.RegistrarManagerImpl/]: Registry entry listened Registry Entry [minecraft:item / fossil:egg_item_ichthyosaurus] was not realized!
[07Jan2026 20:58:48.077] [main/WARN] [dev.architectury.registry.registries.forge.RegistrarManagerImpl/]: Registry entry listened Registry Entry [minecraft:item / fossil:bone_foot_diplocaulus] was not realized!
[07Jan2026 20:58:48.078] [main/WARN] [dev.architectury.registry.registries.forge.RegistrarManagerImpl/]: Registry entry listened Registry Entry [minecraft:item / fossil:bone_leg_citipati] was not realized!
[07Jan2026 20:58:48.078] [main/WARN] [dev.architectury.registry.registries.forge.RegistrarManagerImpl/]: Registry entry listened Registry Entry [minecraft:item / fossil:cooked_diplodocus] was not realized!
[07Jan2026 20:58:48.078] [main/WARN] [dev.architectury.registry.registries.forge.RegistrarManagerImpl/]: Registry entry listened Registry Entry [minecraft:item / fossil:egg_item_phorusrhacos] was not realized!
[07Jan2026 20:58:48.078] [main/WARN] [dev.architectury.registry.registries.forge.RegistrarManagerImpl/]: Registry entry listened Registry Entry [minecraft:item / fossil:bone_foot_triceratops] was not realized!
[07Jan2026 20:58:48.078] [main/WARN] [dev.architectury.registry.registries.forge.RegistrarManagerImpl/]: Registry entry listened Registry Entry [minecraft:item / fossil:spawn_egg_scotoharpes] was not realized!
[07Jan2026 20:58:48.078] [main/WARN] [dev.architectury.registry.registries.forge.RegistrarManagerImpl/]: Registry entry listened Registry Entry [minecraft:item / fossil:bone_arm_diplodocus] was not realized!
[07Jan2026 20:58:48.078] [main/WARN] [dev.architectury.registry.registries.forge.RegistrarManagerImpl/]: Registry entry listened Registry Entry [minecraft:item / fossil:axolotl_dna] was not realized!
[07Jan2026 20:58:48.078] [main/WARN] [dev.architectury.registry.registries.forge.RegistrarManagerImpl/]: Registry entry listened Registry Entry [minecraft:item / fossil:syringe_polar_bear] was not realized!
[07Jan2026 20:58:48.078] [main/WARN] [dev.architectury.registry.registries.forge.RegistrarManagerImpl/]: Registry entry listened Registry Entry [minecraft:item / fossil:bone_arm_parasaurolophus] was not realized!
[07Jan2026 20:58:48.078] [main/WARN] [dev.architectury.registry.registries.forge.RegistrarManagerImpl/]: Registry entry listened Registry Entry [minecraft:item / fossil:syringe_mammoth] was not realized!
[07Jan2026 20:58:48.078] [main/WARN] [dev.architectury.registry.registries.forge.RegistrarManagerImpl/]: Registry entry listened Registry Entry [minecraft:item / fossil:cooked_parasaurolophus] was not realized!
[07Jan2026 20:58:48.078] [main/WARN] [dev.architectury.registry.registries.forge.RegistrarManagerImpl/]: Registry entry listened Registry Entry [minecraft:item / fossil:bone_arm_dryosaurus] was not realized!
[07Jan2026 20:58:48.079] [main/WARN] [dev.architectury.registry.registries.forge.RegistrarManagerImpl/]: Registry entry listened Registry Entry [minecraft:item / fossil:egg_item_cod] was not realized!
[07Jan2026 20:58:48.079] [main/WARN] [dev.architectury.registry.registries.forge.RegistrarManagerImpl/]: Registry entry listened Registry Entry [minecraft:item / fossil:bone_skull_quagga] was not realized!
[07Jan2026 20:58:48.079] [main/WARN] [dev.architectury.registry.registries.forge.RegistrarManagerImpl/]: Registry entry listened Registry Entry [minecraft:item / fossil:bone_ribcage_triceratops] was not realized!
[07Jan2026 20:58:48.079] [main/WARN] [dev.architectury.registry.registries.forge.RegistrarManagerImpl/]: Registry entry listened Registry Entry [minecraft:item / fossil:syringe_pig] was not realized!
[07Jan2026 20:58:48.079] [main/WARN] [dev.architectury.registry.registries.forge.RegistrarManagerImpl/]: Registry entry listened Registry Entry [minecraft:item / fossil:bone_foot_ichthyosaurus] was not realized!
[07Jan2026 20:58:48.079] [main/WARN] [dev.architectury.registry.registries.forge.RegistrarManagerImpl/]: Registry entry listened Registry Entry [minecraft:item / fossil:syringe_rabbit] was not realized!
[07Jan2026 20:58:48.079] [main/WARN] [dev.architectury.registry.registries.forge.RegistrarManagerImpl/]: Registry entry listened Registry Entry [minecraft:item / fossil:egg_item_crassigyrinus] was not realized!
[07Jan2026 20:58:48.079] [main/WARN] [dev.architectury.registry.registries.forge.RegistrarManagerImpl/]: Registry entry listened Registry Entry [minecraft:item / fossil:syringe_cow] was not realized!
[07Jan2026 20:58:48.079] [main/WARN] [dev.architectury.registry.registries.forge.RegistrarManagerImpl/]: Registry entry listened Registry Entry [minecraft:item / fossil:llama_dna] was not realized!
[07Jan2026 20:58:48.079] [main/WARN] [dev.architectury.registry.registries.forge.RegistrarManagerImpl/]: Registry entry listened Registry Entry [minecraft:item / fossil:bone_tail_quetzalcoatlus] was not realized!
[07Jan2026 20:58:48.080] [main/WARN] [dev.architectury.registry.registries.forge.RegistrarManagerImpl/]: Registry entry listened Registry Entry [minecraft:item / fossil:spawn_egg_megalania] was not realized!
[07Jan2026 20:58:48.080] [main/WARN] [dev.architectury.registry.registries.forge.RegistrarManagerImpl/]: Registry entry listened Registry Entry [minecraft:item / fossil:dolphin_dna] was not realized!
[07Jan2026 20:58:48.080] [main/WARN] [dev.architectury.registry.registries.forge.RegistrarManagerImpl/]: Registry entry listened Registry Entry [minecraft:item / fossil:bone_ribcage_compsognathus] was not realized!
[07Jan2026 20:58:48.080] [main/WARN] [dev.architectury.registry.registries.forge.RegistrarManagerImpl/]: Registry entry listened Registry Entry [minecraft:item / fossil:bone_ribcage_pachycephalosaurus] was not realized!
[07Jan2026 20:58:48.080] [main/WARN] [dev.architectury.registry.registries.forge.RegistrarManagerImpl/]: Registry entry listened Registry Entry [minecraft:item / fossil:bone_arm_tiktaalik] was not realized!
[07Jan2026 20:58:48.080] [main/WARN] [dev.architectury.registry.registries.forge.RegistrarManagerImpl/]: Registry entry listened Registry Entry [minecraft:item / fossil:bone_ribcage_therizinosaurus] was not realized!
[07Jan2026 20:58:48.080] [main/WARN] [dev.architectury.registry.registries.forge.RegistrarManagerImpl/]: Registry entry listened Registry Entry [minecraft:item / fossil:bone_leg_ornitholestes] was not realized!
[07Jan2026 20:58:48.080] [main/WARN] [dev.architectury.registry.registries.forge.RegistrarManagerImpl/]: Registry entry listened Registry Entry [minecraft:item / fossil:bone_leg_pachycephalosaurus] was not realized!
[07Jan2026 20:58:48.080] [main/WARN] [dev.architectury.registry.registries.forge.RegistrarManagerImpl/]: Registry entry listened Registry Entry [minecraft:item / fossil:bone_ribcage_brachiosaurus] was not realized!
[07Jan2026 20:58:48.080] [main/WARN] [dev.architectury.registry.registries.forge.RegistrarManagerImpl/]: Registry entry listened Registry Entry [minecraft:item / fossil:bone_skull_pteranodon] was not realized!
[07Jan2026 20:58:48.081] [main/WARN] [dev.architectury.registry.registries.forge.RegistrarManagerImpl/]: Registry entry listened Registry Entry [minecraft:item / fossil:bone_arm_henodus] was not realized!
[07Jan2026 20:58:48.081] [main/WARN] [dev.architectury.registry.registries.forge.RegistrarManagerImpl/]: Registry entry listened Registry Entry [minecraft:item / fossil:cooked_coelacanth] was not realized!
[07Jan2026 20:58:48.081] [main/WARN] [dev.architectury.registry.registries.forge.RegistrarManagerImpl/]: Registry entry listened Registry Entry [minecraft:item / fossil:bone_skull_stegosaurus] was not realized!
[07Jan2026 20:58:48.081] [main/WARN] [dev.architectury.registry.registries.forge.RegistrarManagerImpl/]: Registry entry listened Registry Entry [minecraft:item / fossil:bone_leg_velociraptor] was not realized!
[07Jan2026 20:58:48.081] [main/WARN] [dev.architectury.registry.registries.forge.RegistrarManagerImpl/]: Registry entry listened Registry Entry [minecraft:item / fossil:bone_vertebrae_therizinosaurus] was not realized!
[07Jan2026 20:58:48.081] [main/WARN] [dev.architectury.registry.registries.forge.RegistrarManagerImpl/]: Registry entry listened Registry Entry [minecraft:item / fossil:camel_dna] was not realized!
[07Jan2026 20:58:48.081] [main/WARN] [dev.architectury.registry.registries.forge.RegistrarManagerImpl/]: Registry entry listened Registry Entry [minecraft:item / fossil:bone_vertebrae_dodo] was not realized!
[07Jan2026 20:58:48.081] [main/WARN] [dev.architectury.registry.registries.forge.RegistrarManagerImpl/]: Registry entry listened Registry Entry [minecraft:item / fossil:spawn_egg_quagga] was not realized!
[07Jan2026 20:58:48.081] [main/WARN] [dev.architectury.registry.registries.forge.RegistrarManagerImpl/]: Registry entry listened Registry Entry [minecraft:item / fossil:bone_ribcage_diplocaulus] was not realized!
[07Jan2026 20:58:48.081] [main/WARN] [dev.architectury.registry.registries.forge.RegistrarManagerImpl/]: Registry entry listened Registry Entry [minecraft:item / fossil:syringe_platybelodon] was not realized!
[07Jan2026 20:58:48.081] [main/WARN] [dev.architectury.registry.registries.forge.RegistrarManagerImpl/]: Registry entry listened Registry Entry [minecraft:item / fossil:bone_arm_ceratosaurus] was not realized!
[07Jan2026 20:58:48.082] [main/WARN] [dev.architectury.registry.registries.forge.RegistrarManagerImpl/]: Registry entry listened Registry Entry [minecraft:item / fossil:bone_tail_diplocaulus] was not realized!
[07Jan2026 20:58:48.082] [main/WARN] [dev.architectury.registry.registries.forge.RegistrarManagerImpl/]: Registry entry listened Registry Entry [minecraft:item / fossil:bucket_item_ichthyosaurus] was not realized!
[07Jan2026 20:58:48.082] [main/WARN] [dev.architectury.registry.registries.forge.RegistrarManagerImpl/]: Registry entry listened Registry Entry [minecraft:item / fossil:meat_lonchodomas] was not realized!
[07Jan2026 20:58:48.082] [main/WARN] [dev.architectury.registry.registries.forge.RegistrarManagerImpl/]: Registry entry listened Registry Entry [minecraft:item / fossil:bone_tail_ankylosaurus] was not realized!
[07Jan2026 20:58:48.082] [main/WARN] [dev.architectury.registry.registries.forge.RegistrarManagerImpl/]: Registry entry listened Registry Entry [minecraft:item / fossil:bone_foot_edaphosaurus] was not realized!
[07Jan2026 20:58:48.082] [main/WARN] [dev.architectury.registry.registries.forge.RegistrarManagerImpl/]: Registry entry listened Registry Entry [minecraft:item / fossil:bone_arm_allosaurus] was not realized!
[07Jan2026 20:58:48.082] [main/WARN] [dev.architectury.registry.registries.forge.RegistrarManagerImpl/]: Registry entry listened Registry Entry [minecraft:item / fossil:spawn_egg_velociraptor] was not realized!
[07Jan2026 20:58:48.082] [main/WARN] [dev.architectury.registry.registries.forge.RegistrarManagerImpl/]: Registry entry listened Registry Entry [minecraft:item / fossil:egg_item_megalodon] was not realized!
[07Jan2026 20:58:48.082] [main/WARN] [dev.architectury.registry.registries.forge.RegistrarManagerImpl/]: Registry entry listened Registry Entry [minecraft:item / fossil:bone_ribcage_sarcosuchus] was not realized!
[07Jan2026 20:58:48.082] [main/WARN] [dev.architectury.registry.registries.forge.RegistrarManagerImpl/]: Registry entry listened Registry Entry [minecraft:item / fossil:bone_vertebrae_postosuchus] was not realized!
[07Jan2026 20:58:48.083] [main/WARN] [dev.architectury.registry.registries.forge.RegistrarManagerImpl/]: Registry entry listened Registry Entry [minecraft:item / fossil:bone_unique_henodus] was not realized!
[07Jan2026 20:58:48.083] [main/WARN] [dev.architectury.registry.registries.forge.RegistrarManagerImpl/]: Registry entry listened Registry Entry [minecraft:item / fossil:spawn_egg_dicranurus] was not realized!
[07Jan2026 20:58:48.083] [main/WARN] [dev.architectury.registry.registries.forge.RegistrarManagerImpl/]: Registry entry listened Registry Entry [minecraft:item / fossil:bone_ribcage_megalania] was not realized!
[07Jan2026 20:58:48.083] [main/WARN] [dev.architectury.registry.registries.forge.RegistrarManagerImpl/]: Registry entry listened Registry Entry [minecraft:item / fossil:bone_unique_edaphosaurus] was not realized!
[07Jan2026 20:58:48.083] [main/WARN] [dev.architectury.registry.registries.forge.RegistrarManagerImpl/]: Registry entry listened Registry Entry [minecraft:item / fossil:bone_arm_phorusrhacos] was not realized!
[07Jan2026 20:58:48.083] [main/WARN] [dev.architectury.registry.registries.forge.RegistrarManagerImpl/]: Registry entry listened Registry Entry [minecraft:item / fossil:bone_foot_megaloceros] was not realized!
[07Jan2026 20:58:48.083] [main/WARN] [dev.architectury.registry.registries.forge.RegistrarManagerImpl/]: Registry entry listened Registry Entry [minecraft:item / fossil:bone_vertebrae_crassigyrinus] was not realized!
[07Jan2026 20:58:48.083] [main/WARN] [dev.architectury.registry.registries.forge.RegistrarManagerImpl/]: Registry entry listened Registry Entry [minecraft:item / fossil:donkey_dna] was not realized!
[07Jan2026 20:58:48.083] [main/WARN] [dev.architectury.registry.registries.forge.RegistrarManagerImpl/]: Registry entry listened Registry Entry [minecraft:item / fossil:bone_unique_compsognathus] was not realized!
[07Jan2026 20:58:48.083] [main/WARN] [dev.architectury.registry.registries.forge.RegistrarManagerImpl/]: Registry entry listened Registry Entry [minecraft:item / fossil:bone_leg_henodus] was not realized!
[07Jan2026 20:58:48.083] [main/WARN] [dev.architectury.registry.registries.forge.RegistrarManagerImpl/]: Registry entry listened Registry Entry [minecraft:item / fossil:bone_arm_dilophosaurus] was not realized!
[07Jan2026 20:58:48.084] [main/WARN] [dev.architectury.registry.registries.forge.RegistrarManagerImpl/]: Registry entry listened Registry Entry [minecraft:item / fossil:bone_unique_quagga] was not realized!
[07Jan2026 20:58:48.084] [main/WARN] [dev.architectury.registry.registries.forge.RegistrarManagerImpl/]: Registry entry listened Registry Entry [minecraft:item / fossil:cooked_megalania] was not realized!
[07Jan2026 20:58:48.084] [main/WARN] [dev.architectury.registry.registries.forge.RegistrarManagerImpl/]: Registry entry listened Registry Entry [minecraft:item / fossil:syringe_panda] was not realized!
[07Jan2026 20:58:48.084] [main/WARN] [dev.architectury.registry.registries.forge.RegistrarManagerImpl/]: Registry entry listened Registry Entry [minecraft:item / fossil:pachycephalosaurus_dna] was not realized!
[07Jan2026 20:58:48.084] [main/WARN] [dev.architectury.registry.registries.forge.RegistrarManagerImpl/]: Registry entry listened Registry Entry [minecraft:item / fossil:bone_foot_mammoth] was not realized!
[07Jan2026 20:58:48.084] [main/WARN] [dev.architectury.registry.registries.forge.RegistrarManagerImpl/]: Registry entry listened Registry Entry [minecraft:item / fossil:bone_ribcage_velociraptor] was not realized!
[07Jan2026 20:58:48.084] [main/WARN] [dev.architectury.registry.registries.forge.RegistrarManagerImpl/]: Registry entry listened Registry Entry [minecraft:item / fossil:spawn_egg_stegosaurus] was not realized!
[07Jan2026 20:58:48.084] [main/WARN] [dev.architectury.registry.registries.forge.RegistrarManagerImpl/]: Registry entry listened Registry Entry [minecraft:item / fossil:bone_leg_pteranodon] was not realized!
[07Jan2026 20:58:48.084] [main/WARN] [dev.architectury.registry.registries.forge.RegistrarManagerImpl/]: Registry entry listened Registry Entry [minecraft:item / fossil:bone_leg_dilophosaurus] was not realized!
[07Jan2026 20:58:48.084] [main/WARN] [dev.architectury.registry.registries.forge.RegistrarManagerImpl/]: Registry entry listened Registry Entry [minecraft:item / fossil:spawn_egg_gallimimus] was not realized!
[07Jan2026 20:58:48.084] [main/WARN] [dev.architectury.registry.registries.forge.RegistrarManagerImpl/]: Registry entry listened Registry Entry [minecraft:item / fossil:pteranodon_dna] was not realized!
[07Jan2026 20:58:48.085] [main/WARN] [dev.architectury.registry.registries.forge.RegistrarManagerImpl/]: Registry entry listened Registry Entry [minecraft:item / fossil:tyrannosaurus_dna] was not realized!
[07Jan2026 20:58:48.085] [main/WARN] [dev.architectury.registry.registries.forge.RegistrarManagerImpl/]: Registry entry listened Registry Entry [minecraft:item / fossil:cooked_platybelodon] was not realized!
[07Jan2026 20:58:48.085] [main/WARN] [dev.architectury.registry.registries.forge.RegistrarManagerImpl/]: Registry entry listened Registry Entry [minecraft:item / fossil:bone_skull_edaphosaurus] was not realized!
[07Jan2026 20:58:48.085] [main/WARN] [dev.architectury.registry.registries.forge.RegistrarManagerImpl/]: Registry entry listened Registry Entry [minecraft:item / fossil:bone_vertebrae_kelenken] was not realized!
[07Jan2026 20:58:48.085] [main/WARN] [dev.architectury.registry.registries.forge.RegistrarManagerImpl/]: Registry entry listened Registry Entry [minecraft:item / fossil:bone_unique_gallimimus] was not realized!
[07Jan2026 20:58:48.085] [main/WARN] [dev.architectury.registry.registries.forge.RegistrarManagerImpl/]: Registry entry listened Registry Entry [minecraft:item / fossil:cooked_ichthyosaurus] was not realized!
[07Jan2026 20:58:48.085] [main/WARN] [dev.architectury.registry.registries.forge.RegistrarManagerImpl/]: Registry entry listened Registry Entry [minecraft:item / fossil:bone_arm_quetzalcoatlus] was not realized!
[07Jan2026 20:58:48.085] [main/WARN] [dev.architectury.registry.registries.forge.RegistrarManagerImpl/]: Registry entry listened Registry Entry [minecraft:item / fossil:bone_foot_tiktaalik] was not realized!
[07Jan2026 20:58:48.085] [main/WARN] [dev.architectury.registry.registries.forge.RegistrarManagerImpl/]: Registry entry listened Registry Entry [minecraft:item / fossil:egg_item_stegosaurus] was not realized!
[07Jan2026 20:58:48.085] [main/WARN] [dev.architectury.registry.registries.forge.RegistrarManagerImpl/]: Registry entry listened Registry Entry [minecraft:item / fossil:mooshroom_dna] was not realized!
[07Jan2026 20:58:48.085] [main/WARN] [dev.architectury.registry.registries.forge.RegistrarManagerImpl/]: Registry entry listened Registry Entry [minecraft:item / fossil:bone_leg_diplocaulus] was not realized!
[07Jan2026 20:58:48.086] [main/WARN] [dev.architectury.registry.registries.forge.RegistrarManagerImpl/]: Registry entry listened Registry Entry [minecraft:item / fossil:spawn_egg_confuciusornis] was not realized!
[07Jan2026 20:58:48.086] [main/WARN] [dev.architectury.registry.registries.forge.RegistrarManagerImpl/]: Registry entry listened Registry Entry [minecraft:item / fossil:postosuchus_dna] was not realized!
[07Jan2026 20:58:48.086] [main/WARN] [dev.architectury.registry.registries.forge.RegistrarManagerImpl/]: Registry entry listened Registry Entry [minecraft:item / fossil:cooked_confuciusornis] was not realized!
[07Jan2026 20:58:48.086] [main/WARN] [dev.architectury.registry.registries.forge.RegistrarManagerImpl/]: Registry entry listened Registry Entry [minecraft:item / fossil:bone_skull_citipati] was not realized!
[07Jan2026 20:58:48.086] [main/WARN] [dev.architectury.registry.registries.forge.RegistrarManagerImpl/]: Registry entry listened Registry Entry [minecraft:item / fossil:meat_spinosaurus] was not realized!
[07Jan2026 20:58:48.086] [main/WARN] [dev.architectury.registry.registries.forge.RegistrarManagerImpl/]: Registry entry listened Registry Entry [minecraft:item / fossil:cooked_stegosaurus] was not realized!
[07Jan2026 20:58:48.086] [main/WARN] [dev.architectury.registry.registries.forge.RegistrarManagerImpl/]: Registry entry listened Registry Entry [minecraft:item / fossil:bone_unique_dilophosaurus] was not realized!
[07Jan2026 20:58:48.086] [main/WARN] [dev.architectury.registry.registries.forge.RegistrarManagerImpl/]: Registry entry listened Registry Entry [minecraft:item / fossil:bone_leg_platybelodon] was not realized!
[07Jan2026 20:58:48.086] [main/WARN] [dev.architectury.registry.registries.forge.RegistrarManagerImpl/]: Registry entry listened Registry Entry [minecraft:item / fossil:bone_vertebrae_mosasaurus] was not realized!
[07Jan2026 20:58:48.086] [main/WARN] [dev.architectury.registry.registries.forge.RegistrarManagerImpl/]: Registry entry listened Registry Entry [minecraft:item / fossil:egg_item_megalania] was not realized!
[07Jan2026 20:58:48.087] [main/WARN] [dev.architectury.registry.registries.forge.RegistrarManagerImpl/]: Registry entry listened Registry Entry [minecraft:item / fossil:bone_unique_citipati] was not realized!
[07Jan2026 20:58:48.087] [main/WARN] [dev.architectury.registry.registries.forge.RegistrarManagerImpl/]: Registry entry listened Registry Entry [minecraft:item / fossil:bone_ribcage_henodus] was not realized!
[07Jan2026 20:58:48.087] [main/WARN] [dev.architectury.registry.registries.forge.RegistrarManagerImpl/]: Registry entry listened Registry Entry [minecraft:item / fossil:meat_protoceratops] was not realized!
[07Jan2026 20:58:48.087] [main/WARN] [dev.architectury.registry.registries.forge.RegistrarManagerImpl/]: Registry entry listened Registry Entry [minecraft:item / fossil:bone_foot_dimorphodon] was not realized!
[07Jan2026 20:58:48.087] [main/WARN] [dev.architectury.registry.registries.forge.RegistrarManagerImpl/]: Registry entry listened Registry Entry [minecraft:item / fossil:bone_ribcage_megaloceros] was not realized!
[07Jan2026 20:58:48.087] [main/WARN] [dev.architectury.registry.registries.forge.RegistrarManagerImpl/]: Registry entry listened Registry Entry [minecraft:item / fossil:glow_squid_dna] was not realized!
[07Jan2026 20:58:48.087] [main/WARN] [dev.architectury.registry.registries.forge.RegistrarManagerImpl/]: Registry entry listened Registry Entry [minecraft:item / fossil:egg_item_arthropleura] was not realized!
[07Jan2026 20:58:48.087] [main/WARN] [dev.architectury.registry.registries.forge.RegistrarManagerImpl/]: Registry entry listened Registry Entry [minecraft:item / fossil:bone_tail_dilophosaurus] was not realized!
[07Jan2026 20:58:48.087] [main/WARN] [dev.architectury.registry.registries.forge.RegistrarManagerImpl/]: Registry entry listened Registry Entry [minecraft:item / fossil:bone_foot_pachyrhinosaurus] was not realized!
[07Jan2026 20:58:48.087] [main/WARN] [dev.architectury.registry.registries.forge.RegistrarManagerImpl/]: Registry entry listened Registry Entry [minecraft:item / fossil:bone_arm_kelenken] was not realized!
[07Jan2026 20:58:48.088] [main/WARN] [dev.architectury.registry.registries.forge.RegistrarManagerImpl/]: Registry entry listened Registry Entry [minecraft:item / fossil:bone_leg_spinosaurus] was not realized!
[07Jan2026 20:58:48.088] [main/WARN] [dev.architectury.registry.registries.forge.RegistrarManagerImpl/]: Registry entry listened Registry Entry [minecraft:item / fossil:bone_unique_ceratosaurus] was not realized!
[07Jan2026 20:58:48.088] [main/WARN] [dev.architectury.registry.registries.forge.RegistrarManagerImpl/]: Registry entry listened Registry Entry [minecraft:item / fossil:crassigyrinus_dna] was not realized!
[07Jan2026 20:58:48.088] [main/WARN] [dev.architectury.registry.registries.forge.RegistrarManagerImpl/]: Registry entry listened Registry Entry [minecraft:item / fossil:spawn_egg_arthropleura] was not realized!
[07Jan2026 20:58:48.088] [main/WARN] [dev.architectury.registry.registries.forge.RegistrarManagerImpl/]: Registry entry listened Registry Entry [minecraft:item / fossil:bone_arm_triceratops] was not realized!
[07Jan2026 20:58:48.088] [main/WARN] [dev.architectury.registry.registries.forge.RegistrarManagerImpl/]: Registry entry listened Registry Entry [minecraft:item / fossil:cooked_kelenken] was not realized!
[07Jan2026 20:58:48.088] [main/WARN] [dev.architectury.registry.registries.forge.RegistrarManagerImpl/]: Registry entry listened Registry Entry [minecraft:item / fossil:bone_vertebrae_diplocaulus] was not realized!
[07Jan2026 20:58:48.088] [main/WARN] [dev.architectury.registry.registries.forge.RegistrarManagerImpl/]: Registry entry listened Registry Entry [minecraft:item / fossil:cooked_spinosaurus] was not realized!
[07Jan2026 20:58:48.088] [main/WARN] [dev.architectury.registry.registries.forge.RegistrarManagerImpl/]: Registry entry listened Registry Entry [minecraft:item / fossil:bone_unique_liopleurodon] was not realized!
[07Jan2026 20:58:48.088] [main/WARN] [dev.architectury.registry.registries.forge.RegistrarManagerImpl/]: Registry entry listened Registry Entry [minecraft:item / fossil:bone_foot_pachycephalosaurus] was not realized!
[07Jan2026 20:58:48.088] [main/WARN] [dev.architectury.registry.registries.forge.RegistrarManagerImpl/]: Registry entry listened Registry Entry [minecraft:item / fossil:bone_vertebrae_megaloceros] was not realized!
[07Jan2026 20:58:48.088] [main/WARN] [dev.architectury.registry.registries.forge.RegistrarManagerImpl/]: Registry entry listened Registry Entry [minecraft:item / fossil:arthropleura_dna] was not realized!
[07Jan2026 20:58:48.089] [main/WARN] [dev.architectury.registry.registries.forge.RegistrarManagerImpl/]: Registry entry listened Registry Entry [minecraft:item / fossil:spawn_egg_tyrannosaurus] was not realized!
[07Jan2026 20:58:48.089] [main/WARN] [dev.architectury.registry.registries.forge.RegistrarManagerImpl/]: Registry entry listened Registry Entry [minecraft:item / fossil:bone_arm_sarcosuchus] was not realized!
[07Jan2026 20:58:48.089] [main/WARN] [dev.architectury.registry.registries.forge.RegistrarManagerImpl/]: Registry entry listened Registry Entry [minecraft:item / fossil:bone_ribcage_liopleurodon] was not realized!
[07Jan2026 20:58:48.089] [main/WARN] [dev.architectury.registry.registries.forge.RegistrarManagerImpl/]: Registry entry listened Registry Entry [minecraft:item / fossil:bone_unique_psittacosaurus] was not realized!
[07Jan2026 20:58:48.089] [main/WARN] [dev.architectury.registry.registries.forge.RegistrarManagerImpl/]: Registry entry listened Registry Entry [minecraft:item / fossil:syringe_dolphin] was not realized!
[07Jan2026 20:58:48.089] [main/WARN] [dev.architectury.registry.registries.forge.RegistrarManagerImpl/]: Registry entry listened Registry Entry [minecraft:item / fossil:spinosaurus_dna] was not realized!
[07Jan2026 20:58:48.089] [main/WARN] [dev.architectury.registry.registries.forge.RegistrarManagerImpl/]: Registry entry listened Registry Entry [minecraft:item / fossil:spawn_egg_mammoth] was not realized!
[07Jan2026 20:58:48.089] [main/WARN] [dev.architectury.registry.registries.forge.RegistrarManagerImpl/]: Registry entry listened Registry Entry [minecraft:item / fossil:bone_ribcage_gallimimus] was not realized!
[07Jan2026 20:58:48.089] [main/WARN] [dev.architectury.registry.registries.forge.RegistrarManagerImpl/]: Registry entry listened Registry Entry [minecraft:item / fossil:bone_unique_pteranodon] was not realized!
[07Jan2026 20:58:48.089] [main/WARN] [dev.architectury.registry.registries.forge.RegistrarManagerImpl/]: Registry entry listened Registry Entry [minecraft:item / fossil:egg_item_deinonychus] was not realized!
[07Jan2026 20:58:48.089] [main/WARN] [dev.architectury.registry.registries.forge.RegistrarManagerImpl/]: Registry entry listened Registry Entry [minecraft:item / fossil:cooked_dicranurus] was not realized!
[07Jan2026 20:58:48.090] [main/WARN] [dev.architectury.registry.registries.forge.RegistrarManagerImpl/]: Registry entry listened Registry Entry [minecraft:item / fossil:spawn_egg_dimetrodon] was not realized!
[07Jan2026 20:58:48.090] [main/WARN] [dev.architectury.registry.registries.forge.RegistrarManagerImpl/]: Registry entry listened Registry Entry [minecraft:item / fossil:panda_dna] was not realized!
[07Jan2026 20:58:48.090] [main/WARN] [dev.architectury.registry.registries.forge.RegistrarManagerImpl/]: Registry entry listened Registry Entry [minecraft:item / fossil:titanis_dna] was not realized!
[07Jan2026 20:58:48.090] [main/WARN] [dev.architectury.registry.registries.forge.RegistrarManagerImpl/]: Registry entry listened Registry Entry [minecraft:item / fossil:spawn_egg_titanis] was not realized!
[07Jan2026 20:58:48.090] [main/WARN] [dev.architectury.registry.registries.forge.RegistrarManagerImpl/]: Registry entry listened Registry Entry [minecraft:item / fossil:bone_foot_dryosaurus] was not realized!
[07Jan2026 20:58:48.090] [main/WARN] [dev.architectury.registry.registries.forge.RegistrarManagerImpl/]: Registry entry listened Registry Entry [minecraft:item / fossil:spawn_egg_dryosaurus] was not realized!
[07Jan2026 20:58:48.090] [main/WARN] [dev.architectury.registry.registries.forge.RegistrarManagerImpl/]: Registry entry listened Registry Entry [minecraft:item / fossil:bone_ribcage_citipati] was not realized!
[07Jan2026 20:58:48.090] [main/WARN] [dev.architectury.registry.registries.forge.RegistrarManagerImpl/]: Registry entry listened Registry Entry [minecraft:item / fossil:bone_ribcage_smilodon] was not realized!
[07Jan2026 20:58:48.090] [main/WARN] [dev.architectury.registry.registries.forge.RegistrarManagerImpl/]: Registry entry listened Registry Entry [minecraft:item / fossil:bone_leg_brachiosaurus] was not realized!
[07Jan2026 20:58:48.090] [main/WARN] [dev.architectury.registry.registries.forge.RegistrarManagerImpl/]: Registry entry listened Registry Entry [minecraft:item / fossil:scotoharpes_dna] was not realized!
[07Jan2026 20:58:48.090] [main/WARN] [dev.architectury.registry.registries.forge.RegistrarManagerImpl/]: Registry entry listened Registry Entry [minecraft:item / fossil:bone_skull_ankylosaurus] was not realized!
[07Jan2026 20:58:48.091] [main/WARN] [dev.architectury.registry.registries.forge.RegistrarManagerImpl/]: Registry entry listened Registry Entry [minecraft:item / fossil:cooked_gallimimus] was not realized!
[07Jan2026 20:58:48.091] [main/WARN] [dev.architectury.registry.registries.forge.RegistrarManagerImpl/]: Registry entry listened Registry Entry [minecraft:item / fossil:bone_tail_pteranodon] was not realized!
[07Jan2026 20:58:48.091] [main/WARN] [dev.architectury.registry.registries.forge.RegistrarManagerImpl/]: Registry entry listened Registry Entry [minecraft:item / fossil:bone_leg_megaloceros] was not realized!
[07Jan2026 20:58:48.091] [main/WARN] [dev.architectury.registry.registries.forge.RegistrarManagerImpl/]: Registry entry listened Registry Entry [minecraft:item / fossil:bone_foot_parasaurolophus] was not realized!
[07Jan2026 20:58:48.091] [main/WARN] [dev.architectury.registry.registries.forge.RegistrarManagerImpl/]: Registry entry listened Registry Entry [minecraft:item / fossil:cod_dna] was not realized!
[07Jan2026 20:58:48.091] [main/WARN] [dev.architectury.registry.registries.forge.RegistrarManagerImpl/]: Registry entry listened Registry Entry [minecraft:item / fossil:bone_vertebrae_edaphosaurus] was not realized!
[07Jan2026 20:58:48.091] [main/WARN] [dev.architectury.registry.registries.forge.RegistrarManagerImpl/]: Registry entry listened Registry Entry [minecraft:item / fossil:bone_unique_elasmotherium] was not realized!
[07Jan2026 20:58:48.091] [main/WARN] [dev.architectury.registry.registries.forge.RegistrarManagerImpl/]: Registry entry listened Registry Entry [minecraft:item / fossil:spawn_egg_quetzalcoatlus] was not realized!
[07Jan2026 20:58:48.091] [main/WARN] [dev.architectury.registry.registries.forge.RegistrarManagerImpl/]: Registry entry listened Registry Entry [minecraft:item / fossil:cooked_crassigyrinus] was not realized!
[07Jan2026 20:58:48.091] [main/WARN] [dev.architectury.registry.registries.forge.RegistrarManagerImpl/]: Registry entry listened Registry Entry [minecraft:item / fossil:cooked_deinonychus] was not realized!
[07Jan2026 20:58:48.091] [main/WARN] [dev.architectury.registry.registries.forge.RegistrarManagerImpl/]: Registry entry listened Registry Entry [minecraft:item / fossil:spawn_egg_coelacanth] was not realized!
[07Jan2026 20:58:48.092] [main/WARN] [dev.architectury.registry.registries.forge.RegistrarManagerImpl/]: Registry entry listened Registry Entry [minecraft:item / fossil:meat_dodo] was not realized!
[07Jan2026 20:58:48.092] [main/WARN] [dev.architectury.registry.registries.forge.RegistrarManagerImpl/]: Registry entry listened Registry Entry [minecraft:item / fossil:spawn_egg_protoceratops] was not realized!
[07Jan2026 20:58:48.092] [main/WARN] [dev.architectury.registry.registries.forge.RegistrarManagerImpl/]: Registry entry listened Registry Entry [minecraft:item / fossil:egg_item_coelacanth] was not realized!
[07Jan2026 20:58:48.092] [main/WARN] [dev.architectury.registry.registries.forge.RegistrarManagerImpl/]: Registry entry listened Registry Entry [minecraft:item / fossil:psittacosaurus_dna] was not realized!
[07Jan2026 20:58:48.092] [main/WARN] [dev.architectury.registry.registries.forge.RegistrarManagerImpl/]: Registry entry listened Registry Entry [minecraft:item / fossil:cooked_allosaurus] was not realized!
[07Jan2026 20:58:48.092] [main/WARN] [dev.architectury.registry.registries.forge.RegistrarManagerImpl/]: Registry entry listened Registry Entry [minecraft:item / fossil:egg_item_dodo] was not realized!
[07Jan2026 20:58:48.092] [main/WARN] [dev.architectury.registry.registries.forge.RegistrarManagerImpl/]: Registry entry listened Registry Entry [minecraft:item / fossil:bone_foot_crassigyrinus] was not realized!
[07Jan2026 20:58:48.092] [main/WARN] [dev.architectury.registry.registries.forge.RegistrarManagerImpl/]: Registry entry listened Registry Entry [minecraft:item / fossil:bone_foot_ankylosaurus] was not realized!
[07Jan2026 20:58:48.092] [main/WARN] [dev.architectury.registry.registries.forge.RegistrarManagerImpl/]: Registry entry listened Registry Entry [minecraft:item / fossil:bone_vertebrae_ichthyosaurus] was not realized!
[07Jan2026 20:58:48.092] [main/WARN] [dev.architectury.registry.registries.forge.RegistrarManagerImpl/]: Registry entry listened Registry Entry [minecraft:item / fossil:bone_leg_liopleurodon] was not realized!
[07Jan2026 20:58:48.092] [main/WARN] [dev.architectury.registry.registries.forge.RegistrarManagerImpl/]: Registry entry listened Registry Entry [minecraft:item / fossil:bone_foot_quetzalcoatlus] was not realized!
[07Jan2026 20:58:48.093] [main/WARN] [dev.architectury.registry.registries.forge.RegistrarManagerImpl/]: Registry entry listened Registry Entry [minecraft:item / fossil:meat_ankylosaurus] was not realized!
[07Jan2026 20:58:48.093] [main/WARN] [dev.architectury.registry.registries.forge.RegistrarManagerImpl/]: Registry entry listened Registry Entry [minecraft:item / fossil:meat_mammoth] was not realized!
[07Jan2026 20:58:48.093] [main/WARN] [dev.architectury.registry.registries.forge.RegistrarManagerImpl/]: Registry entry listened Registry Entry [minecraft:item / fossil:bone_tail_psittacosaurus] was not realized!
[07Jan2026 20:58:48.093] [main/WARN] [dev.architectury.registry.registries.forge.RegistrarManagerImpl/]: Registry entry listened Registry Entry [minecraft:item / fossil:bone_ribcage_allosaurus] was not realized!
[07Jan2026 20:58:48.093] [main/WARN] [dev.architectury.registry.registries.forge.RegistrarManagerImpl/]: Registry entry listened Registry Entry [minecraft:item / fossil:bone_foot_titanis] was not realized!
[07Jan2026 20:58:48.093] [main/WARN] [dev.architectury.registry.registries.forge.RegistrarManagerImpl/]: Registry entry listened Registry Entry [minecraft:item / fossil:meat_tyrannosaurus] was not realized!
[07Jan2026 20:58:48.093] [main/WARN] [dev.architectury.registry.registries.forge.RegistrarManagerImpl/]: Registry entry listened Registry Entry [minecraft:item / fossil:smilodon_dna] was not realized!
[07Jan2026 20:58:48.093] [main/WARN] [dev.architectury.registry.registries.forge.RegistrarManagerImpl/]: Registry entry listened Registry Entry [minecraft:item / fossil:meat_stegosaurus] was not realized!
[07Jan2026 20:58:48.093] [main/WARN] [dev.architectury.registry.registries.forge.RegistrarManagerImpl/]: Registry entry listened Registry Entry [minecraft:item / fossil:bone_arm_edaphosaurus] was not realized!
[07Jan2026 20:58:48.093] [main/WARN] [dev.architectury.registry.registries.forge.RegistrarManagerImpl/]: Registry entry listened Registry Entry [minecraft:item / fossil:bone_vertebrae_megalania] was not realized!
[07Jan2026 20:58:48.093] [main/WARN] [dev.architectury.registry.registries.forge.RegistrarManagerImpl/]: Registry entry listened Registry Entry [minecraft:item / fossil:bone_tail_ornitholestes] was not realized!
[07Jan2026 20:58:48.094] [main/WARN] [dev.architectury.registry.registries.forge.RegistrarManagerImpl/]: Registry entry listened Registry Entry [minecraft:item / fossil:bone_foot_postosuchus] was not realized!
[07Jan2026 20:58:48.094] [main/WARN] [dev.architectury.registry.registries.forge.RegistrarManagerImpl/]: Registry entry listened Registry Entry [minecraft:item / fossil:coelacanth_dna] was not realized!
[07Jan2026 20:58:48.094] [main/WARN] [dev.architectury.registry.registries.forge.RegistrarManagerImpl/]: Registry entry listened Registry Entry [minecraft:item / fossil:bone_tail_citipati] was not realized!
[07Jan2026 20:58:48.094] [main/WARN] [dev.architectury.registry.registries.forge.RegistrarManagerImpl/]: Registry entry listened Registry Entry [minecraft:item / fossil:henodus_dna] was not realized!
[07Jan2026 20:58:48.094] [main/WARN] [dev.architectury.registry.registries.forge.RegistrarManagerImpl/]: Registry entry listened Registry Entry [minecraft:item / fossil:egg_item_dryosaurus] was not realized!
[07Jan2026 20:58:48.094] [main/WARN] [dev.architectury.registry.registries.forge.RegistrarManagerImpl/]: Registry entry listened Registry Entry [minecraft:item / fossil:mammoth_dna] was not realized!
[07Jan2026 20:58:48.094] [main/WARN] [dev.architectury.registry.registries.forge.RegistrarManagerImpl/]: Registry entry listened Registry Entry [minecraft:item / fossil:meat_deinonychus] was not realized!
[07Jan2026 20:58:48.094] [main/WARN] [dev.architectury.registry.registries.forge.RegistrarManagerImpl/]: Registry entry listened Registry Entry [minecraft:item / fossil:bat_dna] was not realized!
[07Jan2026 20:58:48.094] [main/WARN] [dev.architectury.registry.registries.forge.RegistrarManagerImpl/]: Registry entry listened Registry Entry [minecraft:item / fossil:egg_item_squid] was not realized!
[07Jan2026 20:58:48.094] [main/WARN] [dev.architectury.registry.registries.forge.RegistrarManagerImpl/]: Registry entry listened Registry Entry [minecraft:item / fossil:protoceratops_dna] was not realized!
[07Jan2026 20:58:48.094] [main/WARN] [dev.architectury.registry.registries.forge.RegistrarManagerImpl/]: Registry entry listened Registry Entry [minecraft:item / fossil:sturgeon_dna] was not realized!
[07Jan2026 20:58:48.095] [main/WARN] [dev.architectury.registry.registries.forge.RegistrarManagerImpl/]: Registry entry listened Registry Entry [minecraft:item / fossil:liopleurodon_dna] was not realized!
[07Jan2026 20:58:48.095] [main/WARN] [dev.architectury.registry.registries.forge.RegistrarManagerImpl/]: Registry entry listened Registry Entry [minecraft:item / fossil:bone_ribcage_mammoth] was not realized!
[07Jan2026 20:58:48.095] [main/WARN] [dev.architectury.registry.registries.forge.RegistrarManagerImpl/]: Registry entry listened Registry Entry [minecraft:item / fossil:meat_dryosaurus] was not realized!
[07Jan2026 20:58:48.095] [main/WARN] [dev.architectury.registry.registries.forge.RegistrarManagerImpl/]: Registry entry listened Registry Entry [minecraft:item / fossil:bone_arm_ankylosaurus] was not realized!
[07Jan2026 20:58:48.095] [main/WARN] [dev.architectury.registry.registries.forge.RegistrarManagerImpl/]: Registry entry listened Registry Entry [minecraft:item / fossil:spawn_egg_dilophosaurus] was not realized!
[07Jan2026 20:58:48.095] [main/WARN] [dev.architectury.registry.registries.forge.RegistrarManagerImpl/]: Registry entry listened Registry Entry [minecraft:item / fossil:bone_unique_dryosaurus] was not realized!
[07Jan2026 20:58:48.095] [main/WARN] [dev.architectury.registry.registries.forge.RegistrarManagerImpl/]: Registry entry listened Registry Entry [minecraft:item / fossil:cooked_tyrannosaurus] was not realized!
[07Jan2026 20:58:48.095] [main/WARN] [dev.architectury.registry.registries.forge.RegistrarManagerImpl/]: Registry entry listened Registry Entry [minecraft:item / fossil:bone_vertebrae_pachycephalosaurus] was not realized!
[07Jan2026 20:58:48.095] [main/WARN] [dev.architectury.registry.registries.forge.RegistrarManagerImpl/]: Registry entry listened Registry Entry [minecraft:item / fossil:spawn_egg_pachycephalosaurus] was not realized!
[07Jan2026 20:58:48.095] [main/WARN] [dev.architectury.registry.registries.forge.RegistrarManagerImpl/]: Registry entry listened Registry Entry [minecraft:item / fossil:meat_allosaurus] was not realized!
[07Jan2026 20:58:48.095] [main/WARN] [dev.architectury.registry.registries.forge.RegistrarManagerImpl/]: Registry entry listened Registry Entry [minecraft:item / fossil:meat_coelacanth] was not realized!
[07Jan2026 20:58:48.095] [main/WARN] [dev.architectury.registry.registries.forge.RegistrarManagerImpl/]: Registry entry listened Registry Entry [minecraft:item / fossil:bone_tail_gastornis] was not realized!
[07Jan2026 20:58:48.096] [main/WARN] [dev.architectury.registry.registries.forge.RegistrarManagerImpl/]: Registry entry listened Registry Entry [minecraft:item / fossil:bone_foot_dodo] was not realized!
[07Jan2026 20:58:48.096] [main/WARN] [dev.architectury.registry.registries.forge.RegistrarManagerImpl/]: Registry entry listened Registry Entry [minecraft:item / fossil:bone_unique_allosaurus] was not realized!
[07Jan2026 20:58:48.096] [main/WARN] [dev.architectury.registry.registries.forge.RegistrarManagerImpl/]: Registry entry listened Registry Entry [minecraft:item / fossil:cooked_pachyrhinosaurus] was not realized!
[07Jan2026 20:58:48.096] [main/WARN] [dev.architectury.registry.registries.forge.RegistrarManagerImpl/]: Registry entry listened Registry Entry [minecraft:item / fossil:bone_foot_spinosaurus] was not realized!
[07Jan2026 20:58:48.096] [main/WARN] [dev.architectury.registry.registries.forge.RegistrarManagerImpl/]: Registry entry listened Registry Entry [minecraft:item / fossil:bone_foot_therizinosaurus] was not realized!
[07Jan2026 20:58:48.096] [main/WARN] [dev.architectury.registry.registries.forge.RegistrarManagerImpl/]: Registry entry listened Registry Entry [minecraft:item / fossil:bone_tail_ceratosaurus] was not realized!
[07Jan2026 20:58:48.096] [main/WARN] [dev.architectury.registry.registries.forge.RegistrarManagerImpl/]: Registry entry listened Registry Entry [minecraft:item / fossil:bone_tail_megalania] was not realized!
[07Jan2026 20:58:48.096] [main/WARN] [dev.architectury.registry.registries.forge.RegistrarManagerImpl/]: Registry entry listened Registry Entry [minecraft:item / fossil:bone_vertebrae_stegosaurus] was not realized!
[07Jan2026 20:58:48.096] [main/WARN] [dev.architectury.registry.registries.forge.RegistrarManagerImpl/]: Registry entry listened Registry Entry [minecraft:item / fossil:citipati_dna] was not realized!
[07Jan2026 20:58:48.096] [main/WARN] [dev.architectury.registry.registries.forge.RegistrarManagerImpl/]: Registry entry listened Registry Entry [minecraft:item / fossil:bone_skull_pachycephalosaurus] was not realized!
[07Jan2026 20:58:48.096] [main/WARN] [dev.architectury.registry.registries.forge.RegistrarManagerImpl/]: Registry entry listened Registry Entry [minecraft:item / fossil:bone_tail_elasmotherium] was not realized!
[07Jan2026 20:58:48.097] [main/WARN] [dev.architectury.registry.registries.forge.RegistrarManagerImpl/]: Registry entry listened Registry Entry [minecraft:item / fossil:bone_leg_smilodon] was not realized!
[07Jan2026 20:58:48.097] [main/WARN] [dev.architectury.registry.registries.forge.RegistrarManagerImpl/]: Registry entry listened Registry Entry [minecraft:item / fossil:bone_tail_spinosaurus] was not realized!
[07Jan2026 20:58:48.097] [main/WARN] [dev.architectury.registry.registries.forge.RegistrarManagerImpl/]: Registry entry listened Registry Entry [minecraft:item / fossil:bone_ribcage_ankylosaurus] was not realized!
[07Jan2026 20:58:48.097] [main/WARN] [dev.architectury.registry.registries.forge.RegistrarManagerImpl/]: Registry entry listened Registry Entry [minecraft:item / fossil:bone_skull_spinosaurus] was not realized!
[07Jan2026 20:58:48.097] [main/WARN] [dev.architectury.registry.registries.forge.RegistrarManagerImpl/]: Registry entry listened Registry Entry [minecraft:item / fossil:bone_arm_dimetrodon] was not realized!
[07Jan2026 20:58:48.097] [main/WARN] [dev.architectury.registry.registries.forge.RegistrarManagerImpl/]: Registry entry listened Registry Entry [minecraft:item / fossil:egg_item_edaphosaurus] was not realized!
[07Jan2026 20:58:48.097] [main/WARN] [dev.architectury.registry.registries.forge.RegistrarManagerImpl/]: Registry entry listened Registry Entry [minecraft:item / fossil:bone_unique_triceratops] was not realized!
[07Jan2026 20:58:48.097] [main/WARN] [dev.architectury.registry.registries.forge.RegistrarManagerImpl/]: Registry entry listened Registry Entry [minecraft:item / fossil:bone_leg_ichthyosaurus] was not realized!
[07Jan2026 20:58:48.097] [main/WARN] [dev.architectury.registry.registries.forge.RegistrarManagerImpl/]: Registry entry listened Registry Entry [minecraft:item / fossil:meat_pachyrhinosaurus] was not realized!
[07Jan2026 20:58:48.097] [main/WARN] [dev.architectury.registry.registries.forge.RegistrarManagerImpl/]: Registry entry listened Registry Entry [minecraft:item / fossil:cooked_titanis] was not realized!
[07Jan2026 20:58:48.097] [main/WARN] [dev.architectury.registry.registries.forge.RegistrarManagerImpl/]: Registry entry listened Registry Entry [minecraft:item / fossil:bone_vertebrae_dimorphodon] was not realized!
[07Jan2026 20:58:48.098] [main/WARN] [dev.architectury.registry.registries.forge.RegistrarManagerImpl/]: Registry entry listened Registry Entry [minecraft:item / fossil:egg_item_dimetrodon] was not realized!
[07Jan2026 20:58:48.098] [main/WARN] [dev.architectury.registry.registries.forge.RegistrarManagerImpl/]: Registry entry listened Registry Entry [minecraft:item / fossil:bone_vertebrae_plesiosaurus] was not realized!
[07Jan2026 20:58:48.098] [main/WARN] [dev.architectury.registry.registries.forge.RegistrarManagerImpl/]: Registry entry listened Registry Entry [minecraft:item / fossil:bone_ribcage_dodo] was not realized!
[07Jan2026 20:58:48.098] [main/WARN] [dev.architectury.registry.registries.forge.RegistrarManagerImpl/]: Registry entry listened Registry Entry [minecraft:item / fossil:bone_tail_parasaurolophus] was not realized!
[07Jan2026 20:58:48.098] [main/WARN] [dev.architectury.registry.registries.forge.RegistrarManagerImpl/]: Registry entry listened Registry Entry [minecraft:item / fossil:walliserops_dna] was not realized!
[07Jan2026 20:58:48.098] [main/WARN] [dev.architectury.registry.registries.forge.RegistrarManagerImpl/]: Registry entry listened Registry Entry [minecraft:item / fossil:bone_leg_deinonychus] was not realized!
[07Jan2026 20:58:48.098] [main/WARN] [dev.architectury.registry.registries.forge.RegistrarManagerImpl/]: Registry entry listened Registry Entry [minecraft:item / fossil:bone_foot_plesiosaurus] was not realized!
[07Jan2026 20:58:48.098] [main/WARN] [dev.architectury.registry.registries.forge.RegistrarManagerImpl/]: Registry entry listened Registry Entry [minecraft:item / fossil:syringe_horse] was not realized!
[07Jan2026 20:58:48.098] [main/WARN] [dev.architectury.registry.registries.forge.RegistrarManagerImpl/]: Registry entry listened Registry Entry [minecraft:item / fossil:bone_vertebrae_titanis] was not realized!
[07Jan2026 20:58:48.098] [main/WARN] [dev.architectury.registry.registries.forge.RegistrarManagerImpl/]: Registry entry listened Registry Entry [minecraft:item / fossil:bone_leg_mammoth] was not realized!
[07Jan2026 20:58:48.098] [main/WARN] [dev.architectury.registry.registries.forge.RegistrarManagerImpl/]: Registry entry listened Registry Entry [minecraft:item / fossil:bone_unique_mosasaurus] was not realized!
[07Jan2026 20:58:48.099] [main/WARN] [dev.architectury.registry.registries.forge.RegistrarManagerImpl/]: Registry entry listened Registry Entry [minecraft:item / fossil:meat_mosasaurus] was not realized!
[07Jan2026 20:58:48.099] [main/WARN] [dev.architectury.registry.registries.forge.RegistrarManagerImpl/]: Registry entry listened Registry Entry [minecraft:item / fossil:bone_vertebrae_quagga] was not realized!
[07Jan2026 20:58:48.099] [main/WARN] [dev.architectury.registry.registries.forge.RegistrarManagerImpl/]: Registry entry listened Registry Entry [minecraft:item / fossil:bone_vertebrae_dilophosaurus] was not realized!
[07Jan2026 20:58:48.099] [main/WARN] [dev.architectury.registry.registries.forge.RegistrarManagerImpl/]: Registry entry listened Registry Entry [minecraft:item / fossil:meat_henodus] was not realized!
[07Jan2026 20:58:48.099] [main/WARN] [dev.architectury.registry.registries.forge.RegistrarManagerImpl/]: Registry entry listened Registry Entry [minecraft:item / fossil:plesiosaurus_dna] was not realized!
[07Jan2026 20:58:48.099] [main/WARN] [dev.architectury.registry.registries.forge.RegistrarManagerImpl/]: Registry entry listened Registry Entry [minecraft:item / fossil:syringe_hoglin] was not realized!
[07Jan2026 20:58:48.099] [main/WARN] [dev.architectury.registry.registries.forge.RegistrarManagerImpl/]: Registry entry listened Registry Entry [minecraft:item / fossil:bone_tail_gallimimus] was not realized!
[07Jan2026 20:58:48.099] [main/WARN] [dev.architectury.registry.registries.forge.RegistrarManagerImpl/]: Registry entry listened Registry Entry [minecraft:item / fossil:megaloceros_dna] was not realized!
[07Jan2026 20:58:48.099] [main/WARN] [dev.architectury.registry.registries.forge.RegistrarManagerImpl/]: Registry entry listened Registry Entry [minecraft:item / fossil:bone_ribcage_protoceratops] was not realized!
[07Jan2026 20:58:48.099] [main/WARN] [dev.architectury.registry.registries.forge.RegistrarManagerImpl/]: Registry entry listened Registry Entry [minecraft:item / fossil:meat_smilodon] was not realized!
[07Jan2026 20:58:48.100] [main/WARN] [dev.architectury.registry.registries.forge.RegistrarManagerImpl/]: Registry entry listened Registry Entry [minecraft:item / fossil:bone_arm_megalania] was not realized!
[07Jan2026 20:58:48.100] [main/WARN] [dev.architectury.registry.registries.forge.RegistrarManagerImpl/]: Registry entry listened Registry Entry [minecraft:item / fossil:bucket_item_alligator_gar] was not realized!
[07Jan2026 20:58:48.100] [main/WARN] [dev.architectury.registry.registries.forge.RegistrarManagerImpl/]: Registry entry listened Registry Entry [minecraft:item / fossil:bone_arm_megaloceros] was not realized!
[07Jan2026 20:58:48.100] [main/WARN] [dev.architectury.registry.registries.forge.RegistrarManagerImpl/]: Registry entry listened Registry Entry [minecraft:item / fossil:spawn_egg_tiktaalik] was not realized!
[07Jan2026 20:58:48.100] [main/WARN] [dev.architectury.registry.registries.forge.RegistrarManagerImpl/]: Registry entry listened Registry Entry [minecraft:item / fossil:bone_vertebrae_brachiosaurus] was not realized!
[07Jan2026 20:58:48.100] [main/WARN] [dev.architectury.registry.registries.forge.RegistrarManagerImpl/]: Registry entry listened Registry Entry [minecraft:item / fossil:pig_dna] was not realized!
[07Jan2026 20:58:48.100] [main/WARN] [dev.architectury.registry.registries.forge.RegistrarManagerImpl/]: Registry entry listened Registry Entry [minecraft:item / fossil:cooked_dodo] was not realized!
[07Jan2026 20:58:48.100] [main/WARN] [dev.architectury.registry.registries.forge.RegistrarManagerImpl/]: Registry entry listened Registry Entry [minecraft:item / fossil:meat_platybelodon] was not realized!
[07Jan2026 20:58:48.100] [main/WARN] [dev.architectury.registry.registries.forge.RegistrarManagerImpl/]: Registry entry listened Registry Entry [minecraft:item / fossil:bone_leg_dimetrodon] was not realized!
[07Jan2026 20:58:48.100] [main/WARN] [dev.architectury.registry.registries.forge.RegistrarManagerImpl/]: Registry entry listened Registry Entry [minecraft:item / fossil:bone_arm_diplocaulus] was not realized!
[07Jan2026 20:58:48.404] [main/WARN] [dev.architectury.registry.registries.forge.RegistrarManagerImpl/]: Registry entry listened Registry Entry [minecraft:item / fossil:bone_foot_brachiosaurus] was not realized!
[07Jan2026 20:58:48.404] [main/WARN] [dev.architectury.registry.registries.forge.RegistrarManagerImpl/]: Registry entry listened Registry Entry [minecraft:item / fossil:egg_gastornis] was not realized!
[07Jan2026 20:58:48.405] [main/WARN] [dev.architectury.registry.registries.forge.RegistrarManagerImpl/]: Registry entry listened Registry Entry [minecraft:item / fossil:bone_arm_quagga] was not realized!
[07Jan2026 20:58:48.405] [main/WARN] [dev.architectury.registry.registries.forge.RegistrarManagerImpl/]: Registry entry listened Registry Entry [minecraft:item / fossil:egg_item_ornitholestes] was not realized!
[07Jan2026 20:58:48.405] [main/WARN] [dev.architectury.registry.registries.forge.RegistrarManagerImpl/]: Registry entry listened Registry Entry [minecraft:item / fossil:bone_unique_protoceratops] was not realized!
[07Jan2026 20:58:48.405] [main/WARN] [dev.architectury.registry.registries.forge.RegistrarManagerImpl/]: Registry entry listened Registry Entry [minecraft:item / fossil:bone_foot_megalania] was not realized!
[07Jan2026 20:58:48.405] [main/WARN] [dev.architectury.registry.registries.forge.RegistrarManagerImpl/]: Registry entry listened Registry Entry [minecraft:item / fossil:bone_ribcage_parasaurolophus] was not realized!
[07Jan2026 20:58:48.405] [main/WARN] [dev.architectury.registry.registries.forge.RegistrarManagerImpl/]: Registry entry listened Registry Entry [minecraft:item / fossil:bone_vertebrae_phorusrhacos] was not realized!
[07Jan2026 20:58:48.405] [main/WARN] [dev.architectury.registry.registries.forge.RegistrarManagerImpl/]: Registry entry listened Registry Entry [minecraft:item / fossil:bone_ribcage_psittacosaurus] was not realized!
[07Jan2026 20:58:48.405] [main/WARN] [dev.architectury.registry.registries.forge.RegistrarManagerImpl/]: Registry entry listened Registry Entry [minecraft:item / fossil:meat_crassigyrinus] was not realized!
[07Jan2026 20:58:48.405] [main/WARN] [dev.architectury.registry.registries.forge.RegistrarManagerImpl/]: Registry entry listened Registry Entry [minecraft:item / fossil:bucket_item_plesiosaurus] was not realized!
[07Jan2026 20:58:48.406] [main/WARN] [dev.architectury.registry.registries.forge.RegistrarManagerImpl/]: Registry entry listened Registry Entry [minecraft:item / fossil:compsognathus_dna] was not realized!
[07Jan2026 20:58:48.406] [main/WARN] [dev.architectury.registry.registries.forge.RegistrarManagerImpl/]: Registry entry listened Registry Entry [minecraft:item / fossil:ceratosaurus_dna] was not realized!
[07Jan2026 20:58:48.406] [main/WARN] [dev.architectury.registry.registries.forge.RegistrarManagerImpl/]: Registry entry listened Registry Entry [minecraft:item / fossil:egg_item_tiktaalik] was not realized!
[07Jan2026 20:58:48.406] [main/WARN] [dev.architectury.registry.registries.forge.RegistrarManagerImpl/]: Registry entry listened Registry Entry [minecraft:item / fossil:cooked_henodus] was not realized!
[07Jan2026 20:58:48.406] [main/WARN] [dev.architectury.registry.registries.forge.RegistrarManagerImpl/]: Registry entry listened Registry Entry [minecraft:item / fossil:spawn_egg_citipati] was not realized!
[07Jan2026 20:58:48.406] [main/WARN] [dev.architectury.registry.registries.forge.RegistrarManagerImpl/]: Registry entry listened Registry Entry [minecraft:item / fossil:meat_parasaurolophus] was not realized!
[07Jan2026 20:58:48.406] [main/WARN] [dev.architectury.registry.registries.forge.RegistrarManagerImpl/]: Registry entry listened Registry Entry [minecraft:item / fossil:egg_item_sturgeon] was not realized!
[07Jan2026 20:58:48.406] [main/WARN] [dev.architectury.registry.registries.forge.RegistrarManagerImpl/]: Registry entry listened Registry Entry [minecraft:item / fossil:bone_skull_elasmotherium] was not realized!
[07Jan2026 20:58:48.406] [main/WARN] [dev.architectury.registry.registries.forge.RegistrarManagerImpl/]: Registry entry listened Registry Entry [minecraft:item / fossil:bone_unique_kelenken] was not realized!
[07Jan2026 20:58:48.406] [main/WARN] [dev.architectury.registry.registries.forge.RegistrarManagerImpl/]: Registry entry listened Registry Entry [minecraft:item / fossil:bone_ribcage_ornitholestes] was not realized!
[07Jan2026 20:58:48.406] [main/WARN] [dev.architectury.registry.registries.forge.RegistrarManagerImpl/]: Registry entry listened Registry Entry [minecraft:item / fossil:egg_item_meganeura] was not realized!
[07Jan2026 20:58:48.407] [main/WARN] [dev.architectury.registry.registries.forge.RegistrarManagerImpl/]: Registry entry listened Registry Entry [minecraft:item / fossil:meat_arthropleura] was not realized!
[07Jan2026 20:58:48.407] [main/WARN] [dev.architectury.registry.registries.forge.RegistrarManagerImpl/]: Registry entry listened Registry Entry [minecraft:item / fossil:cooked_quagga] was not realized!
[07Jan2026 20:58:48.407] [main/WARN] [dev.architectury.registry.registries.forge.RegistrarManagerImpl/]: Registry entry listened Registry Entry [minecraft:item / fossil:bone_foot_tyrannosaurus] was not realized!
[07Jan2026 20:58:48.407] [main/WARN] [dev.architectury.registry.registries.forge.RegistrarManagerImpl/]: Registry entry listened Registry Entry [minecraft:item / fossil:bone_ribcage_quetzalcoatlus] was not realized!
[07Jan2026 20:58:48.407] [main/WARN] [dev.architectury.registry.registries.forge.RegistrarManagerImpl/]: Registry entry listened Registry Entry [minecraft:item / fossil:spawn_egg_allosaurus] was not realized!
[07Jan2026 20:58:48.407] [main/WARN] [dev.architectury.registry.registries.forge.RegistrarManagerImpl/]: Registry entry listened Registry Entry [minecraft:item / fossil:dimorphodon_dna] was not realized!
[07Jan2026 20:58:48.407] [main/WARN] [dev.architectury.registry.registries.forge.RegistrarManagerImpl/]: Registry entry listened Registry Entry [minecraft:item / fossil:syringe_llama] was not realized!
[07Jan2026 20:58:48.407] [main/WARN] [dev.architectury.registry.registries.forge.RegistrarManagerImpl/]: Registry entry listened Registry Entry [minecraft:item / fossil:bone_vertebrae_henodus] was not realized!
[07Jan2026 20:58:48.407] [main/WARN] [dev.architectury.registry.registries.forge.RegistrarManagerImpl/]: Registry entry listened Registry Entry [minecraft:item / fossil:egg_item_megalograptus] was not realized!
[07Jan2026 20:58:48.407] [main/WARN] [dev.architectury.registry.registries.forge.RegistrarManagerImpl/]: Registry entry listened Registry Entry [minecraft:item / fossil:cooked_psittacosaurus] was not realized!
[07Jan2026 20:58:48.407] [main/WARN] [dev.architectury.registry.registries.forge.RegistrarManagerImpl/]: Registry entry listened Registry Entry [minecraft:item / fossil:bone_arm_ichthyosaurus] was not realized!
[07Jan2026 20:58:48.408] [main/WARN] [dev.architectury.registry.registries.forge.RegistrarManagerImpl/]: Registry entry listened Registry Entry [minecraft:item / fossil:bone_tail_pachycephalosaurus] was not realized!
[07Jan2026 20:58:48.408] [main/WARN] [dev.architectury.registry.registries.forge.RegistrarManagerImpl/]: Registry entry listened Registry Entry [minecraft:item / fossil:bone_unique_parasaurolophus] was not realized!
[07Jan2026 20:58:48.408] [main/WARN] [dev.architectury.registry.registries.forge.RegistrarManagerImpl/]: Registry entry listened Registry Entry [minecraft:item / fossil:bone_unique_sarcosuchus] was not realized!
[07Jan2026 20:58:48.408] [main/WARN] [dev.architectury.registry.registries.forge.RegistrarManagerImpl/]: Registry entry listened Registry Entry [minecraft:item / fossil:sniffer_dna] was not realized!
[07Jan2026 20:58:48.408] [main/WARN] [dev.architectury.registry.registries.forge.RegistrarManagerImpl/]: Registry entry listened Registry Entry [minecraft:item / fossil:parasaurolophus_dna] was not realized!
[07Jan2026 20:58:48.408] [main/WARN] [dev.architectury.registry.registries.forge.RegistrarManagerImpl/]: Registry entry listened Registry Entry [minecraft:item / fossil:egg_item_dicranurus] was not realized!
[07Jan2026 20:58:48.408] [main/WARN] [dev.architectury.registry.registries.forge.RegistrarManagerImpl/]: Registry entry listened Registry Entry [minecraft:item / fossil:bone_arm_deinonychus] was not realized!
[07Jan2026 20:58:48.408] [main/WARN] [dev.architectury.registry.registries.forge.RegistrarManagerImpl/]: Registry entry listened Registry Entry [minecraft:item / fossil:egg_item_brachiosaurus] was not realized!
[07Jan2026 20:58:48.408] [main/WARN] [dev.architectury.registry.registries.forge.RegistrarManagerImpl/]: Registry entry listened Registry Entry [minecraft:item / fossil:cooked_arthropleura] was not realized!
[07Jan2026 20:58:48.408] [main/WARN] [dev.architectury.registry.registries.forge.RegistrarManagerImpl/]: Registry entry listened Registry Entry [minecraft:item / fossil:bone_foot_quagga] was not realized!
[07Jan2026 20:58:48.408] [main/WARN] [dev.architectury.registry.registries.forge.RegistrarManagerImpl/]: Registry entry listened Registry Entry [minecraft:item / fossil:spawn_egg_deinonychus] was not realized!
[07Jan2026 20:58:48.409] [main/WARN] [dev.architectury.registry.registries.forge.RegistrarManagerImpl/]: Registry entry listened Registry Entry [minecraft:item / fossil:syringe_bat] was not realized!
[07Jan2026 20:58:48.409] [main/WARN] [dev.architectury.registry.registries.forge.RegistrarManagerImpl/]: Registry entry listened Registry Entry [minecraft:item / fossil:meat_titanis] was not realized!
[07Jan2026 20:58:48.409] [main/WARN] [dev.architectury.registry.registries.forge.RegistrarManagerImpl/]: Registry entry listened Registry Entry [minecraft:item / fossil:bone_unique_megalodon] was not realized!
[07Jan2026 20:58:48.409] [main/WARN] [dev.architectury.registry.registries.forge.RegistrarManagerImpl/]: Registry entry listened Registry Entry [minecraft:item / fossil:bone_ribcage_dimetrodon] was not realized!
[07Jan2026 20:58:48.409] [main/WARN] [dev.architectury.registry.registries.forge.RegistrarManagerImpl/]: Registry entry listened Registry Entry [minecraft:item / fossil:bone_arm_gastornis] was not realized!
[07Jan2026 20:58:48.409] [main/WARN] [dev.architectury.registry.registries.forge.RegistrarManagerImpl/]: Registry entry listened Registry Entry [minecraft:item / fossil:bone_leg_pachyrhinosaurus] was not realized!
[07Jan2026 20:58:48.409] [main/WARN] [dev.architectury.registry.registries.forge.RegistrarManagerImpl/]: Registry entry listened Registry Entry [minecraft:item / fossil:egg_item_nautilus] was not realized!
[07Jan2026 20:58:48.409] [main/WARN] [dev.architectury.registry.registries.forge.RegistrarManagerImpl/]: Registry entry listened Registry Entry [minecraft:item / fossil:dilophosaurus_dna] was not realized!
[07Jan2026 20:58:48.409] [main/WARN] [dev.architectury.registry.registries.forge.RegistrarManagerImpl/]: Registry entry listened Registry Entry [minecraft:item / fossil:bone_foot_diplodocus] was not realized!
[07Jan2026 20:58:48.409] [main/WARN] [dev.architectury.registry.registries.forge.RegistrarManagerImpl/]: Registry entry listened Registry Entry [minecraft:item / fossil:bone_ribcage_elasmotherium] was not realized!
[07Jan2026 20:58:48.409] [main/WARN] [dev.architectury.registry.registries.forge.RegistrarManagerImpl/]: Registry entry listened Registry Entry [minecraft:item / fossil:meat_gallimimus] was not realized!
[07Jan2026 20:58:48.409] [main/WARN] [dev.architectury.registry.registries.forge.RegistrarManagerImpl/]: Registry entry listened Registry Entry [minecraft:item / fossil:bone_tail_deinonychus] was not realized!
[07Jan2026 20:58:48.409] [main/WARN] [dev.architectury.registry.registries.forge.RegistrarManagerImpl/]: Registry entry listened Registry Entry [minecraft:item / fossil:egg_phorusrhacos] was not realized!
[07Jan2026 20:58:48.410] [main/WARN] [dev.architectury.registry.registries.forge.RegistrarManagerImpl/]: Registry entry listened Registry Entry [minecraft:item / fossil:bone_skull_deinonychus] was not realized!
[07Jan2026 20:58:48.410] [main/WARN] [dev.architectury.registry.registries.forge.RegistrarManagerImpl/]: Registry entry listened Registry Entry [minecraft:item / fossil:bone_vertebrae_pachyrhinosaurus] was not realized!
[07Jan2026 20:58:48.410] [main/WARN] [dev.architectury.registry.registries.forge.RegistrarManagerImpl/]: Registry entry listened Registry Entry [minecraft:item / fossil:bone_skull_ornitholestes] was not realized!
[07Jan2026 20:58:48.410] [main/WARN] [dev.architectury.registry.registries.forge.RegistrarManagerImpl/]: Registry entry listened Registry Entry [minecraft:item / fossil:bone_foot_pteranodon] was not realized!
[07Jan2026 20:58:48.410] [main/WARN] [dev.architectury.registry.registries.forge.RegistrarManagerImpl/]: Registry entry listened Registry Entry [minecraft:item / fossil:chicken_dna] was not realized!
[07Jan2026 20:58:48.410] [main/WARN] [dev.architectury.registry.registries.forge.RegistrarManagerImpl/]: Registry entry listened Registry Entry [minecraft:item / fossil:bone_arm_dodo] was not realized!
[07Jan2026 20:58:48.410] [main/WARN] [dev.architectury.registry.registries.forge.RegistrarManagerImpl/]: Registry entry listened Registry Entry [minecraft:item / fossil:turtle_dna] was not realized!
[07Jan2026 20:58:48.410] [main/WARN] [dev.architectury.registry.registries.forge.RegistrarManagerImpl/]: Registry entry listened Registry Entry [minecraft:item / fossil:quetzalcoatlus_dna] was not realized!
[07Jan2026 20:58:48.410] [main/WARN] [dev.architectury.registry.registries.forge.RegistrarManagerImpl/]: Registry entry listened Registry Entry [minecraft:item / fossil:meat_compsognathus] was not realized!
[07Jan2026 20:58:48.410] [main/WARN] [dev.architectury.registry.registries.forge.RegistrarManagerImpl/]: Registry entry listened Registry Entry [minecraft:item / fossil:bone_leg_diplodocus] was not realized!
[07Jan2026 20:58:48.410] [main/WARN] [dev.architectury.registry.registries.forge.RegistrarManagerImpl/]: Registry entry listened Registry Entry [minecraft:item / fossil:meat_gastornis] was not realized!
[07Jan2026 20:58:48.410] [main/WARN] [dev.architectury.registry.registries.forge.RegistrarManagerImpl/]: Registry entry listened Registry Entry [minecraft:item / fossil:meat_velociraptor] was not realized!
[07Jan2026 20:58:48.410] [main/WARN] [dev.architectury.registry.registries.forge.RegistrarManagerImpl/]: Registry entry listened Registry Entry [minecraft:item / fossil:bone_tail_protoceratops] was not realized!
[07Jan2026 20:58:48.411] [main/WARN] [dev.architectury.registry.registries.forge.RegistrarManagerImpl/]: Registry entry listened Registry Entry [minecraft:item / fossil:salmon_dna] was not realized!
[07Jan2026 20:58:48.411] [main/WARN] [dev.architectury.registry.registries.forge.RegistrarManagerImpl/]: Registry entry listened Registry Entry [minecraft:item / fossil:sheep_dna] was not realized!
[07Jan2026 20:58:48.411] [main/WARN] [dev.architectury.registry.registries.forge.RegistrarManagerImpl/]: Registry entry listened Registry Entry [minecraft:item / fossil:cooked_gastornis] was not realized!
[07Jan2026 20:58:48.411] [main/WARN] [dev.architectury.registry.registries.forge.RegistrarManagerImpl/]: Registry entry listened Registry Entry [minecraft:item / fossil:bone_tail_titanis] was not realized!
[07Jan2026 20:58:48.411] [main/WARN] [dev.architectury.registry.registries.forge.RegistrarManagerImpl/]: Registry entry listened Registry Entry [minecraft:item / fossil:bone_tail_megaloceros] was not realized!
[07Jan2026 20:58:48.411] [main/WARN] [dev.architectury.registry.registries.forge.RegistrarManagerImpl/]: Registry entry listened Registry Entry [minecraft:item / fossil:egg_item_compsognathus] was not realized!
[07Jan2026 20:58:48.411] [main/WARN] [dev.architectury.registry.registries.forge.RegistrarManagerImpl/]: Registry entry listened Registry Entry [minecraft:item / fossil:cooked_mosasaurus] was not realized!
[07Jan2026 20:58:48.411] [main/WARN] [dev.architectury.registry.registries.forge.RegistrarManagerImpl/]: Registry entry listened Registry Entry [minecraft:item / fossil:meat_megalania] was not realized!
[07Jan2026 20:58:48.411] [main/WARN] [dev.architectury.registry.registries.forge.RegistrarManagerImpl/]: Registry entry listened Registry Entry [minecraft:item / fossil:spawn_egg_parasaurolophus] was not realized!
[07Jan2026 20:58:48.412] [main/WARN] [dev.architectury.registry.registries.forge.RegistrarManagerImpl/]: Registry entry listened Registry Entry [minecraft:item / fossil:bone_skull_dimetrodon] was not realized!
[07Jan2026 20:58:48.412] [main/WARN] [dev.architectury.registry.registries.forge.RegistrarManagerImpl/]: Registry entry listened Registry Entry [minecraft:item / fossil:bone_leg_quetzalcoatlus] was not realized!
[07Jan2026 20:58:48.412] [main/WARN] [dev.architectury.registry.registries.forge.RegistrarManagerImpl/]: Registry entry listened Registry Entry [minecraft:item / fossil:bone_ribcage_deinonychus] was not realized!
[07Jan2026 20:58:48.412] [main/WARN] [dev.architectury.registry.registries.forge.RegistrarManagerImpl/]: Registry entry listened Registry Entry [minecraft:item / fossil:bone_arm_spinosaurus] was not realized!
[07Jan2026 20:58:48.412] [main/WARN] [dev.architectury.registry.registries.forge.RegistrarManagerImpl/]: Registry entry listened Registry Entry [minecraft:item / fossil:egg_item_lonchodomas] was not realized!
[07Jan2026 20:58:48.412] [main/WARN] [dev.architectury.registry.registries.forge.RegistrarManagerImpl/]: Registry entry listened Registry Entry [minecraft:item / fossil:gallimimus_dna] was not realized!
[07Jan2026 20:58:48.413] [main/WARN] [dev.architectury.registry.registries.forge.RegistrarManagerImpl/]: Registry entry listened Registry Entry [minecraft:item / fossil:egg_item_tyrannosaurus] was not realized!
[07Jan2026 20:58:48.413] [main/WARN] [dev.architectury.registry.registries.forge.RegistrarManagerImpl/]: Registry entry listened Registry Entry [minecraft:item / fossil:bone_unique_pachycephalosaurus] was not realized!
[07Jan2026 20:58:48.413] [main/WARN] [dev.architectury.registry.registries.forge.RegistrarManagerImpl/]: Registry entry listened Registry Entry [minecraft:item / fossil:bone_skull_ceratosaurus] was not realized!
[07Jan2026 20:58:48.413] [main/WARN] [dev.architectury.registry.registries.forge.RegistrarManagerImpl/]: Registry entry listened Registry Entry [minecraft:item / fossil:bone_leg_gastornis] was not realized!
[07Jan2026 20:58:48.413] [main/WARN] [dev.architectury.registry.registries.forge.RegistrarManagerImpl/]: Registry entry listened Registry Entry [minecraft:item / fossil:spawn_egg_lonchodomas] was not realized!
[07Jan2026 20:58:48.413] [main/WARN] [dev.architectury.registry.registries.forge.RegistrarManagerImpl/]: Registry entry listened Registry Entry [minecraft:item / fossil:bone_skull_crassigyrinus] was not realized!
[07Jan2026 20:58:48.413] [main/WARN] [dev.architectury.registry.registries.forge.RegistrarManagerImpl/]: Registry entry listened Registry Entry [minecraft:item / fossil:diplodocus_dna] was not realized!
[07Jan2026 20:58:48.413] [main/WARN] [dev.architectury.registry.registries.forge.RegistrarManagerImpl/]: Registry entry listened Registry Entry [minecraft:item / fossil:bone_skull_quetzalcoatlus] was not realized!
[07Jan2026 20:58:48.413] [main/WARN] [dev.architectury.registry.registries.forge.RegistrarManagerImpl/]: Registry entry listened Registry Entry [minecraft:item / fossil:cooked_lonchodomas] was not realized!
[07Jan2026 20:58:48.414] [main/WARN] [dev.architectury.registry.registries.forge.RegistrarManagerImpl/]: Registry entry listened Registry Entry [minecraft:item / fossil:meat_quetzalcoatlus] was not realized!
[07Jan2026 20:58:48.414] [main/WARN] [dev.architectury.registry.registries.forge.RegistrarManagerImpl/]: Registry entry listened Registry Entry [minecraft:item / fossil:bucket_item_diplocaulus] was not realized!
[07Jan2026 20:58:48.414] [main/WARN] [dev.architectury.registry.registries.forge.RegistrarManagerImpl/]: Registry entry listened Registry Entry [minecraft:item / fossil:bone_unique_megalania] was not realized!
[07Jan2026 20:58:48.414] [main/WARN] [dev.architectury.registry.registries.forge.RegistrarManagerImpl/]: Registry entry listened Registry Entry [minecraft:item / fossil:nautilus_dna] was not realized!
[07Jan2026 20:58:48.414] [main/WARN] [dev.architectury.registry.registries.forge.RegistrarManagerImpl/]: Registry entry listened Registry Entry [minecraft:item / fossil:tiktaalik_dna] was not realized!
[07Jan2026 20:58:48.414] [main/WARN] [dev.architectury.registry.registries.forge.RegistrarManagerImpl/]: Registry entry listened Registry Entry [minecraft:item / fossil:bone_tail_therizinosaurus] was not realized!
[07Jan2026 20:58:48.414] [main/WARN] [dev.architectury.registry.registries.forge.RegistrarManagerImpl/]: Registry entry listened Registry Entry [minecraft:item / fossil:bucket_item_walliserops] was not realized!
[07Jan2026 20:58:48.414] [main/WARN] [dev.architectury.registry.registries.forge.RegistrarManagerImpl/]: Registry entry listened Registry Entry [minecraft:item / fossil:bone_tail_edaphosaurus] was not realized!
[07Jan2026 20:58:48.414] [main/WARN] [dev.architectury.registry.registries.forge.RegistrarManagerImpl/]: Registry entry listened Registry Entry [minecraft:item / fossil:bone_leg_parasaurolophus] was not realized!
[07Jan2026 20:58:48.414] [main/WARN] [dev.architectury.registry.registries.forge.RegistrarManagerImpl/]: Registry entry listened Registry Entry [minecraft:item / fossil:bone_tail_mosasaurus] was not realized!
[07Jan2026 20:58:48.414] [main/WARN] [dev.architectury.registry.registries.forge.RegistrarManagerImpl/]: Registry entry listened Registry Entry [minecraft:item / fossil:spawn_egg_therizinosaurus] was not realized!
[07Jan2026 20:58:48.415] [main/WARN] [dev.architectury.registry.registries.forge.RegistrarManagerImpl/]: Registry entry listened Registry Entry [minecraft:item / fossil:cooked_dryosaurus] was not realized!
[07Jan2026 20:58:48.415] [main/WARN] [dev.architectury.registry.registries.forge.RegistrarManagerImpl/]: Registry entry listened Registry Entry [minecraft:item / fossil:bone_foot_phorusrhacos] was not realized!
[07Jan2026 20:58:48.415] [main/WARN] [dev.architectury.registry.registries.forge.RegistrarManagerImpl/]: Registry entry listened Registry Entry [minecraft:item / fossil:meat_liopleurodon] was not realized!
[07Jan2026 20:58:48.415] [main/WARN] [dev.architectury.registry.registries.forge.RegistrarManagerImpl/]: Registry entry listened Registry Entry [minecraft:item / fossil:bone_leg_ankylosaurus] was not realized!
[07Jan2026 20:58:48.415] [main/WARN] [dev.architectury.registry.registries.forge.RegistrarManagerImpl/]: Registry entry listened Registry Entry [minecraft:item / fossil:bone_ribcage_dimorphodon] was not realized!
[07Jan2026 20:58:48.415] [main/WARN] [dev.architectury.registry.registries.forge.RegistrarManagerImpl/]: Registry entry listened Registry Entry [minecraft:item / fossil:spawn_egg_meganeura] was not realized!
[07Jan2026 20:58:48.415] [main/WARN] [dev.architectury.registry.registries.forge.RegistrarManagerImpl/]: Registry entry listened Registry Entry [minecraft:item / fossil:egg_item_ceratosaurus] was not realized!
[07Jan2026 20:58:48.415] [main/WARN] [dev.architectury.registry.registries.forge.RegistrarManagerImpl/]: Registry entry listened Registry Entry [minecraft:item / fossil:bucket_item_aquilolamna] was not realized!
[07Jan2026 20:58:48.416] [main/WARN] [dev.architectury.registry.registries.forge.RegistrarManagerImpl/]: Registry entry listened Registry Entry [minecraft:item / fossil:cooked_megalodon] was not realized!
[07Jan2026 20:58:48.416] [main/WARN] [dev.architectury.registry.registries.forge.RegistrarManagerImpl/]: Registry entry listened Registry Entry [minecraft:item / fossil:bone_tail_henodus] was not realized!
[07Jan2026 20:58:48.416] [main/WARN] [dev.architectury.registry.registries.forge.RegistrarManagerImpl/]: Registry entry listened Registry Entry [minecraft:item / fossil:bone_arm_dimorphodon] was not realized!
[07Jan2026 20:58:48.416] [main/WARN] [dev.architectury.registry.registries.forge.RegistrarManagerImpl/]: Registry entry listened Registry Entry [minecraft:item / fossil:meat_elasmotherium] was not realized!
[07Jan2026 20:58:48.417] [main/WARN] [dev.architectury.registry.registries.forge.RegistrarManagerImpl/]: Registry entry listened Registry Entry [minecraft:item / fossil:bone_tail_ichthyosaurus] was not realized!
[07Jan2026 20:58:48.417] [main/WARN] [dev.architectury.registry.registries.forge.RegistrarManagerImpl/]: Registry entry listened Registry Entry [minecraft:item / fossil:dicranurus_dna] was not realized!
[07Jan2026 20:58:48.417] [main/WARN] [dev.architectury.registry.registries.forge.RegistrarManagerImpl/]: Registry entry listened Registry Entry [minecraft:item / fossil:cooked_liopleurodon] was not realized!
[07Jan2026 20:58:48.417] [main/WARN] [dev.architectury.registry.registries.forge.RegistrarManagerImpl/]: Registry entry listened Registry Entry [minecraft:item / fossil:meat_megalodon] was not realized!
[07Jan2026 20:58:48.417] [main/WARN] [dev.architectury.registry.registries.forge.RegistrarManagerImpl/]: Registry entry listened Registry Entry [minecraft:item / fossil:bone_unique_dodo] was not realized!
[07Jan2026 20:58:48.417] [main/WARN] [dev.architectury.registry.registries.forge.RegistrarManagerImpl/]: Registry entry listened Registry Entry [minecraft:item / fossil:bone_ribcage_spinosaurus] was not realized!
[07Jan2026 20:58:48.417] [main/WARN] [dev.architectury.registry.registries.forge.RegistrarManagerImpl/]: Registry entry listened Registry Entry [minecraft:item / fossil:egg_item_parasaurolophus] was not realized!
[07Jan2026 20:58:48.417] [main/WARN] [dev.architectury.registry.registries.forge.RegistrarManagerImpl/]: Registry entry listened Registry Entry [minecraft:item / fossil:bone_ribcage_pachyrhinosaurus] was not realized!
[07Jan2026 20:58:48.417] [main/WARN] [dev.architectury.registry.registries.forge.RegistrarManagerImpl/]: Registry entry listened Registry Entry [minecraft:item / fossil:bone_unique_confuciusornis] was not realized!
[07Jan2026 20:58:48.417] [main/WARN] [dev.architectury.registry.registries.forge.RegistrarManagerImpl/]: Registry entry listened Registry Entry [minecraft:item / fossil:bone_tail_dimorphodon] was not realized!
[07Jan2026 20:58:48.418] [main/WARN] [dev.architectury.registry.registries.forge.RegistrarManagerImpl/]: Registry entry listened Registry Entry [minecraft:item / fossil:bone_unique_ichthyosaurus] was not realized!
[07Jan2026 20:58:48.418] [main/WARN] [dev.architectury.registry.registries.forge.RegistrarManagerImpl/]: Registry entry listened Registry Entry [minecraft:item / fossil:bone_arm_pteranodon] was not realized!
[07Jan2026 20:58:48.418] [main/WARN] [dev.architectury.registry.registries.forge.RegistrarManagerImpl/]: Registry entry listened Registry Entry [minecraft:item / fossil:bone_foot_dilophosaurus] was not realized!
[07Jan2026 20:58:48.418] [main/WARN] [dev.architectury.registry.registries.forge.RegistrarManagerImpl/]: Registry entry listened Registry Entry [minecraft:item / fossil:bone_vertebrae_gallimimus] was not realized!
[07Jan2026 20:58:48.418] [main/WARN] [dev.architectury.registry.registries.forge.RegistrarManagerImpl/]: Registry entry listened Registry Entry [minecraft:item / fossil:egg_item_plesiosaurus] was not realized!
[07Jan2026 20:58:48.419] [main/WARN] [dev.architectury.registry.registries.forge.RegistrarManagerImpl/]: Registry entry listened Registry Entry [minecraft:item / fossil:egg_item_axolotl] was not realized!
[07Jan2026 20:58:48.419] [main/WARN] [dev.architectury.registry.registries.forge.RegistrarManagerImpl/]: Registry entry listened Registry Entry [minecraft:item / fossil:spawn_egg_ankylosaurus] was not realized!
[07Jan2026 20:58:48.419] [main/WARN] [dev.architectury.registry.registries.forge.RegistrarManagerImpl/]: Registry entry listened Registry Entry [minecraft:item / fossil:bone_tail_mammoth] was not realized!
[07Jan2026 20:58:48.419] [main/WARN] [dev.architectury.registry.registries.forge.RegistrarManagerImpl/]: Registry entry listened Registry Entry [minecraft:item / fossil:spawn_egg_kelenken] was not realized!
[07Jan2026 20:58:48.419] [main/WARN] [dev.architectury.registry.registries.forge.RegistrarManagerImpl/]: Registry entry listened Registry Entry [minecraft:item / fossil:bone_leg_megalania] was not realized!
[07Jan2026 20:58:48.419] [main/WARN] [dev.architectury.registry.registries.forge.RegistrarManagerImpl/]: Registry entry listened Registry Entry [minecraft:item / fossil:meat_ornitholestes] was not realized!
[07Jan2026 20:58:48.419] [main/WARN] [dev.architectury.registry.registries.forge.RegistrarManagerImpl/]: Registry entry listened Registry Entry [minecraft:item / fossil:bone_skull_compsognathus] was not realized!
[07Jan2026 20:58:48.419] [main/WARN] [dev.architectury.registry.registries.forge.RegistrarManagerImpl/]: Registry entry listened Registry Entry [minecraft:item / fossil:tropical_fish_dna] was not realized!
[07Jan2026 20:58:48.419] [main/WARN] [dev.architectury.registry.registries.forge.RegistrarManagerImpl/]: Registry entry listened Registry Entry [minecraft:item / fossil:bone_skull_tiktaalik] was not realized!
[07Jan2026 20:58:48.420] [main/WARN] [dev.architectury.registry.registries.forge.RegistrarManagerImpl/]: Registry entry listened Registry Entry [minecraft:item / fossil:cooked_dilophosaurus] was not realized!
[07Jan2026 20:58:48.420] [main/WARN] [dev.architectury.registry.registries.forge.RegistrarManagerImpl/]: Registry entry listened Registry Entry [minecraft:item / fossil:bucket_item_scotoharpes] was not realized!
[07Jan2026 20:58:48.420] [main/WARN] [dev.architectury.registry.registries.forge.RegistrarManagerImpl/]: Registry entry listened Registry Entry [minecraft:item / fossil:bone_unique_postosuchus] was not realized!
[07Jan2026 20:58:48.420] [main/WARN] [dev.architectury.registry.registries.forge.RegistrarManagerImpl/]: Registry entry listened Registry Entry [minecraft:item / fossil:bone_skull_plesiosaurus] was not realized!
[07Jan2026 20:58:48.420] [main/WARN] [dev.architectury.registry.registries.forge.RegistrarManagerImpl/]: Registry entry listened Registry Entry [minecraft:item / fossil:meat_pachycephalosaurus] was not realized!
[07Jan2026 20:58:48.420] [main/WARN] [dev.architectury.registry.registries.forge.RegistrarManagerImpl/]: Registry entry listened Registry Entry [minecraft:item / fossil:bone_leg_therizinosaurus] was not realized!
[07Jan2026 20:58:48.420] [main/WARN] [dev.architectury.registry.registries.forge.RegistrarManagerImpl/]: Registry entry listened Registry Entry [minecraft:item / fossil:rabbit_dna] was not realized!
[07Jan2026 20:58:48.420] [main/WARN] [dev.architectury.registry.registries.forge.RegistrarManagerImpl/]: Registry entry listened Registry Entry [minecraft:item / fossil:bone_tail_dryosaurus] was not realized!
[07Jan2026 20:58:48.420] [main/WARN] [dev.architectury.registry.registries.forge.RegistrarManagerImpl/]: Registry entry listened Registry Entry [minecraft:item / fossil:bone_vertebrae_allosaurus] was not realized!
[07Jan2026 20:58:48.420] [main/WARN] [dev.architectury.registry.registries.forge.RegistrarManagerImpl/]: Registry entry listened Registry Entry [minecraft:item / fossil:meat_kelenken] was not realized!
[07Jan2026 20:58:48.421] [main/WARN] [dev.architectury.registry.registries.forge.RegistrarManagerImpl/]: Registry entry listened Registry Entry [minecraft:item / fossil:bone_skull_phorusrhacos] was not realized!
[07Jan2026 20:58:48.910] [main/WARN] [dev.architectury.registry.registries.forge.RegistrarManagerImpl/]: Registry entry listened Registry Entry [minecraft:entity_type / fossil:allosaurus] was not realized!
[07Jan2026 20:58:48.910] [main/WARN] [dev.architectury.registry.registries.forge.RegistrarManagerImpl/]: Registry entry listened Registry Entry [minecraft:entity_type / fossil:elasmotherium] was not realized!
[07Jan2026 20:58:48.910] [main/WARN] [dev.architectury.registry.registries.forge.RegistrarManagerImpl/]: Registry entry listened Registry Entry [minecraft:entity_type / fossil:postosuchus] was not realized!
[07Jan2026 20:58:48.910] [main/WARN] [dev.architectury.registry.registries.forge.RegistrarManagerImpl/]: Registry entry listened Registry Entry [minecraft:entity_type / fossil:walliserops] was not realized!
[07Jan2026 20:58:48.910] [main/WARN] [dev.architectury.registry.registries.forge.RegistrarManagerImpl/]: Registry entry listened Registry Entry [minecraft:entity_type / fossil:dryosaurus] was not realized!
[07Jan2026 20:58:48.910] [main/WARN] [dev.architectury.registry.registries.forge.RegistrarManagerImpl/]: Registry entry listened Registry Entry [minecraft:entity_type / fossil:coelacanth] was not realized!
[07Jan2026 20:58:48.910] [main/WARN] [dev.architectury.registry.registries.forge.RegistrarManagerImpl/]: Registry entry listened Registry Entry [minecraft:entity_type / fossil:tiktaalik] was not realized!
[07Jan2026 20:58:48.910] [main/WARN] [dev.architectury.registry.registries.forge.RegistrarManagerImpl/]: Registry entry listened Registry Entry [minecraft:entity_type / fossil:quetzalcoatlus] was not realized!
[07Jan2026 20:58:48.910] [main/WARN] [dev.architectury.registry.registries.forge.RegistrarManagerImpl/]: Registry entry listened Registry Entry [minecraft:entity_type / fossil:parasaurolophus] was not realized!
[07Jan2026 20:58:48.910] [main/WARN] [dev.architectury.registry.registries.forge.RegistrarManagerImpl/]: Registry entry listened Registry Entry [minecraft:entity_type / fossil:liopleurodon] was not realized!
[07Jan2026 20:58:48.910] [main/WARN] [dev.architectury.registry.registries.forge.RegistrarManagerImpl/]: Registry entry listened Registry Entry [minecraft:entity_type / fossil:ankylosaurus] was not realized!
[07Jan2026 20:58:48.910] [main/WARN] [dev.architectury.registry.registries.forge.RegistrarManagerImpl/]: Registry entry listened Registry Entry [minecraft:entity_type / fossil:megalograptus] was not realized!
[07Jan2026 20:58:48.911] [main/WARN] [dev.architectury.registry.registries.forge.RegistrarManagerImpl/]: Registry entry listened Registry Entry [minecraft:entity_type / fossil:megaloceros] was not realized!
[07Jan2026 20:58:48.911] [main/WARN] [dev.architectury.registry.registries.forge.RegistrarManagerImpl/]: Registry entry listened Registry Entry [minecraft:entity_type / fossil:scotoharpes] was not realized!
[07Jan2026 20:58:48.911] [main/WARN] [dev.architectury.registry.registries.forge.RegistrarManagerImpl/]: Registry entry listened Registry Entry [minecraft:entity_type / fossil:meganeura] was not realized!
[07Jan2026 20:58:48.911] [main/WARN] [dev.architectury.registry.registries.forge.RegistrarManagerImpl/]: Registry entry listened Registry Entry [minecraft:entity_type / fossil:protoceratops] was not realized!
[07Jan2026 20:58:48.911] [main/WARN] [dev.architectury.registry.registries.forge.RegistrarManagerImpl/]: Registry entry listened Registry Entry [minecraft:entity_type / fossil:gastornis] was not realized!
[07Jan2026 20:58:48.911] [main/WARN] [dev.architectury.registry.registries.forge.RegistrarManagerImpl/]: Registry entry listened Registry Entry [minecraft:entity_type / fossil:aquilolamna] was not realized!
[07Jan2026 20:58:48.911] [main/WARN] [dev.architectury.registry.registries.forge.RegistrarManagerImpl/]: Registry entry listened Registry Entry [minecraft:entity_type / fossil:tyrannosaurus] was not realized!
[07Jan2026 20:58:48.911] [main/WARN] [dev.architectury.registry.registries.forge.RegistrarManagerImpl/]: Registry entry listened Registry Entry [minecraft:entity_type / fossil:failuresaurus] was not realized!
[07Jan2026 20:58:48.911] [main/WARN] [dev.architectury.registry.registries.forge.RegistrarManagerImpl/]: Registry entry listened Registry Entry [minecraft:entity_type / fossil:edaphosaurus] was not realized!
[07Jan2026 20:58:48.911] [main/WARN] [dev.architectury.registry.registries.forge.RegistrarManagerImpl/]: Registry entry listened Registry Entry [minecraft:entity_type / fossil:psittacosaurus] was not realized!
[07Jan2026 20:58:48.911] [main/WARN] [dev.architectury.registry.registries.forge.RegistrarManagerImpl/]: Registry entry listened Registry Entry [minecraft:entity_type / fossil:alligator_gar] was not realized!
[07Jan2026 20:58:48.911] [main/WARN] [dev.architectury.registry.registries.forge.RegistrarManagerImpl/]: Registry entry listened Registry Entry [minecraft:entity_type / fossil:titanis] was not realized!
[07Jan2026 20:58:48.911] [main/WARN] [dev.architectury.registry.registries.forge.RegistrarManagerImpl/]: Registry entry listened Registry Entry [minecraft:entity_type / fossil:brachiosaurus] was not realized!
[07Jan2026 20:58:48.911] [main/WARN] [dev.architectury.registry.registries.forge.RegistrarManagerImpl/]: Registry entry listened Registry Entry [minecraft:entity_type / fossil:ceratosaurus] was not realized!
[07Jan2026 20:58:48.911] [main/WARN] [dev.architectury.registry.registries.forge.RegistrarManagerImpl/]: Registry entry listened Registry Entry [minecraft:entity_type / fossil:pachycephalosaurus] was not realized!
[07Jan2026 20:58:48.911] [main/WARN] [dev.architectury.registry.registries.forge.RegistrarManagerImpl/]: Registry entry listened Registry Entry [minecraft:entity_type / fossil:dodo] was not realized!
[07Jan2026 20:58:48.912] [main/WARN] [dev.architectury.registry.registries.forge.RegistrarManagerImpl/]: Registry entry listened Registry Entry [minecraft:entity_type / fossil:stegosaurus] was not realized!
[07Jan2026 20:58:48.912] [main/WARN] [dev.architectury.registry.registries.forge.RegistrarManagerImpl/]: Registry entry listened Registry Entry [minecraft:entity_type / fossil:sentry_piglin] was not realized!
[07Jan2026 20:58:48.912] [main/WARN] [dev.architectury.registry.registries.forge.RegistrarManagerImpl/]: Registry entry listened Registry Entry [minecraft:entity_type / fossil:diplocaulus] was not realized!
[07Jan2026 20:58:48.912] [main/WARN] [dev.architectury.registry.registries.forge.RegistrarManagerImpl/]: Registry entry listened Registry Entry [minecraft:entity_type / fossil:kelenken] was not realized!
[07Jan2026 20:58:48.912] [main/WARN] [dev.architectury.registry.registries.forge.RegistrarManagerImpl/]: Registry entry listened Registry Entry [minecraft:entity_type / fossil:dilophosaurus] was not realized!
[07Jan2026 20:58:48.912] [main/WARN] [dev.architectury.registry.registries.forge.RegistrarManagerImpl/]: Registry entry listened Registry Entry [minecraft:entity_type / fossil:tar_slime] was not realized!
[07Jan2026 20:58:48.912] [main/WARN] [dev.architectury.registry.registries.forge.RegistrarManagerImpl/]: Registry entry listened Registry Entry [minecraft:entity_type / fossil:smilodon] was not realized!
[07Jan2026 20:58:48.912] [main/WARN] [dev.architectury.registry.registries.forge.RegistrarManagerImpl/]: Registry entry listened Registry Entry [minecraft:entity_type / fossil:citipati] was not realized!
[07Jan2026 20:58:48.912] [main/WARN] [dev.architectury.registry.registries.forge.RegistrarManagerImpl/]: Registry entry listened Registry Entry [minecraft:entity_type / fossil:deinonychus] was not realized!
[07Jan2026 20:58:48.912] [main/WARN] [dev.architectury.registry.registries.forge.RegistrarManagerImpl/]: Registry entry listened Registry Entry [minecraft:entity_type / fossil:dimorphodon] was not realized!
[07Jan2026 20:58:48.912] [main/WARN] [dev.architectury.registry.registries.forge.RegistrarManagerImpl/]: Registry entry listened Registry Entry [minecraft:entity_type / fossil:quagga] was not realized!
[07Jan2026 20:58:48.912] [main/WARN] [dev.architectury.registry.registries.forge.RegistrarManagerImpl/]: Registry entry listened Registry Entry [minecraft:entity_type / fossil:spinosaurus] was not realized!
[07Jan2026 20:58:48.912] [main/WARN] [dev.architectury.registry.registries.forge.RegistrarManagerImpl/]: Registry entry listened Registry Entry [minecraft:entity_type / fossil:gallimimus] was not realized!
[07Jan2026 20:58:48.912] [main/WARN] [dev.architectury.registry.registries.forge.RegistrarManagerImpl/]: Registry entry listened Registry Entry [minecraft:entity_type / fossil:sturgeon] was not realized!
[07Jan2026 20:58:48.912] [main/WARN] [dev.architectury.registry.registries.forge.RegistrarManagerImpl/]: Registry entry listened Registry Entry [minecraft:entity_type / fossil:lonchodomas] was not realized!
[07Jan2026 20:58:48.912] [main/WARN] [dev.architectury.registry.registries.forge.RegistrarManagerImpl/]: Registry entry listened Registry Entry [minecraft:entity_type / fossil:crassigyrinus] was not realized!
[07Jan2026 20:58:48.913] [main/WARN] [dev.architectury.registry.registries.forge.RegistrarManagerImpl/]: Registry entry listened Registry Entry [minecraft:entity_type / fossil:mosasaurus] was not realized!
[07Jan2026 20:58:48.913] [main/WARN] [dev.architectury.registry.registries.forge.RegistrarManagerImpl/]: Registry entry listened Registry Entry [minecraft:entity_type / fossil:plesiosaurus] was not realized!
[07Jan2026 20:58:48.913] [main/WARN] [dev.architectury.registry.registries.forge.RegistrarManagerImpl/]: Registry entry listened Registry Entry [minecraft:entity_type / fossil:ichthyosaurus] was not realized!
[07Jan2026 20:58:48.913] [main/WARN] [dev.architectury.registry.registries.forge.RegistrarManagerImpl/]: Registry entry listened Registry Entry [minecraft:entity_type / fossil:pteranodon] was not realized!
[07Jan2026 20:58:48.913] [main/WARN] [dev.architectury.registry.registries.forge.RegistrarManagerImpl/]: Registry entry listened Registry Entry [minecraft:entity_type / fossil:phorusrhacos] was not realized!
[07Jan2026 20:58:48.913] [main/WARN] [dev.architectury.registry.registries.forge.RegistrarManagerImpl/]: Registry entry listened Registry Entry [minecraft:entity_type / fossil:nautilus] was not realized!
[07Jan2026 20:58:48.913] [main/WARN] [dev.architectury.registry.registries.forge.RegistrarManagerImpl/]: Registry entry listened Registry Entry [minecraft:entity_type / fossil:therizinosaurus] was not realized!
[07Jan2026 20:58:48.913] [main/WARN] [dev.architectury.registry.registries.forge.RegistrarManagerImpl/]: Registry entry listened Registry Entry [minecraft:entity_type / fossil:henodus] was not realized!
[07Jan2026 20:58:48.913] [main/WARN] [dev.architectury.registry.registries.forge.RegistrarManagerImpl/]: Registry entry listened Registry Entry [minecraft:entity_type / fossil:arthropleura] was not realized!
[07Jan2026 20:58:48.913] [main/WARN] [dev.architectury.registry.registries.forge.RegistrarManagerImpl/]: Registry entry listened Registry Entry [minecraft:entity_type / fossil:velociraptor] was not realized!
[07Jan2026 20:58:48.913] [main/WARN] [dev.architectury.registry.registries.forge.RegistrarManagerImpl/]: Registry entry listened Registry Entry [minecraft:entity_type / fossil:platybelodon] was not realized!
[07Jan2026 20:58:48.913] [main/WARN] [dev.architectury.registry.registries.forge.RegistrarManagerImpl/]: Registry entry listened Registry Entry [minecraft:entity_type / fossil:triceratops] was not realized!
[07Jan2026 20:58:48.914] [main/WARN] [dev.architectury.registry.registries.forge.RegistrarManagerImpl/]: Registry entry listened Registry Entry [minecraft:entity_type / fossil:megalodon] was not realized!
[07Jan2026 20:58:48.914] [main/WARN] [dev.architectury.registry.registries.forge.RegistrarManagerImpl/]: Registry entry listened Registry Entry [minecraft:entity_type / fossil:ornitholestes] was not realized!
[07Jan2026 20:58:48.914] [main/WARN] [dev.architectury.registry.registries.forge.RegistrarManagerImpl/]: Registry entry listened Registry Entry [minecraft:entity_type / fossil:megalania] was not realized!
[07Jan2026 20:58:48.914] [main/WARN] [dev.architectury.registry.registries.forge.RegistrarManagerImpl/]: Registry entry listened Registry Entry [minecraft:entity_type / fossil:dimetrodon] was not realized!
[07Jan2026 20:58:48.914] [main/WARN] [dev.architectury.registry.registries.forge.RegistrarManagerImpl/]: Registry entry listened Registry Entry [minecraft:entity_type / fossil:pachyrhinosaurus] was not realized!
[07Jan2026 20:58:48.914] [main/WARN] [dev.architectury.registry.registries.forge.RegistrarManagerImpl/]: Registry entry listened Registry Entry [minecraft:entity_type / fossil:sarcosuchus] was not realized!
[07Jan2026 20:58:48.914] [main/WARN] [dev.architectury.registry.registries.forge.RegistrarManagerImpl/]: Registry entry listened Registry Entry [minecraft:entity_type / fossil:mammoth] was not realized!
[07Jan2026 20:58:48.914] [main/WARN] [dev.architectury.registry.registries.forge.RegistrarManagerImpl/]: Registry entry listened Registry Entry [minecraft:entity_type / fossil:confuciusornis] was not realized!
[07Jan2026 20:58:48.914] [main/WARN] [dev.architectury.registry.registries.forge.RegistrarManagerImpl/]: Registry entry listened Registry Entry [minecraft:entity_type / fossil:dicranurus] was not realized!
[07Jan2026 20:58:48.914] [main/WARN] [dev.architectury.registry.registries.forge.RegistrarManagerImpl/]: Registry entry listened Registry Entry [minecraft:entity_type / fossil:diplodocus] was not realized!
[07Jan2026 20:58:48.914] [main/WARN] [dev.architectury.registry.registries.forge.RegistrarManagerImpl/]: Registry entry listened Registry Entry [minecraft:entity_type / fossil:anu_boss] was not realized!
[07Jan2026 20:58:48.914] [main/WARN] [dev.architectury.registry.registries.forge.RegistrarManagerImpl/]: Registry entry listened Registry Entry [minecraft:entity_type / fossil:compsognathus] was not realized!
[07Jan2026 20:58:49.052] [main/INFO] [ModernFix/]: Bypassed Mojang DFU
[07Jan2026 20:58:49.052] [main/INFO] [ModernFix/]: Instantiating Mojang DFU
[07Jan2026 20:58:50.268] [main/WARN] [net.minecraft.network.syncher.SynchedEntityData/]: defineId called for: class net.mcreator.borninchaosv.entity.BabySpiderEntity from class net.mcreator.borninchaosv.entity.MotherSpiderEntity
[07Jan2026 20:58:50.752] [modloading-worker-0/INFO] [com.becks.uniquedungeons.UniqueDungeons/]: HELLO FROM COMMON SETUP
[07Jan2026 20:58:50.753] [modloading-worker-0/INFO] [com.becks.uniquedungeons.UniqueDungeons/]: DIRT BLOCK >> minecraft:dirt
[07Jan2026 20:58:50.780] [Forge Version Check/INFO] [net.minecraftforge.fml.VersionChecker/]: [reap] Starting version check at https://maxhenkel.de/update/reap.json
[07Jan2026 20:58:51.246] [main/INFO] [com.tiviacz.travelersbackpack.TravelersBackpack/]: Registered the FluidEffect with Unique ID of minecraft:water for Water (Fluid Amount Required: 1000) with the ID 0
[07Jan2026 20:58:51.246] [main/INFO] [com.tiviacz.travelersbackpack.TravelersBackpack/]: Registered the FluidEffect with Unique ID of minecraft:lava for Lava (Fluid Amount Required: 1000) with the ID 1
[07Jan2026 20:58:51.247] [main/INFO] [com.tiviacz.travelersbackpack.TravelersBackpack/]: Registered the FluidEffect with Unique ID of travelersbackpack:potion for Uncraftable Potion (Fluid Amount Required: 250) with the ID 2
[07Jan2026 20:58:51.247] [main/INFO] [com.tiviacz.travelersbackpack.TravelersBackpack/]: Registered the FluidEffect with Unique ID of minecraft:milk for Milk (Fluid Amount Required: 1000) with the ID 3
[07Jan2026 20:58:51.295] [main/INFO] [terrablender/]: Registered region minecraft:overworld to index 0 for type OVERWORLD
[07Jan2026 20:58:51.295] [main/INFO] [terrablender/]: Registered region minecraft:nether to index 0 for type NETHER
[07Jan2026 20:58:51.295] [main/INFO] [terrablender/]: Registered region fossil:overworld to index 1 for type OVERWORLD
[07Jan2026 20:58:51.378] [modloading-worker-0/INFO] [xaero.map.server.WorldMapServer/]: Loading Xaero's World Map - Stage 1/2 (Server)
[07Jan2026 20:58:51.380] [modloading-worker-0/INFO] [xaero.minimap.XaeroMinimap/]: Loading Xaero's Minimap - Stage 1/2 (Server)
[07Jan2026 20:58:51.404] [main/INFO] [xaero.map.server.WorldMapServer/]: Loading Xaero's World Map - Stage 2/2 (Server)
[07Jan2026 20:58:51.404] [main/INFO] [xaero.minimap.XaeroMinimap/]: Loading Xaero's Minimap - Stage 2/2 (Server)
[07Jan2026 20:58:51.728] [modloading-worker-0/INFO] [Jade/]: Start loading plugin at ht.treechop.compat.Jade
[07Jan2026 20:58:51.734] [modloading-worker-0/INFO] [Jade/]: Start loading plugin at net.blay09.mods.waystones.compat.JadeIntegration
[07Jan2026 20:58:51.734] [modloading-worker-0/INFO] [Jade/]: Start loading plugin at net.blay09.mods.balm.forge.compat.hudinfo.ForgeJadeModCompat
[07Jan2026 20:58:51.735] [modloading-worker-0/INFO] [Jade/]: Start loading plugin at twilightforest.compat.jade.JadeCompat
[07Jan2026 20:58:51.735] [modloading-worker-0/INFO] [Jade/]: Start loading plugin at snownee.jade.addon.vanilla.VanillaPlugin
[07Jan2026 20:58:51.745] [modloading-worker-0/INFO] [Jade/]: Start loading plugin at snownee.jade.addon.universal.UniversalPlugin
[07Jan2026 20:58:51.749] [modloading-worker-0/INFO] [Jade/]: Start loading plugin at snownee.jade.addon.core.CorePlugin
[07Jan2026 20:58:51.750] [modloading-worker-0/INFO] [Jade/]: Start loading plugin at net.geforcemods.securitycraft.compat.hudmods.JadeDataProvider
[07Jan2026 20:58:51.751] [modloading-worker-0/INFO] [Jade/]: Start loading plugin at ovh.corail.tombstone.compatibility.IntegrationJade
[07Jan2026 20:58:51.752] [modloading-worker-0/INFO] [Jade/]: Start loading plugin at com.github.teamfossilsarcheology.fossil.forge.compat.jade.FossilJadePluginForge
[07Jan2026 20:58:51.784] [main/INFO] [citadel/]: adding citadel surface rules via terrablender...
[07Jan2026 20:58:51.786] [main/INFO] [citadel/]: Added 0 vanilla biome surface rule types via terrablender
[07Jan2026 20:58:51.786] [main/INFO] [citadel/]: Added 0 modded biome surface rule types via terrablender
[07Jan2026 20:58:51.907] [Forge Version Check/INFO] [net.minecraftforge.fml.VersionChecker/]: [reap] Found status: UP_TO_DATE Current: 1.20.1-1.0.2 Target: null
[07Jan2026 20:58:51.908] [Forge Version Check/INFO] [net.minecraftforge.fml.VersionChecker/]: [clumps] Starting version check at https://updates.blamejared.com/get?n=clumps&gv=1.20.1
[07Jan2026 20:58:52.251] [Forge Version Check/INFO] [net.minecraftforge.fml.VersionChecker/]: [clumps] Found status: BETA Current: 12.0.0.4 Target: 12.0.0.4
[07Jan2026 20:58:52.252] [Forge Version Check/INFO] [net.minecraftforge.fml.VersionChecker/]: [travelersbackpack] Starting version check at https://gist.githubusercontent.com/Tiviacz1337/906937677aa472285dff9d6c2a189d5e/raw
[07Jan2026 20:58:52.294] [Forge Version Check/INFO] [net.minecraftforge.fml.VersionChecker/]: [travelersbackpack] Found status: AHEAD Current: 9.1.46 Target: null
[07Jan2026 20:58:52.294] [Forge Version Check/INFO] [net.minecraftforge.fml.VersionChecker/]: [pickupnotifier] Starting version check at https://raw.githubusercontent.com/Fuzss/modresources/main/update/pickupnotifier.json
[07Jan2026 20:58:52.323] [Forge Version Check/INFO] [net.minecraftforge.fml.VersionChecker/]: [pickupnotifier] Found status: UP_TO_DATE Current: 8.0.0 Target: null
[07Jan2026 20:58:52.323] [Forge Version Check/INFO] [net.minecraftforge.fml.VersionChecker/]: [crafttweaker] Starting version check at https://updates.blamejared.com/get?n=crafttweaker&gv=1.20.1
[07Jan2026 20:58:52.423] [Forge Version Check/INFO] [net.minecraftforge.fml.VersionChecker/]: [crafttweaker] Found status: BETA Current: 14.0.59 Target: 14.0.59
[07Jan2026 20:58:52.423] [Forge Version Check/INFO] [net.minecraftforge.fml.VersionChecker/]: [puzzlesaccessapi] Starting version check at https://raw.githubusercontent.com/Fuzss/modresources/main/update/puzzlesaccessapi.json
[07Jan2026 20:58:52.433] [Forge Version Check/INFO] [net.minecraftforge.fml.VersionChecker/]: [puzzlesaccessapi] Found status: BETA Current: 20.1.1 Target: null
[07Jan2026 20:58:52.433] [Forge Version Check/INFO] [net.minecraftforge.fml.VersionChecker/]: [forge] Starting version check at https://files.minecraftforge.net/net/minecraftforge/forge/promotions_slim.json
[07Jan2026 20:58:52.510] [main/INFO] [com.mojang.authlib.yggdrasil.YggdrasilAuthenticationService/]: Environment: authHost='https://authserver.mojang.com', accountsHost='https://api.mojang.com', sessionHost='https://sessionserver.mojang.com', servicesHost='https://api.minecraftservices.com', name='PROD'
[07Jan2026 20:58:52.629] [Forge Version Check/INFO] [net.minecraftforge.fml.VersionChecker/]: [forge] Found status: OUTDATED Current: 47.3.7 Target: 47.4.10
[07Jan2026 20:58:52.629] [Forge Version Check/INFO] [net.minecraftforge.fml.VersionChecker/]: [twilightforest] Starting version check at https://gh.tamaized.com/TeamTwilight/twilightforest/update.json
[07Jan2026 20:58:52.727] [Forge Version Check/INFO] [net.minecraftforge.fml.VersionChecker/]: [twilightforest] Found status: AHEAD Current: 4.3.2508 Target: null
[07Jan2026 20:58:52.727] [Forge Version Check/INFO] [net.minecraftforge.fml.VersionChecker/]: [securitycraft] Starting version check at https://www.github.com/Geforce132/SecurityCraft/raw/master/Updates/Forge.json
[07Jan2026 20:58:52.820] [Forge Version Check/INFO] [net.minecraftforge.fml.VersionChecker/]: [securitycraft] Found status: UP_TO_DATE Current: 1.10.1 Target: null
[07Jan2026 20:58:52.820] [Forge Version Check/INFO] [net.minecraftforge.fml.VersionChecker/]: [tombstone] Starting version check at https://raw.githubusercontent.com/Corail31/tombstone_lite/master/update.json
[07Jan2026 20:58:52.830] [Forge Version Check/INFO] [net.minecraftforge.fml.VersionChecker/]: [tombstone] Found status: UP_TO_DATE Current: 9.0.9 Target: null
[07Jan2026 20:58:52.830] [Forge Version Check/INFO] [net.minecraftforge.fml.VersionChecker/]: [puzzleslib] Starting version check at https://raw.githubusercontent.com/Fuzss/modresources/main/update/puzzleslib.json
[07Jan2026 20:58:52.842] [Forge Version Check/INFO] [net.minecraftforge.fml.VersionChecker/]: [puzzleslib] Found status: UP_TO_DATE Current: 8.1.33 Target: null
[07Jan2026 20:58:52.843] [Forge Version Check/INFO] [net.minecraftforge.fml.VersionChecker/]: [moblassos] Starting version check at https://raw.githubusercontent.com/Fuzss/modresources/main/update/moblassos.json
[07Jan2026 20:58:52.854] [Forge Version Check/INFO] [net.minecraftforge.fml.VersionChecker/]: [moblassos] Found status: UP_TO_DATE Current: 8.0.1 Target: null
[07Jan2026 20:58:52.999] [main/WARN] [net.minecraft.server.packs.VanillaPackResourcesBuilder/]: Assets URL 'union:/workspaces/Servy/servidor_minecraft/libraries/net/minecraft/server/1.20.1-20230612.114412/server-1.20.1-20230612.114412-srg.jar%23199!/assets/.mcassetsroot' uses unexpected schema
[07Jan2026 20:58:52.999] [main/WARN] [net.minecraft.server.packs.VanillaPackResourcesBuilder/]: Assets URL 'union:/workspaces/Servy/servidor_minecraft/libraries/net/minecraft/server/1.20.1-20230612.114412/server-1.20.1-20230612.114412-srg.jar%23199!/data/.mcassetsroot' uses unexpected schema
[07Jan2026 20:58:55.513] [main/INFO] [com.github.alexthe666.alexsmobs.AlexsMobs/]: Adding datapack listener capsid_recipes
[07Jan2026 20:58:55.601] [Worker-Main-3/WARN] [artifacts.Artifacts/]: Tag entries for curios:tags/items/magic_book.json cleared by tombstone-1.20.1-9.0.9.jar
[07Jan2026 20:58:56.093] [Worker-Main-2/INFO] [Mantle/]: Loaded 20 loot table injectors injecting into 18 tables in 10.732898 ms
[07Jan2026 20:58:56.486] [main/WARN] [net.minecraft.world.level.storage.loot.LootDataManager/]: Found loot table element validation problem in {loot_tables:alexsmobs:gameplay/seal_reward}.pools[0].entries[0]->{minecraft:gameplay/fishing/junk}.pools[1].condition[1]: Parameters [<parameter minecraft:origin>] are not provided in this context
[07Jan2026 20:58:56.542] [main/INFO] [net.minecraft.world.item.crafting.RecipeManager/]: Skipping loading recipe twilightforest:jeed/frosted as it's serializer returned null
[07Jan2026 20:58:56.549] [main/INFO] [net.minecraft.world.item.crafting.RecipeManager/]: Skipping loading recipe twilightforest:jeed/hunger as it's serializer returned null
[07Jan2026 20:58:56.563] [main/INFO] [net.minecraft.world.item.crafting.RecipeManager/]: Skipping loading recipe tconstruct:smeltery/alloys/molten_pewter as it's serializer returned null
[07Jan2026 20:58:56.591] [main/INFO] [net.minecraft.world.item.crafting.RecipeManager/]: Skipping loading recipe twilightforest:jeed/blindness as it's serializer returned null
[07Jan2026 20:58:56.604] [main/INFO] [net.minecraft.world.item.crafting.RecipeManager/]: Skipping loading recipe twilightforest:jeed/poison as it's serializer returned null
[07Jan2026 20:58:56.637] [main/INFO] [net.minecraft.world.item.crafting.RecipeManager/]: Skipping loading recipe twilightforest:jeed/resistance as it's serializer returned null
[07Jan2026 20:58:56.660] [main/INFO] [net.minecraft.world.item.crafting.RecipeManager/]: Skipping loading recipe twilightforest:jeed/regeneration as it's serializer returned null
[07Jan2026 20:58:56.661] [main/INFO] [net.minecraft.world.item.crafting.RecipeManager/]: Skipping loading recipe twilightforest:jeed/slowness as it's serializer returned null
[07Jan2026 20:58:56.664] [main/INFO] [net.minecraft.world.item.crafting.RecipeManager/]: Skipping loading recipe twilightforest:jeed/fire_resistance as it's serializer returned null
[07Jan2026 20:58:56.668] [main/INFO] [net.minecraft.world.item.crafting.RecipeManager/]: Loaded 29 recipes
[07Jan2026 20:58:56.832] [main/INFO] [net.minecraft.advancements.AdvancementList/]: Loaded 3765 advancements
[07Jan2026 20:58:56.850] [main/INFO] [twilightforest/]: Loaded 9 Stalactite configs!
[07Jan2026 20:58:56.856] [main/INFO] [slimeknights.tconstruct.library.materials.definition.MaterialManager/]: Loaded 55 materials in 5.275549 ms
[07Jan2026 20:58:56.859] [main/INFO] [slimeknights.tconstruct.library.materials.definition.MaterialManager/]: Loaded 9 material tags for 39 materials in 3.000011 ms
[07Jan2026 20:58:56.868] [main/INFO] [slimeknights.tconstruct.library.materials.stats.MaterialStatsManager/]: 412 stats loaded for 69 materials in 9.199763 ms
[07Jan2026 20:58:56.877] [main/INFO] [slimeknights.tconstruct.library.materials.traits.MaterialTraitsManager/]: 229 traits loaded for 69 materials in 9.047542 ms
[07Jan2026 20:58:56.934] [main/INFO] [slimeknights.tconstruct.library.modifiers.ModifierManager/]: Loaded 154 dynamic modifiers and 4 modifier redirects in 56.361958 ms
[07Jan2026 20:58:56.938] [main/INFO] [slimeknights.tconstruct.library.modifiers.ModifierManager/]: Loaded 42 modifier tags for 141 modifiers in 4.16204 ms
[07Jan2026 20:58:56.939] [main/INFO] [slimeknights.tconstruct.library.modifiers.ModifierManager/]: Loaded 50 enchantment to modifier mappings in 0.611231 ms
[07Jan2026 20:58:56.942] [main/INFO] [tconstruct/]: Loaded 43 spilling fluids in 2.619591 ms
[07Jan2026 20:58:56.945] [main/INFO] [top.theillusivec4.curios.Curios/]: Loaded 13 curio slots
[07Jan2026 20:58:56.948] [main/INFO] [top.theillusivec4.curios.Curios/]: Loaded 11 curio entities
[07Jan2026 20:58:56.949] [main/INFO] [slimeknights.mantle.fluid.transfer.FluidContainerTransferManager/]: Loaded 25 dynamic modifiers in 1.139227 ms
[07Jan2026 20:58:56.952] [main/INFO] [Fossils Archeology/]: Loaded 733 server animations for 66 entities
[07Jan2026 20:58:56.968] [main/INFO] [Fossils Archeology/]: Loaded 1056 animation category entries for 66 entities
[07Jan2026 20:58:56.971] [main/INFO] [Fossils Archeology/]: Loaded data for 59 entities
[07Jan2026 20:58:56.973] [main/INFO] [Fossils Archeology/]: Loaded food values: (items: 51) (entities: 39, 39) (Tags: 8, 0)
[07Jan2026 20:58:56.980] [main/INFO] [Fossils Archeology/]: Loaded 12 variants
[07Jan2026 20:58:56.992] [main/INFO] [slimeknights.tconstruct.library.tools.definition.ToolDefinitionLoader/]: Loaded 38 tool definitions in 12.415791 ms
[07Jan2026 20:58:56.998] [main/INFO] [slimeknights.tconstruct.library.tools.layout.StationSlotLayoutLoader/]: Loaded 19 station slot layouts in 4.981854 ms
[07Jan2026 20:58:57.592] [main/WARN] [ModernFix/]: Initial datapack load took 4.558 s
[07Jan2026 20:58:58.071] [Server thread/INFO] [net.minecraft.server.dedicated.DedicatedServer/]: Starting minecraft server version 1.20.1
[07Jan2026 20:58:58.071] [Server thread/INFO] [net.minecraft.server.dedicated.DedicatedServer/]: Loading properties
[07Jan2026 20:58:58.071] [Server thread/INFO] [net.minecraft.server.dedicated.DedicatedServer/]: Default game type: SURVIVAL
[07Jan2026 20:58:58.071] [Server thread/INFO] [net.minecraft.server.MinecraftServer/]: Generating keypair
[07Jan2026 20:58:58.129] [Server thread/INFO] [net.minecraft.server.dedicated.DedicatedServer/]: Starting Minecraft server on *:25565
[07Jan2026 20:58:58.164] [Server thread/INFO] [net.minecraft.server.network.ServerConnectionListener/]: Using epoll channel type
[07Jan2026 20:58:58.267] [Server thread/WARN] [net.minecraft.server.dedicated.DedicatedServer/]: **** SERVER IS RUNNING IN OFFLINE/INSECURE MODE!
[07Jan2026 20:58:58.267] [Server thread/WARN] [net.minecraft.server.dedicated.DedicatedServer/]: The server will make no attempt to authenticate usernames. Beware.
[07Jan2026 20:58:58.267] [Server thread/WARN] [net.minecraft.server.dedicated.DedicatedServer/]: While this makes the game possible to play without internet access, it also opens up the ability for hackers to connect with any username they choose.
[07Jan2026 20:58:58.268] [Server thread/WARN] [net.minecraft.server.dedicated.DedicatedServer/]: To change this, set "online-mode" to "true" in the server.properties file.
[07Jan2026 20:58:58.295] [Server thread/INFO] [Puzzles Lib/]: Loading server config for pickupnotifier
[07Jan2026 20:58:58.305] [Server thread/INFO] [Puzzles Lib/]: Loading server config for moblassos
[07Jan2026 20:58:58.492] [Server thread/INFO] [spark/]: Starting background profiler...
[07Jan2026 20:58:58.542] [Thread-0/INFO] [ModernFix/]: Please use /mfsrc to reload any changed mod config files
[07Jan2026 20:58:58.920] [Server thread/INFO] [terrablender/]: Initialized TerraBlender biomes for level stem minecraft:the_nether
[07Jan2026 20:58:59.138] [Server thread/INFO] [terrablender/]: Initialized TerraBlender biomes for level stem minecraft:overworld
[07Jan2026 20:58:59.138] [Server thread/INFO] [net.minecraft.server.dedicated.DedicatedServer/]: Preparing level "world"
[07Jan2026 20:59:00.005] [Server thread/INFO] [net.minecraft.server.MinecraftServer/]: Preparing start region for dimension minecraft:overworld
[07Jan2026 20:59:01.745] [Server thread/INFO] [net.minecraft.server.level.progress.LoggerChunkProgressListener/]: Preparing spawn area: 0%
[07Jan2026 20:59:01.746] [Server thread/INFO] [net.minecraft.server.level.progress.LoggerChunkProgressListener/]: Preparing spawn area: 0%
[07Jan2026 20:59:01.746] [Server thread/INFO] [net.minecraft.server.level.progress.LoggerChunkProgressListener/]: Preparing spawn area: 0%
[07Jan2026 20:59:01.746] [Server thread/INFO] [net.minecraft.server.level.progress.LoggerChunkProgressListener/]: Preparing spawn area: 0%
[07Jan2026 20:59:02.006] [Worker-Main-2/INFO] [net.minecraft.server.level.progress.LoggerChunkProgressListener/]: Preparing spawn area: 0%
[07Jan2026 20:59:02.505] [Server thread/INFO] [net.minecraft.server.level.progress.LoggerChunkProgressListener/]: Time elapsed: 2500 ms
[07Jan2026 20:59:02.505] [Server thread/INFO] [net.minecraft.server.dedicated.DedicatedServer/]: Done (4.226s)! For help, type "help"
[07Jan2026 20:59:02.574] [Server thread/INFO] [net.minecraftforge.server.permission.PermissionAPI/]: Successfully initialized permission handler forge:default_handler
[07Jan2026 20:59:02.577] [Server thread/INFO] [com.becks.uniquedungeons.UniqueDungeons/]: HELLO from server starting
[07Jan2026 20:59:02.614] [Server thread/INFO] [Observable/]: Registered thread Server thread
[07Jan2026 20:59:02.616] [Server thread/WARN] [ModernFix/]: Dedicated server took 35.003 seconds to load
[07Jan2026 20:59:49.612] [Server thread/INFO] [net.minecraft.server.players.PlayerList/]: AlbertoFdez[/127.139.175.70:44361] logged in with entity id 1103 at (-460.385791230307, -37.0, -8.699999988079071)
[07Jan2026 20:59:49.729] [Server thread/INFO] [net.minecraft.server.MinecraftServer/]: AlbertoFdez joined the game
[07Jan2026 20:59:49.803] [Server thread/INFO] [Jade/]: Syncing config to AlbertoFdez (a8946ccc-c2e8-3f15-b66c-525c8149dd30)
[07Jan2026 21:01:05.312] [Server thread/INFO] [net.minecraft.server.players.PlayerList/]: UnderErre[/127.183.202.213:40815] logged in with entity id 1367 at (43.77163538210594, 64.0, -142.9821533240617)
[07Jan2026 21:01:05.338] [Server thread/INFO] [net.minecraft.server.MinecraftServer/]: UnderErre joined the game
[07Jan2026 21:01:05.383] [Server thread/INFO] [Jade/]: Syncing config to UnderErre (8613e5a6-868e-34e8-865a-4c8c12e51f78)
[07Jan2026 21:04:32.547] [Server thread/WARN] [net.minecraft.server.level.ServerPlayerGameMode/]: Mismatch in destroy block pos: BlockPos{x=-463, y=-45, z=44} BlockPos{x=-463, y=-46, z=45}
[07Jan2026 21:04:32.593] [Server thread/WARN] [net.minecraft.server.level.ServerPlayerGameMode/]: Mismatch in destroy block pos: BlockPos{x=-462, y=-45, z=44} BlockPos{x=-463, y=-46, z=45}
[07Jan2026 21:06:21.251] [Server thread/WARN] [net.minecraft.server.level.ServerPlayerGameMode/]: Mismatch in destroy block pos: BlockPos{x=-444, y=-50, z=45} BlockPos{x=-444, y=-51, z=46}
[07Jan2026 21:06:21.439] [Server thread/WARN] [net.minecraft.server.level.ServerPlayerGameMode/]: Mismatch in destroy block pos: BlockPos{x=-444, y=-50, z=46} BlockPos{x=-443, y=-50, z=45}
[07Jan2026 21:07:57.314] [Server thread/INFO] [net.minecraft.server.players.PlayerList/]: caslu[/127.73.223.127:41491] logged in with entity id 4359 at (-91.95792903078737, 64.0, -336.30000001192093)
[07Jan2026 21:07:57.344] [Server thread/INFO] [net.minecraft.server.MinecraftServer/]: caslu joined the game
[07Jan2026 21:07:57.396] [Server thread/INFO] [Jade/]: Syncing config to caslu (d68c8e9e-394d-37c6-9710-a218d4ba9113)
[07Jan2026 21:11:42.513] [Server thread/INFO] [net.minecraft.server.MinecraftServer/]: UnderErre has made the advancement [Black or White]
[07Jan2026 21:12:08.967] [Server thread/INFO] [net.minecraft.server.MinecraftServer/]: UnderErre has reached the goal [A Small Cemetery]
[07Jan2026 21:13:17.895] [Server thread/WARN] [tombstone/]: The death event of the player UnderErre was canceled by another mod
[07Jan2026 21:13:17.910] [Server thread/INFO] [tombstone/]: The player UnderErre has successfully been saved
[07Jan2026 21:14:17.845] [Server thread/INFO] [net.minecraft.server.MinecraftServer/]: UnderErre was slain by Nightmare Stalker
[07Jan2026 21:34:22.643] [Server thread/WARN] [net.minecraft.server.level.ServerPlayerGameMode/]: Mismatch in destroy block pos: BlockPos{x=-486, y=-26, z=3} BlockPos{x=-485, y=-27, z=3}
[07Jan2026 21:34:48.194] [Server thread/WARN] [net.minecraft.server.level.ServerPlayerGameMode/]: Mismatch in destroy block pos: BlockPos{x=-487, y=-32, z=2} BlockPos{x=-486, y=-33, z=2}
[07Jan2026 21:35:32.648] [Server thread/WARN] [net.minecraft.server.level.ServerPlayerGameMode/]: Mismatch in destroy block pos: BlockPos{x=-489, y=-46, z=24} BlockPos{x=-489, y=-46, z=25}
[07Jan2026 21:35:54.344] [Server thread/WARN] [net.minecraft.server.level.ServerPlayerGameMode/]: Mismatch in destroy block pos: BlockPos{x=-486, y=-38, z=10} BlockPos{x=-486, y=-39, z=9}
[07Jan2026 21:35:54.393] [Server thread/WARN] [net.minecraft.server.level.ServerPlayerGameMode/]: Mismatch in destroy block pos: BlockPos{x=-486, y=-38, z=10} BlockPos{x=-486, y=-39, z=9}
[07Jan2026 21:35:54.444] [Server thread/WARN] [net.minecraft.server.level.ServerPlayerGameMode/]: Mismatch in destroy block pos: BlockPos{x=-486, y=-38, z=10} BlockPos{x=-486, y=-39, z=9}
[07Jan2026 21:35:54.498] [Server thread/WARN] [net.minecraft.server.level.ServerPlayerGameMode/]: Mismatch in destroy block pos: BlockPos{x=-486, y=-38, z=10} BlockPos{x=-486, y=-39, z=9}
[07Jan2026 21:36:05.294] [Server thread/WARN] [net.minecraft.server.level.ServerPlayerGameMode/]: Mismatch in destroy block pos: BlockPos{x=-483, y=-33, z=1} BlockPos{x=-483, y=-31, z=1}
[07Jan2026 21:36:08.142] [Server thread/WARN] [net.minecraft.server.level.ServerPlayerGameMode/]: Mismatch in destroy block pos: BlockPos{x=-483, y=-29, z=2} BlockPos{x=-483, y=-31, z=1}
[07Jan2026 21:36:08.200] [Server thread/WARN] [net.minecraft.server.level.ServerPlayerGameMode/]: Mismatch in destroy block pos: BlockPos{x=-483, y=-28, z=2} BlockPos{x=-483, y=-31, z=1}
[07Jan2026 21:36:58.693] [Server thread/WARN] [net.minecraft.server.level.ServerPlayerGameMode/]: Mismatch in destroy block pos: BlockPos{x=-489, y=-35, z=11} BlockPos{x=-483, y=-39, z=21}
[07Jan2026 21:36:58.743] [Server thread/WARN] [net.minecraft.server.level.ServerPlayerGameMode/]: Mismatch in destroy block pos: BlockPos{x=-489, y=-35, z=11} BlockPos{x=-483, y=-39, z=21}
[07Jan2026 21:39:41.901] [Server thread/INFO] [net.minecraft.server.MinecraftServer/]: AlbertoFdez has reached the goal [Big Boy]
[07Jan2026 21:42:27.452] [Server thread/WARN] [net.minecraft.server.network.ServerGamePacketListenerImpl/]: AlbertoFdez moved too quickly! -10.251393052261392,0.0,0.5831581467145739
[07Jan2026 21:46:53.455] [Server thread/WARN] [net.minecraft.server.network.ServerGamePacketListenerImpl/]: AlbertoFdez moved too quickly! 1.083623164792698,1.7900610521165774,10.060558468884004
[07Jan2026 21:49:18.742] [Server thread/WARN] [net.minecraft.server.level.ServerPlayerGameMode/]: Mismatch in destroy block pos: BlockPos{x=-555, y=-35, z=-56} BlockPos{x=-556, y=-36, z=-58}
[07Jan2026 21:49:37.042] [Server thread/WARN] [net.minecraft.server.level.ServerPlayerGameMode/]: Mismatch in destroy block pos: BlockPos{x=-554, y=-41, z=-62} BlockPos{x=-554, y=-42, z=-63}
[07Jan2026 21:51:47.453] [Server thread/WARN] [net.minecraft.server.level.ServerPlayerGameMode/]: Mismatch in destroy block pos: BlockPos{x=-530, y=-29, z=-76} BlockPos{x=-531, y=-26, z=-75}
[07Jan2026 21:51:47.500] [Server thread/WARN] [net.minecraft.server.level.ServerPlayerGameMode/]: Mismatch in destroy block pos: BlockPos{x=-531, y=-29, z=-76} BlockPos{x=-531, y=-26, z=-75}
[07Jan2026 21:51:47.552] [Server thread/WARN] [net.minecraft.server.level.ServerPlayerGameMode/]: Mismatch in destroy block pos: BlockPos{x=-531, y=-28, z=-76} BlockPos{x=-531, y=-26, z=-75}
[07Jan2026 21:51:47.645] [Server thread/WARN] [net.minecraft.server.level.ServerPlayerGameMode/]: Mismatch in destroy block pos: BlockPos{x=-532, y=-29, z=-76} BlockPos{x=-531, y=-26, z=-75}
[07Jan2026 21:53:39.651] [Server thread/WARN] [net.minecraft.server.level.ServerPlayerGameMode/]: Mismatch in destroy block pos: BlockPos{x=-516, y=-35, z=-41} BlockPos{x=-516, y=-35, z=-39}
[07Jan2026 21:54:00.294] [Server thread/WARN] [net.minecraft.server.level.ServerPlayerGameMode/]: Mismatch in destroy block pos: BlockPos{x=-513, y=-43, z=-43} BlockPos{x=-513, y=-44, z=-43}
[07Jan2026 22:04:13.510] [Server thread/INFO] [net.minecraft.server.players.PlayerList/]: Elviolaso[/127.34.186.132:58473] logged in with entity id 31898 at (145.1127158933977, 117.0, -337.92042195795636)
[07Jan2026 22:04:13.529] [Server thread/INFO] [net.minecraft.server.MinecraftServer/]: Elviolaso joined the game
[07Jan2026 22:04:13.556] [Server thread/INFO] [Jade/]: Syncing config to Elviolaso (e8ddc511-80e7-36f7-8708-d52b5c8ccd49)
[07Jan2026 22:04:37.252] [Server thread/INFO] [net.minecraft.server.MinecraftServer/]: AlbertoFdez has made the advancement [Flexible Schedule]
[07Jan2026 22:05:18.899] [Server thread/WARN] [net.minecraft.server.network.ServerGamePacketListenerImpl/]: Boat (vehicle of UnderErre) moved wrongly! 0.2847367821384523
[07Jan2026 22:05:18.959] [Server thread/WARN] [net.minecraft.server.network.ServerGamePacketListenerImpl/]: Boat (vehicle of UnderErre) moved wrongly! 0.4061245632999544
[07Jan2026 22:05:19.004] [Server thread/WARN] [net.minecraft.server.network.ServerGamePacketListenerImpl/]: Boat (vehicle of UnderErre) moved wrongly! 0.42452082527256607
